Unix Timestamp,Datetime,Date,Time,Transaction_ID,Television,Dryer,Oven,Refrigerator,Microwave,Line Voltage,Voltage,Apparent Power,Energy Consumption (kWh),Month,Day of the Week,Hour of the Day,Offloading Decision,Is Anomaly
1704056400,2024-01-01 00:00:00,2024-01-01,00:00:00,1,0,0,0,1,0,230.0,230.1,150.0,0.1,January,Monday,0,Local,0
1704057300,2024-01-01 00:15:00,2024-01-01,00:15:00,2,0,0,0,1,0,226.1,226.4,150.0,0.1,January,Monday,0,Local,0
1704058200,2024-01-01 00:30:00,2024-01-01,00:30:00,3,0,0,0,0,0,232.3,231.3,0.0,0.1,January,Monday,0,Local,0
1704059100,2024-01-01 00:45:00,2024-01-01,00:45:00,4,0,0,0,0,0,232.9,235.7,0.0,0.1,January,Monday,0,Local,0
1704060000,2024-01-01 01:00:00,2024-01-01,01:00:00,5,0,0,0,1,0,230.5,229.2,150.0,0.1,January,Monday,1,Local,0
1704060900,2024-01-01 01:15:00,2024-01-01,01:15:00,6,0,0,0,1,0,225.0,225.6,150.0,0.1,January,Monday,1,Local,0
1704061800,2024-01-01 01:30:00,2024-01-01,01:30:00,7,0,0,0,1,0,228.1,228.2,650.0,0.2005,January,Monday,1,Local,0
1704062700,2024-01-01 01:45:00,2024-01-01,01:45:00,8,0,0,0,0,0,230.6,233.3,0.0,0.1,January,Monday,1,Local,0
1704063600,2024-01-01 02:00:00,2024-01-01,02:00:00,9,0,0,0,1,0,228.7,229.9,150.0,0.1,January,Monday,2,Local,0
1704064500,2024-01-01 02:15:00,2024-01-01,02:15:00,10,0,0,0,1,0,232.5,234.9,150.0,0.1,January,Monday,2,Local,0
1704065400,2024-01-01 02:30:00,2024-01-01,02:30:00,11,0,0,0,1,0,232.7,234.5,150.0,0.1,January,Monday,2,Local,0
1704066300,2024-01-01 02:45:00,2024-01-01,02:45:00,12,0,0,0,1,0,236.2,236.9,150.0,0.1,January,Monday,2,Local,0
1704067200,2024-01-01 03:00:00,2024-01-01,03:00:00,13,0,0,0,1,0,232.1,231.6,1150.0,0.4005,January,Monday,3,Local,0
1704068100,2024-01-01 03:15:00,2024-01-01,03:15:00,14,0,0,0,1,0,235.9,235.8,150.0,0.1,January,Monday,3,Local,0
1704069000,2024-01-01 03:30:00,2024-01-01,03:30:00,15,0,0,0,1,0,234.3,232.7,150.0,0.1,January,Monday,3,Local,0
1704069900,2024-01-01 03:45:00,2024-01-01,03:45:00,16,0,0,0,0,0,232.4,231.2,0.0,0.1,January,Monday,3,Local,0
1704070800,2024-01-01 04:00:00,2024-01-01,04:00:00,17,0,0,0,1,0,223.5,228.4,150.0,0.1,January,Monday,4,Local,0
1704071700,2024-01-01 04:15:00,2024-01-01,04:15:00,18,0,0,0,1,0,227.2,223.2,150.0,0.1,January,Monday,4,Local,0
1704072600,2024-01-01 04:30:00,2024-01-01,04:30:00,19,0,0,0,1,0,230.9,235.2,150.0,0.1,January,Monday,4,Local,0
1704073500,2024-01-01 04:45:00,2024-01-01,04:45:00,20,0,0,0,0,0,234.5,232.6,0.0,0.1,January,Monday,4,Local,0
1704074400,2024-01-01 05:00:00,2024-01-01,05:00:00,21,0,0,0,1,0,229.0,225.1,150.0,0.1,January,Monday,5,Local,0
1704075300,2024-01-01 05:15:00,2024-01-01,05:15:00,22,0,0,0,1,0,230.4,231.0,150.0,0.1,January,Monday,5,Local,0
1704076200,2024-01-01 05:30:00,2024-01-01,05:30:00,23,1,0,0,1,0,226.3,225.3,300.0,0.1,January,Monday,5,Local,0
1704077100,2024-01-01 05:45:00,2024-01-01,05:45:00,24,0,0,0,0,0,231.4,233.2,0.0,0.1,January,Monday,5,Local,0
1704078000,2024-01-01 06:00:00,2024-01-01,06:00:00,25,0,0,0,1,0,236.1,235.5,150.0,0.1,January,Monday,6,Local,0
1704078900,2024-01-01 06:15:00,2024-01-01,06:15:00,26,0,0,0,1,0,236.3,236.3,150.0,0.1,January,Monday,6,Local,0
1704079800,2024-01-01 06:30:00,2024-01-01,06:30:00,27,0,0,0,1,0,232.5,231.5,150.0,0.1,January,Monday,6,Local,0
1704080700,2024-01-01 06:45:00,2024-01-01,06:45:00,28,0,0,0,0,0,230.2,231.1,0.0,0.1,January,Monday,6,Local,0
1704081600,2024-01-01 07:00:00,2024-01-01,07:00:00,29,0,0,0,1,0,229.3,228.4,150.0,0.2759,January,Monday,7,Local,1
1704082500,2024-01-01 07:15:00,2024-01-01,07:15:00,30,0,0,0,1,0,234.0,233.4,150.0,0.1,January,Monday,7,Local,0
1704083400,2024-01-01 07:30:00,2024-01-01,07:30:00,31,0,0,0,1,0,229.5,228.3,150.0,0.1,January,Monday,7,Local,0
1704084300,2024-01-01 07:45:00,2024-01-01,07:45:00,32,0,0,0,1,0,231.0,231.1,150.0,0.1,January,Monday,7,Local,0
1704085200,2024-01-01 08:00:00,2024-01-01,08:00:00,33,0,0,0,1,0,230.0,230.0,150.0,0.1,January,Monday,8,Local,0
1704086100,2024-01-01 08:15:00,2024-01-01,08:15:00,34,0,0,0,1,0,228.3,229.9,150.0,0.1,January,Monday,8,Local,0
1704087000,2024-01-01 08:30:00,2024-01-01,08:30:00,35,0,0,0,1,0,224.2,223.8,150.0,0.1,January,Monday,8,Local,0
1704087900,2024-01-01 08:45:00,2024-01-01,08:45:00,36,0,0,0,0,0,231.8,231.6,0.0,0.1,January,Monday,8,Local,0
1704088800,2024-01-01 09:00:00,2024-01-01,09:00:00,37,1,0,0,1,0,231.5,232.8,300.0,0.1,January,Monday,9,Local,0
1704089700,2024-01-01 09:15:00,2024-01-01,09:15:00,38,0,0,0,1,0,235.1,232.9,150.0,0.1,January,Monday,9,Local,0
1704090600,2024-01-01 09:30:00,2024-01-01,09:30:00,39,0,0,0,1,0,228.2,227.3,2150.0,0.6734,January,Monday,9,Local,0
1704091500,2024-01-01 09:45:00,2024-01-01,09:45:00,40,0,0,0,0,0,232.8,231.8,0.0,0.1,January,Monday,9,Local,0
1704092400,2024-01-01 10:00:00,2024-01-01,10:00:00,41,0,0,0,1,0,230.8,231.9,150.0,0.1,January,Monday,10,Local,0
1704093300,2024-01-01 10:15:00,2024-01-01,10:15:00,42,0,0,0,1,0,232.0,236.2,150.0,0.1,January,Monday,10,Local,0
1704094200,2024-01-01 10:30:00,2024-01-01,10:30:00,43,0,0,0,1,0,227.3,224.5,150.0,0.1,January,Monday,10,Local,0
1704095100,2024-01-01 10:45:00,2024-01-01,10:45:00,44,0,0,0,0,0,227.0,228.3,0.0,0.1,January,Monday,10,Local,0
1704096000,2024-01-01 11:00:00,2024-01-01,11:00:00,45,0,0,0,0,0,230.4,226.7,0.0,0.1,January,Monday,11,Local,0
1704096900,2024-01-01 11:15:00,2024-01-01,11:15:00,46,0,0,0,1,0,230.7,233.7,150.0,0.1,January,Monday,11,Local,0
1704097800,2024-01-01 11:30:00,2024-01-01,11:30:00,47,0,0,0,1,1,230.5,232.9,1350.0,0.3639,January,Monday,11,Local,0
1704098700,2024-01-01 11:45:00,2024-01-01,11:45:00,48,0,0,0,0,0,230.2,229.3,0.0,0.1,January,Monday,11,Local,0
1704099600,2024-01-01 12:00:00,2024-01-01,12:00:00,49,0,0,0,1,0,227.0,228.4,150.0,0.1,January,Monday,12,Local,0
1704100500,2024-01-01 12:15:00,2024-01-01,12:15:00,50,0,0,0,1,0,228.0,228.5,150.0,0.1,January,Monday,12,Local,0
1704101400,2024-01-01 12:30:00,2024-01-01,12:30:00,51,1,0,1,1,0,225.3,225.1,3300.0,0.8299,January,Monday,12,Local,0
1704102300,2024-01-01 12:45:00,2024-01-01,12:45:00,52,0,0,0,0,0,224.8,222.5,0.0,0.1,January,Monday,12,Local,0
1704103200,2024-01-01 13:00:00,2024-01-01,13:00:00,53,0,0,1,1,0,226.7,225.5,3150.0,1.0919,January,Monday,13,Local,0
1704104100,2024-01-01 13:15:00,2024-01-01,13:15:00,54,0,0,0,1,0,229.2,231.6,150.0,0.1,January,Monday,13,Local,0
1704105000,2024-01-01 13:30:00,2024-01-01,13:30:00,55,0,0,1,1,1,230.4,231.9,4350.0,1.418,January,Monday,13,Local,0
1704105900,2024-01-01 13:45:00,2024-01-01,13:45:00,56,0,0,0,0,1,232.8,234.4,1200.0,0.3721,January,Monday,13,Local,0
1704106800,2024-01-01 14:00:00,2024-01-01,14:00:00,57,0,1,0,1,0,230.3,231.4,2650.0,0.76,January,Monday,14,Local,0
1704107700,2024-01-01 14:15:00,2024-01-01,14:15:00,58,0,0,0,1,1,231.2,230.2,1350.0,0.4354,January,Monday,14,Local,0
1704108600,2024-01-01 14:30:00,2024-01-01,14:30:00,59,0,0,0,1,0,227.6,229.6,150.0,0.1,January,Monday,14,Local,0
1704109500,2024-01-01 14:45:00,2024-01-01,14:45:00,60,0,0,0,0,0,230.0,233.5,0.0,0.1,January,Monday,14,Local,0
1704110400,2024-01-01 15:00:00,2024-01-01,15:00:00,61,0,1,0,1,0,221.6,223.5,3450.0,1.2785,January,Monday,15,Local,0
1704111300,2024-01-01 15:15:00,2024-01-01,15:15:00,62,0,0,0,1,0,226.1,224.0,150.0,0.1,January,Monday,15,Local,0
1704112200,2024-01-01 15:30:00,2024-01-01,15:30:00,63,0,0,0,1,0,230.9,230.9,150.0,0.1,January,Monday,15,Local,0
1704113100,2024-01-01 15:45:00,2024-01-01,15:45:00,64,0,0,0,0,0,229.7,230.4,0.0,0.1,January,Monday,15,Local,0
1704114000,2024-01-01 16:00:00,2024-01-01,16:00:00,65,0,0,0,1,0,232.7,231.8,150.0,0.1,January,Monday,16,Local,0
1704114900,2024-01-01 16:15:00,2024-01-01,16:15:00,66,0,1,0,1,0,227.8,227.8,2650.0,0.7796,January,Monday,16,Local,0
1704115800,2024-01-01 16:30:00,2024-01-01,16:30:00,67,0,0,0,1,0,232.5,234.5,2150.0,0.6708,January,Monday,16,Local,0
1704116700,2024-01-01 16:45:00,2024-01-01,16:45:00,68,0,0,0,1,0,225.6,226.3,150.0,0.1,January,Monday,16,Local,0
1704117600,2024-01-01 17:00:00,2024-01-01,17:00:00,69,1,1,1,1,0,234.3,231.1,5800.0,1.9658,January,Monday,17,Local,0
1704118500,2024-01-01 17:15:00,2024-01-01,17:15:00,70,1,0,0,1,0,228.6,230.4,300.0,0.1,January,Monday,17,Local,0
1704119400,2024-01-01 17:30:00,2024-01-01,17:30:00,71,0,0,1,1,0,232.3,234.8,3150.0,1.1552,January,Monday,17,Local,0
1704120300,2024-01-01 17:45:00,2024-01-01,17:45:00,72,0,0,0,0,1,230.9,230.7,1200.0,0.4039,January,Monday,17,Local,0
1704121200,2024-01-01 18:00:00,2024-01-01,18:00:00,73,1,0,1,1,0,233.1,232.3,3300.0,1.0809,January,Monday,18,Local,0
1704122100,2024-01-01 18:15:00,2024-01-01,18:15:00,74,1,0,0,0,0,227.0,227.8,150.0,0.1,January,Monday,18,Local,0
1704123000,2024-01-01 18:30:00,2024-01-01,18:30:00,75,1,0,1,1,0,229.6,228.7,3300.0,0.961,January,Monday,18,Local,0
1704123900,2024-01-01 18:45:00,2024-01-01,18:45:00,76,0,0,1,0,0,231.4,231.3,3000.0,0.918,January,Monday,18,Local,0
1704124800,2024-01-01 19:00:00,2024-01-01,19:00:00,77,1,0,0,1,0,233.6,234.5,300.0,0.1,January,Monday,19,Local,0
1704125700,2024-01-01 19:15:00,2024-01-01,19:15:00,78,1,1,1,1,0,227.1,227.8,5800.0,1.8829,January,Monday,19,Local,0
1704126600,2024-01-01 19:30:00,2024-01-01,19:30:00,79,1,1,1,1,1,230.9,232.5,7000.0,1.8365,January,Monday,19,Local,0
1704127500,2024-01-01 19:45:00,2024-01-01,19:45:00,80,1,0,0,0,1,227.8,225.7,1350.0,0.4366,January,Monday,19,Local,0
1704128400,2024-01-01 20:00:00,2024-01-01,20:00:00,81,1,0,0,1,0,224.1,225.2,300.0,0.1,January,Monday,20,Local,0
1704129300,2024-01-01 20:15:00,2024-01-01,20:15:00,82,1,0,0,1,0,228.2,228.3,300.0,0.1,January,Monday,20,Local,0
1704130200,2024-01-01 20:30:00,2024-01-01,20:30:00,83,1,0,1,1,0,231.7,230.4,4100.0,1.1244,January,Monday,20,Local,0
1704131100,2024-01-01 20:45:00,2024-01-01,20:45:00,84,1,0,0,0,0,231.3,230.7,150.0,0.1,January,Monday,20,Local,0
1704132000,2024-01-01 21:00:00,2024-01-01,21:00:00,85,1,0,0,1,0,226.9,227.5,300.0,0.1,January,Monday,21,Local,0
1704132900,2024-01-01 21:15:00,2024-01-01,21:15:00,86,1,0,0,1,0,229.1,230.0,300.0,0.1,January,Monday,21,Local,0
1704133800,2024-01-01 21:30:00,2024-01-01,21:30:00,87,1,1,0,1,0,225.1,229.1,2800.0,0.9016,January,Monday,21,Local,0
1704134700,2024-01-01 21:45:00,2024-01-01,21:45:00,88,1,0,0,0,0,225.8,226.5,150.0,0.1,January,Monday,21,Local,0
1704135600,2024-01-01 22:00:00,2024-01-01,22:00:00,89,0,0,0,1,0,226.4,225.2,150.0,0.1,January,Monday,22,Local,0
1704136500,2024-01-01 22:15:00,2024-01-01,22:15:00,90,1,0,0,0,0,234.2,231.6,150.0,0.1,January,Monday,22,Local,0
1704137400,2024-01-01 22:30:00,2024-01-01,22:30:00,91,0,0,0,0,0,231.2,231.5,0.0,0.1,January,Monday,22,Local,0
1704138300,2024-01-01 22:45:00,2024-01-01,22:45:00,92,1,0,0,0,0,231.8,231.4,150.0,0.1,January,Monday,22,Local,0
1704139200,2024-01-01 23:00:00,2024-01-01,23:00:00,93,1,0,0,1,0,230.6,229.1,300.0,0.1,January,Monday,23,Local,0
1704140100,2024-01-01 23:15:00,2024-01-01,23:15:00,94,0,0,0,1,0,229.3,227.4,150.0,0.1,January,Monday,23,Local,0
1704141000,2024-01-01 23:30:00,2024-01-01,23:30:00,95,1,0,0,1,0,229.2,228.5,300.0,0.1,January,Monday,23,Local,0
1704141900,2024-01-01 23:45:00,2024-01-01,23:45:00,96,0,0,0,0,0,227.4,231.2,0.0,0.1,January,Monday,23,Local,0
1704142800,2024-01-02 00:00:00,2024-01-02,00:00:00,97,0,0,0,0,0,231.5,232.7,0.0,0.1,January,Tuesday,0,Local,0
1704143700,2024-01-02 00:15:00,2024-01-02,00:15:00,98,0,0,0,1,0,230.0,229.6,150.0,0.1,January,Tuesday,0,Local,0
1704144600,2024-01-02 00:30:00,2024-01-02,00:30:00,99,0,0,0,1,0,229.9,230.8,150.0,0.1,January,Tuesday,0,Local,0
1704145500,2024-01-02 00:45:00,2024-01-02,00:45:00,100,0,0,0,0,0,227.4,227.3,0.0,0.1,January,Tuesday,0,Local,0
1704146400,2024-01-02 01:00:00,2024-01-02,01:00:00,101,0,0,0,1,0,233.6,235.8,2150.0,0.6865,January,Tuesday,1,Local,0
1704147300,2024-01-02 01:15:00,2024-01-02,01:15:00,102,0,0,0,1,0,228.9,230.4,150.0,0.1,January,Tuesday,1,Local,0
1704148200,2024-01-02 01:30:00,2024-01-02,01:30:00,103,0,0,0,1,0,229.0,230.7,150.0,0.1,January,Tuesday,1,Local,0
1704149100,2024-01-02 01:45:00,2024-01-02,01:45:00,104,0,0,0,0,0,230.5,229.4,0.0,0.1,January,Tuesday,1,Local,0
1704150000,2024-01-02 02:00:00,2024-01-02,02:00:00,105,0,0,0,1,0,229.4,233.1,150.0,0.1,January,Tuesday,2,Local,0
1704150900,2024-01-02 02:15:00,2024-01-02,02:15:00,106,0,0,0,1,0,229.2,231.5,150.0,0.1,January,Tuesday,2,Local,0
1704151800,2024-01-02 02:30:00,2024-01-02,02:30:00,107,0,0,0,1,0,230.0,232.2,150.0,0.1,January,Tuesday,2,Local,0
1704152700,2024-01-02 02:45:00,2024-01-02,02:45:00,108,0,0,0,0,0,227.0,229.2,0.0,0.1,January,Tuesday,2,Local,0
1704153600,2024-01-02 03:00:00,2024-01-02,03:00:00,109,0,0,0,0,0,235.4,232.9,0.0,0.1,January,Tuesday,3,Local,0
1704154500,2024-01-02 03:15:00,2024-01-02,03:15:00,110,0,0,0,1,0,230.2,228.8,150.0,0.1,January,Tuesday,3,Local,0
1704155400,2024-01-02 03:30:00,2024-01-02,03:30:00,111,0,0,0,1,0,232.1,236.6,150.0,0.1,January,Tuesday,3,Local,0
1704156300,2024-01-02 03:45:00,2024-01-02,03:45:00,112,0,0,0,0,0,232.4,231.0,0.0,0.1,January,Tuesday,3,Local,0
1704157200,2024-01-02 04:00:00,2024-01-02,04:00:00,113,0,0,0,1,0,226.4,226.0,150.0,0.1,January,Tuesday,4,Local,0
1704158100,2024-01-02 04:15:00,2024-01-02,04:15:00,114,0,0,0,1,0,228.7,227.4,150.0,0.1,January,Tuesday,4,Local,0
1704159000,2024-01-02 04:30:00,2024-01-02,04:30:00,115,0,0,0,1,0,227.7,225.1,150.0,0.1,January,Tuesday,4,Local,0
1704159900,2024-01-02 04:45:00,2024-01-02,04:45:00,116,0,0,0,0,0,224.3,225.3,0.0,0.1,January,Tuesday,4,Local,0
1704160800,2024-01-02 05:00:00,2024-01-02,05:00:00,117,0,0,0,1,0,230.3,229.6,150.0,0.1,January,Tuesday,5,Local,0
1704161700,2024-01-02 05:15:00,2024-01-02,05:15:00,118,0,0,0,1,0,230.6,231.9,150.0,0.1,January,Tuesday,5,Local,0
1704162600,2024-01-02 05:30:00,2024-01-02,05:30:00,119,0,0,0,1,0,226.9,223.0,150.0,0.1,January,Tuesday,5,Local,0
1704163500,2024-01-02 05:45:00,2024-01-02,05:45:00,120,0,0,0,0,0,230.0,229.2,0.0,0.1,January,Tuesday,5,Local,0
1704164400,2024-01-02 06:00:00,2024-01-02,06:00:00,121,0,0,0,1,0,231.3,232.6,150.0,0.1,January,Tuesday,6,Local,0
1704165300,2024-01-02 06:15:00,2024-01-02,06:15:00,122,0,0,0,1,0,229.5,230.1,150.0,0.1,January,Tuesday,6,Local,0
1704166200,2024-01-02 06:30:00,2024-01-02,06:30:00,123,0,0,0,1,0,232.5,233.9,150.0,0.1,January,Tuesday,6,Local,0
1704167100,2024-01-02 06:45:00,2024-01-02,06:45:00,124,0,0,0,0,0,228.6,228.7,0.0,0.1,January,Tuesday,6,Local,0
1704168000,2024-01-02 07:00:00,2024-01-02,07:00:00,125,0,0,0,1,0,231.8,231.2,150.0,0.1,January,Tuesday,7,Local,0
1704168900,2024-01-02 07:15:00,2024-01-02,07:15:00,126,0,0,0,1,0,227.7,227.5,150.0,0.1,January,Tuesday,7,Local,0
1704169800,2024-01-02 07:30:00,2024-01-02,07:30:00,127,0,0,0,1,0,228.5,230.8,150.0,0.1,January,Tuesday,7,Local,0
1704170700,2024-01-02 07:45:00,2024-01-02,07:45:00,128,0,0,0,0,0,235.0,235.8,0.0,0.1,January,Tuesday,7,Local,0
1704171600,2024-01-02 08:00:00,2024-01-02,08:00:00,129,0,0,0,0,0,231.5,234.9,0.0,0.1,January,Tuesday,8,Local,0
1704172500,2024-01-02 08:15:00,2024-01-02,08:15:00,130,1,0,0,1,0,229.7,227.3,300.0,0.1,January,Tuesday,8,Local,0
1704173400,2024-01-02 08:30:00,2024-01-02,08:30:00,131,1,1,0,1,1,233.8,236.2,4000.0,1.2723,January,Tuesday,8,Local,0
1704174300,2024-01-02 08:45:00,2024-01-02,08:45:00,132,1,0,0,0,0,228.9,227.5,150.0,0.1,January,Tuesday,8,Local,0
1704175200,2024-01-02 09:00:00,2024-01-02,09:00:00,133,0,0,1,1,0,231.6,227.5,3150.0,1.0213,January,Tuesday,9,Local,0
1704176100,2024-01-02 09:15:00,2024-01-02,09:15:00,134,0,0,0,1,0,231.5,231.3,150.0,0.1,January,Tuesday,9,Local,0
1704177000,2024-01-02 09:30:00,2024-01-02,09:30:00,135,0,1,0,1,0,223.0,218.8,2650.0,0.7638,January,Tuesday,9,Local,0
1704177900,2024-01-02 09:45:00,2024-01-02,09:45:00,136,0,0,0,1,0,225.5,226.5,150.0,0.1,January,Tuesday,9,Local,0
1704178800,2024-01-02 10:00:00,2024-01-02,10:00:00,137,0,0,0,1,0,224.8,224.6,150.0,0.1,January,Tuesday,10,Local,0
1704179700,2024-01-02 10:15:00,2024-01-02,10:15:00,138,0,0,0,1,0,229.6,229.7,150.0,0.1,January,Tuesday,10,Local,0
1704180600,2024-01-02 10:30:00,2024-01-02,10:30:00,139,1,0,0,1,0,234.0,233.4,300.0,0.1,January,Tuesday,10,Local,0
1704181500,2024-01-02 10:45:00,2024-01-02,10:45:00,140,0,0,0,1,0,227.5,229.9,150.0,0.1,January,Tuesday,10,Local,0
1704182400,2024-01-02 11:00:00,2024-01-02,11:00:00,141,0,0,0,1,0,233.3,234.1,150.0,0.1,January,Tuesday,11,Local,0
1704183300,2024-01-02 11:15:00,2024-01-02,11:15:00,142,0,0,0,1,0,229.1,228.1,150.0,0.1,January,Tuesday,11,Local,0
1704184200,2024-01-02 11:30:00,2024-01-02,11:30:00,143,0,0,1,1,0,230.3,227.0,3150.0,0.9247,January,Tuesday,11,Local,0
1704185100,2024-01-02 11:45:00,2024-01-02,11:45:00,144,0,0,0,0,0,229.2,227.1,0.0,0.1,January,Tuesday,11,Local,0
1704186000,2024-01-02 12:00:00,2024-01-02,12:00:00,145,0,1,0,1,0,229.9,229.2,2650.0,0.9466,January,Tuesday,12,Local,0
1704186900,2024-01-02 12:15:00,2024-01-02,12:15:00,146,0,0,0,1,0,226.6,227.6,150.0,0.1,January,Tuesday,12,Local,0
1704187800,2024-01-02 12:30:00,2024-01-02,12:30:00,147,0,0,0,1,0,229.5,231.6,150.0,0.1,January,Tuesday,12,Local,0
1704188700,2024-01-02 12:45:00,2024-01-02,12:45:00,148,1,0,0,0,0,229.5,231.4,150.0,0.1,January,Tuesday,12,Local,0
1704189600,2024-01-02 13:00:00,2024-01-02,13:00:00,149,0,0,1,1,0,224.0,227.0,3150.0,0.784,January,Tuesday,13,Local,0
1704190500,2024-01-02 13:15:00,2024-01-02,13:15:00,150,0,0,0,1,0,229.4,226.2,150.0,0.1,January,Tuesday,13,Local,0
1704191400,2024-01-02 13:30:00,2024-01-02,13:30:00,151,0,0,0,1,0,230.2,231.2,150.0,0.1,January,Tuesday,13,Local,0
1704192300,2024-01-02 13:45:00,2024-01-02,13:45:00,152,1,0,0,0,0,228.7,228.3,150.0,0.1,January,Tuesday,13,Local,0
1704193200,2024-01-02 14:00:00,2024-01-02,14:00:00,153,0,0,0,0,0,229.1,231.0,0.0,0.1,January,Tuesday,14,Local,0
1704194100,2024-01-02 14:15:00,2024-01-02,14:15:00,154,0,0,0,1,0,224.3,224.3,150.0,0.1,January,Tuesday,14,Local,0
1704195000,2024-01-02 14:30:00,2024-01-02,14:30:00,155,0,0,0,1,0,233.5,237.2,150.0,0.1,January,Tuesday,14,Local,0
1704195900,2024-01-02 14:45:00,2024-01-02,14:45:00,156,1,0,0,0,1,234.9,236.9,2150.0,0.6512,January,Tuesday,14,Local,0
1704196800,2024-01-02 15:00:00,2024-01-02,15:00:00,157,0,1,0,1,1,228.4,229.8,3850.0,1.1379,January,Tuesday,15,Local,0
1704197700,2024-01-02 15:15:00,2024-01-02,15:15:00,158,0,0,0,1,0,229.2,230.6,150.0,0.1,January,Tuesday,15,Local,0
1704198600,2024-01-02 15:30:00,2024-01-02,15:30:00,159,0,0,1,1,1,232.3,236.0,4350.0,1.2381,January,Tuesday,15,Local,0
1704199500,2024-01-02 15:45:00,2024-01-02,15:45:00,160,1,0,0,0,0,228.5,229.4,150.0,0.1,January,Tuesday,15,Local,0
1704200400,2024-01-02 16:00:00,2024-01-02,16:00:00,161,0,0,0,1,0,225.5,221.7,150.0,0.1,January,Tuesday,16,Local,0
1704201300,2024-01-02 16:15:00,2024-01-02,16:15:00,162,0,0,0,1,0,232.3,233.1,150.0,0.1,January,Tuesday,16,Local,0
1704202200,2024-01-02 16:30:00,2024-01-02,16:30:00,163,0,0,0,1,0,229.9,228.7,150.0,0.1,January,Tuesday,16,Local,0
1704203100,2024-01-02 16:45:00,2024-01-02,16:45:00,164,0,0,0,0,0,230.3,229.5,0.0,0.2724,January,Tuesday,16,Local,1
1704204000,2024-01-02 17:00:00,2024-01-02,17:00:00,165,0,0,0,1,1,228.4,223.3,1350.0,0.4034,January,Tuesday,17,Local,0
1704204900,2024-01-02 17:15:00,2024-01-02,17:15:00,166,1,1,0,0,0,227.9,226.2,2650.0,0.668,January,Tuesday,17,Local,0
1704205800,2024-01-02 17:30:00,2024-01-02,17:30:00,167,0,1,1,0,0,234.9,233.5,7500.0,2.6524,January,Tuesday,17,Local,0
1704206700,2024-01-02 17:45:00,2024-01-02,17:45:00,168,0,0,1,0,0,231.5,230.7,3000.0,0.7482,January,Tuesday,17,Local,0
1704207600,2024-01-02 18:00:00,2024-01-02,18:00:00,169,1,1,1,1,0,235.0,237.1,5800.0,1.9947,January,Tuesday,18,Local,0
1704208500,2024-01-02 18:15:00,2024-01-02,18:15:00,170,1,0,1,1,0,233.9,235.1,3300.0,0.9869,January,Tuesday,18,Local,0
1704209400,2024-01-02 18:30:00,2024-01-02,18:30:00,171,1,0,0,1,0,230.5,233.0,300.0,0.1,January,Tuesday,18,Local,0
1704210300,2024-01-02 18:45:00,2024-01-02,18:45:00,172,1,0,0,0,0,233.8,234.7,150.0,0.1,January,Tuesday,18,Local,0
1704211200,2024-01-02 19:00:00,2024-01-02,19:00:00,173,1,0,0,0,1,225.5,227.7,1350.0,0.368,January,Tuesday,19,Local,0
1704212100,2024-01-02 19:15:00,2024-01-02,19:15:00,174,0,0,0,1,0,230.9,229.7,150.0,0.1,January,Tuesday,19,Local,0
1704213000,2024-01-02 19:30:00,2024-01-02,19:30:00,175,1,0,0,1,1,228.8,226.0,1500.0,0.4391,January,Tuesday,19,Local,0
1704213900,2024-01-02 19:45:00,2024-01-02,19:45:00,176,1,0,0,0,0,231.7,231.8,150.0,0.1,January,Tuesday,19,Local,0
1704214800,2024-01-02 20:00:00,2024-01-02,20:00:00,177,1,0,0,1,0,229.3,232.3,1100.0,0.3318,January,Tuesday,20,Local,0
1704215700,2024-01-02 20:15:00,2024-01-02,20:15:00,178,1,0,1,1,0,229.6,232.1,3300.0,0.8111,January,Tuesday,20,Local,0
1704216600,2024-01-02 20:30:00,2024-01-02,20:30:00,179,1,0,0,1,0,227.8,229.1,300.0,0.1,January,Tuesday,20,Local,0
1704217500,2024-01-02 20:45:00,2024-01-02,20:45:00,180,1,0,1,0,0,227.2,230.0,3150.0,0.9094,January,Tuesday,20,Local,0
1704218400,2024-01-02 21:00:00,2024-01-02,21:00:00,181,1,0,0,1,0,232.9,230.8,300.0,0.1,January,Tuesday,21,Local,0
1704219300,2024-01-02 21:15:00,2024-01-02,21:15:00,182,1,0,0,1,0,232.7,234.3,300.0,0.1,January,Tuesday,21,Local,0
1704220200,2024-01-02 21:30:00,2024-01-02,21:30:00,183,1,0,0,1,1,225.4,226.7,1500.0,0.5176,January,Tuesday,21,Local,0
1704221100,2024-01-02 21:45:00,2024-01-02,21:45:00,184,1,0,0,0,0,231.9,231.9,150.0,0.1,January,Tuesday,21,Local,0
1704222000,2024-01-02 22:00:00,2024-01-02,22:00:00,185,1,0,0,1,1,227.3,227.7,1500.0,0.433,January,Tuesday,22,Local,0
1704222900,2024-01-02 22:15:00,2024-01-02,22:15:00,186,1,0,0,1,0,232.6,233.6,300.0,0.1,January,Tuesday,22,Local,0
1704223800,2024-01-02 22:30:00,2024-01-02,22:30:00,187,1,0,0,0,0,231.3,233.0,150.0,0.1,January,Tuesday,22,Local,0
1704224700,2024-01-02 22:45:00,2024-01-02,22:45:00,188,1,0,0,0,0,230.3,227.5,150.0,0.1,January,Tuesday,22,Local,0
1704225600,2024-01-02 23:00:00,2024-01-02,23:00:00,189,0,0,0,0,0,230.5,233.8,0.0,0.1,January,Tuesday,23,Local,0
1704226500,2024-01-02 23:15:00,2024-01-02,23:15:00,190,0,0,0,1,0,233.0,227.9,150.0,0.1,January,Tuesday,23,Local,0
1704227400,2024-01-02 23:30:00,2024-01-02,23:30:00,191,0,0,0,1,0,233.1,233.2,150.0,0.1,January,Tuesday,23,Local,0
1704228300,2024-01-02 23:45:00,2024-01-02,23:45:00,192,0,0,0,0,0,232.9,232.5,0.0,0.1,January,Tuesday,23,Local,0
1704229200,2024-01-03 00:00:00,2024-01-03,00:00:00,193,0,0,0,1,0,229.9,230.7,150.0,0.1,January,Wednesday,0,Local,0
1704230100,2024-01-03 00:15:00,2024-01-03,00:15:00,194,0,0,0,0,0,231.9,230.5,0.0,0.1,January,Wednesday,0,Local,0
1704231000,2024-01-03 00:30:00,2024-01-03,00:30:00,195,0,0,0,1,0,235.9,239.4,150.0,0.1,January,Wednesday,0,Local,0
1704231900,2024-01-03 00:45:00,2024-01-03,00:45:00,196,0,0,0,0,0,225.3,225.4,0.0,0.1,January,Wednesday,0,Local,0
1704232800,2024-01-03 01:00:00,2024-01-03,01:00:00,197,0,0,0,1,0,228.5,226.3,150.0,0.1,January,Wednesday,1,Local,0
1704233700,2024-01-03 01:15:00,2024-01-03,01:15:00,198,0,0,0,0,0,228.5,225.7,0.0,0.1,January,Wednesday,1,Local,0
1704234600,2024-01-03 01:30:00,2024-01-03,01:30:00,199,0,0,0,1,0,225.8,225.4,150.0,0.1,January,Wednesday,1,Local,0
1704235500,2024-01-03 01:45:00,2024-01-03,01:45:00,200,0,0,0,0,0,233.0,231.1,0.0,0.1,January,Wednesday,1,Local,0
1704236400,2024-01-03 02:00:00,2024-01-03,02:00:00,201,0,0,0,1,0,225.6,224.4,150.0,0.1,January,Wednesday,2,Local,0
1704237300,2024-01-03 02:15:00,2024-01-03,02:15:00,202,0,0,0,1,0,232.7,231.9,150.0,0.1,January,Wednesday,2,Local,0
1704238200,2024-01-03 02:30:00,2024-01-03,02:30:00,203,0,0,0,1,0,229.8,228.0,150.0,0.1,January,Wednesday,2,Local,0
1704239100,2024-01-03 02:45:00,2024-01-03,02:45:00,204,0,0,0,0,0,227.3,227.8,0.0,0.1,January,Wednesday,2,Local,0
1704240000,2024-01-03 03:00:00,2024-01-03,03:00:00,205,0,0,0,1,0,234.8,237.2,150.0,0.1,January,Wednesday,3,Local,0
1704240900,2024-01-03 03:15:00,2024-01-03,03:15:00,206,0,0,0,1,0,229.6,231.7,150.0,0.1,January,Wednesday,3,Local,0
1704241800,2024-01-03 03:30:00,2024-01-03,03:30:00,207,0,0,0,1,0,232.6,232.0,150.0,0.1,January,Wednesday,3,Local,0
1704242700,2024-01-03 03:45:00,2024-01-03,03:45:00,208,0,0,0,1,0,229.6,230.4,150.0,0.1,January,Wednesday,3,Local,0
1704243600,2024-01-03 04:00:00,2024-01-03,04:00:00,209,0,0,0,0,0,230.3,227.9,0.0,0.1,January,Wednesday,4,Local,0
1704244500,2024-01-03 04:15:00,2024-01-03,04:15:00,210,0,0,0,1,0,228.7,229.8,150.0,0.1,January,Wednesday,4,Local,0
1704245400,2024-01-03 04:30:00,2024-01-03,04:30:00,211,0,0,0,1,0,226.7,229.5,150.0,0.1,January,Wednesday,4,Local,0
1704246300,2024-01-03 04:45:00,2024-01-03,04:45:00,212,0,0,0,0,0,232.3,231.5,0.0,0.1,January,Wednesday,4,Local,0
1704247200,2024-01-03 05:00:00,2024-01-03,05:00:00,213,0,0,0,1,0,234.2,233.2,150.0,0.1,January,Wednesday,5,Local,0
1704248100,2024-01-03 05:15:00,2024-01-03,05:15:00,214,0,0,0,1,0,233.5,233.7,150.0,0.1,January,Wednesday,5,Local,0
1704249000,2024-01-03 05:30:00,2024-01-03,05:30:00,215,0,0,0,1,0,233.7,234.1,150.0,0.1,January,Wednesday,5,Local,0
1704249900,2024-01-03 05:45:00,2024-01-03,05:45:00,216,0,0,0,1,0,232.1,232.9,150.0,0.1,January,Wednesday,5,Local,0
1704250800,2024-01-03 06:00:00,2024-01-03,06:00:00,217,0,0,0,1,0,232.0,230.4,150.0,0.1,January,Wednesday,6,Local,0
1704251700,2024-01-03 06:15:00,2024-01-03,06:15:00,218,0,0,0,1,0,229.3,230.8,150.0,0.1,January,Wednesday,6,Local,0
1704252600,2024-01-03 06:30:00,2024-01-03,06:30:00,219,0,0,0,1,0,226.1,225.1,150.0,0.1,January,Wednesday,6,Local,0
1704253500,2024-01-03 06:45:00,2024-01-03,06:45:00,220,0,0,0,0,0,224.9,225.0,0.0,0.1,January,Wednesday,6,Local,0
1704254400,2024-01-03 07:00:00,2024-01-03,07:00:00,221,0,0,0,1,0,232.4,231.0,150.0,0.1,January,Wednesday,7,Local,0
1704255300,2024-01-03 07:15:00,2024-01-03,07:15:00,222,0,0,0,1,0,233.8,234.0,150.0,0.1,January,Wednesday,7,Local,0
1704256200,2024-01-03 07:30:00,2024-01-03,07:30:00,223,0,0,1,1,0,232.2,230.5,3150.0,1.0338,January,Wednesday,7,Local,0
1704257100,2024-01-03 07:45:00,2024-01-03,07:45:00,224,0,0,0,0,0,229.7,231.9,0.0,0.1,January,Wednesday,7,Local,0
1704258000,2024-01-03 08:00:00,2024-01-03,08:00:00,225,0,0,0,1,0,229.9,231.8,950.0,0.2438,January,Wednesday,8,Local,0
1704258900,2024-01-03 08:15:00,2024-01-03,08:15:00,226,1,0,0,0,0,228.7,231.8,150.0,0.1,January,Wednesday,8,Local,0
1704259800,2024-01-03 08:30:00,2024-01-03,08:30:00,227,0,0,0,1,0,230.9,230.7,150.0,0.1,January,Wednesday,8,Local,0
1704260700,2024-01-03 08:45:00,2024-01-03,08:45:00,228,0,0,1,0,0,226.8,227.3,3000.0,0.8058,January,Wednesday,8,Local,0
1704261600,2024-01-03 09:00:00,2024-01-03,09:00:00,229,0,0,0,1,0,221.6,219.9,150.0,0.1,January,Wednesday,9,Local,0
1704262500,2024-01-03 09:15:00,2024-01-03,09:15:00,230,0,0,0,1,1,232.9,230.6,1350.0,0.4021,January,Wednesday,9,Local,0
1704263400,2024-01-03 09:30:00,2024-01-03,09:30:00,231,0,0,0,1,0,229.7,229.7,150.0,0.1,January,Wednesday,9,Local,0
1704264300,2024-01-03 09:45:00,2024-01-03,09:45:00,232,0,1,0,0,0,231.9,230.1,2500.0,0.8083,January,Wednesday,9,Local,0
1704265200,2024-01-03 10:00:00,2024-01-03,10:00:00,233,0,0,0,1,0,231.4,230.3,150.0,0.1,January,Wednesday,10,Local,0
1704266100,2024-01-03 10:15:00,2024-01-03,10:15:00,234,0,0,0,1,0,228.2,228.9,150.0,0.1,January,Wednesday,10,Local,0
1704267000,2024-01-03 10:30:00,2024-01-03,10:30:00,235,0,0,0,0,0,229.4,226.3,0.0,0.1,January,Wednesday,10,Local,0
1704267900,2024-01-03 10:45:00,2024-01-03,10:45:00,236,0,0,0,0,0,231.8,229.9,0.0,0.1,January,Wednesday,10,Local,0
1704268800,2024-01-03 11:00:00,2024-01-03,11:00:00,237,0,0,0,1,0,226.3,225.4,150.0,0.1,January,Wednesday,11,Local,0
1704269700,2024-01-03 11:15:00,2024-01-03,11:15:00,238,1,0,0,1,0,227.7,225.6,300.0,0.1,January,Wednesday,11,Local,0
1704270600,2024-01-03 11:30:00,2024-01-03,11:30:00,239,0,0,0,1,1,228.2,226.3,3350.0,1.0124,January,Wednesday,11,Local,0
1704271500,2024-01-03 11:45:00,2024-01-03,11:45:00,240,0,0,0,0,0,236.1,238.2,0.0,0.1,January,Wednesday,11,Local,0
1704272400,2024-01-03 12:00:00,2024-01-03,12:00:00,241,0,0,0,0,0,233.5,235.1,0.0,0.1,January,Wednesday,12,Local,0
1704273300,2024-01-03 12:15:00,2024-01-03,12:15:00,242,0,0,0,1,0,234.2,233.4,650.0,0.1435,January,Wednesday,12,Local,0
1704274200,2024-01-03 12:30:00,2024-01-03,12:30:00,243,0,0,0,1,0,227.7,227.0,150.0,0.1,January,Wednesday,12,Local,0
1704275100,2024-01-03 12:45:00,2024-01-03,12:45:00,244,0,0,0,0,0,234.1,232.6,0.0,0.1,January,Wednesday,12,Local,0
1704276000,2024-01-03 13:00:00,2024-01-03,13:00:00,245,0,0,0,1,0,231.2,229.3,150.0,0.1,January,Wednesday,13,Local,0
1704276900,2024-01-03 13:15:00,2024-01-03,13:15:00,246,0,0,0,1,0,233.0,236.6,150.0,0.1,January,Wednesday,13,Local,0
1704277800,2024-01-03 13:30:00,2024-01-03,13:30:00,247,0,0,0,1,0,227.0,227.5,150.0,0.1,January,Wednesday,13,Local,0
1704278700,2024-01-03 13:45:00,2024-01-03,13:45:00,248,0,0,0,0,0,227.9,229.8,0.0,0.1,January,Wednesday,13,Local,0
1704279600,2024-01-03 14:00:00,2024-01-03,14:00:00,249,0,0,0,1,0,229.8,228.9,150.0,0.1,January,Wednesday,14,Local,0
1704280500,2024-01-03 14:15:00,2024-01-03,14:15:00,250,0,0,0,1,0,232.2,230.3,150.0,0.1,January,Wednesday,14,Local,0
1704281400,2024-01-03 14:30:00,2024-01-03,14:30:00,251,0,0,0,1,0,233.9,233.2,150.0,0.1,January,Wednesday,14,Local,0
1704282300,2024-01-03 14:45:00,2024-01-03,14:45:00,252,0,0,0,0,0,233.8,235.8,800.0,0.2435,January,Wednesday,14,Local,0
1704283200,2024-01-03 15:00:00,2024-01-03,15:00:00,253,0,0,0,1,0,231.3,229.5,150.0,0.1,January,Wednesday,15,Local,0
1704284100,2024-01-03 15:15:00,2024-01-03,15:15:00,254,0,0,0,1,0,228.8,227.5,150.0,0.1,January,Wednesday,15,Local,0
1704285000,2024-01-03 15:30:00,2024-01-03,15:30:00,255,0,0,0,1,0,238.5,242.4,150.0,0.1,January,Wednesday,15,Local,0
1704285900,2024-01-03 15:45:00,2024-01-03,15:45:00,256,1,1,0,0,0,230.4,229.5,2650.0,0.89,January,Wednesday,15,Local,0
1704286800,2024-01-03 16:00:00,2024-01-03,16:00:00,257,0,0,0,1,0,231.4,233.8,150.0,0.1,January,Wednesday,16,Local,0
1704287700,2024-01-03 16:15:00,2024-01-03,16:15:00,258,1,0,0,1,0,230.4,232.3,300.0,0.1,January,Wednesday,16,Local,0
1704288600,2024-01-03 16:30:00,2024-01-03,16:30:00,259,0,0,0,1,0,224.8,219.6,150.0,0.1,January,Wednesday,16,Local,0
1704289500,2024-01-03 16:45:00,2024-01-03,16:45:00,260,0,0,0,0,0,234.9,230.5,0.0,0.1,January,Wednesday,16,Local,0
1704290400,2024-01-03 17:00:00,2024-01-03,17:00:00,261,0,1,1,1,0,226.6,224.0,5650.0,1.8054,January,Wednesday,17,Local,0
1704291300,2024-01-03 17:15:00,2024-01-03,17:15:00,262,0,0,0,1,0,236.4,236.9,150.0,0.1,January,Wednesday,17,Local,0
1704292200,2024-01-03 17:30:00,2024-01-03,17:30:00,263,0,0,1,1,0,237.0,235.5,3150.0,0.9555,January,Wednesday,17,Local,0
1704293100,2024-01-03 17:45:00,2024-01-03,17:45:00,264,0,0,1,0,0,229.6,230.9,3000.0,1.0177,January,Wednesday,17,Local,0
1704294000,2024-01-03 18:00:00,2024-01-03,18:00:00,265,1,0,0,1,0,229.0,231.3,300.0,0.2072,January,Wednesday,18,Local,1
1704294900,2024-01-03 18:15:00,2024-01-03,18:15:00,266,0,0,1,1,0,229.9,231.3,3150.0,1.0434,January,Wednesday,18,Local,0
1704295800,2024-01-03 18:30:00,2024-01-03,18:30:00,267,1,0,1,1,0,228.3,226.2,3300.0,0.9741,January,Wednesday,18,Local,0
1704296700,2024-01-03 18:45:00,2024-01-03,18:45:00,268,0,0,0,1,1,229.6,230.8,1350.0,0.3124,January,Wednesday,18,Local,0
1704297600,2024-01-03 19:00:00,2024-01-03,19:00:00,269,1,0,1,1,0,230.5,229.2,3300.0,0.9567,January,Wednesday,19,Local,0
1704298500,2024-01-03 19:15:00,2024-01-03,19:15:00,270,0,0,1,1,0,224.5,224.6,3150.0,0.9576,January,Wednesday,19,Local,0
1704299400,2024-01-03 19:30:00,2024-01-03,19:30:00,271,1,0,0,1,0,230.0,230.4,300.0,0.1,January,Wednesday,19,Local,0
1704300300,2024-01-03 19:45:00,2024-01-03,19:45:00,272,1,0,1,1,0,230.6,231.1,3300.0,1.009,January,Wednesday,19,Local,0
1704301200,2024-01-03 20:00:00,2024-01-03,20:00:00,273,1,0,0,1,1,227.5,226.0,1500.0,0.3745,January,Wednesday,20,Local,0
1704302100,2024-01-03 20:15:00,2024-01-03,20:15:00,274,1,0,0,1,1,232.2,228.7,1500.0,0.4783,January,Wednesday,20,Local,0
1704303000,2024-01-03 20:30:00,2024-01-03,20:30:00,275,1,0,0,1,1,232.2,232.7,1500.0,0.4761,January,Wednesday,20,Local,0
1704303900,2024-01-03 20:45:00,2024-01-03,20:45:00,276,1,0,1,0,0,227.7,225.2,3150.0,1.1201,January,Wednesday,20,Local,0
1704304800,2024-01-03 21:00:00,2024-01-03,21:00:00,277,0,1,0,1,0,229.6,228.1,2650.0,0.9876,January,Wednesday,21,Local,0
1704305700,2024-01-03 21:15:00,2024-01-03,21:15:00,278,1,0,1,1,0,235.7,232.8,3300.0,0.9611,January,Wednesday,21,Local,0
1704306600,2024-01-03 21:30:00,2024-01-03,21:30:00,279,1,0,1,1,0,229.3,230.4,3300.0,0.9107,January,Wednesday,21,Local,0
1704307500,2024-01-03 21:45:00,2024-01-03,21:45:00,280,1,0,0,0,0,229.4,230.7,150.0,0.1,January,Wednesday,21,Local,0
1704308400,2024-01-03 22:00:00,2024-01-03,22:00:00,281,1,0,0,1,1,229.8,226.3,1500.0,0.4861,January,Wednesday,22,Local,0
1704309300,2024-01-03 22:15:00,2024-01-03,22:15:00,282,1,0,1,1,0,228.8,228.4,3300.0,1.1553,January,Wednesday,22,Local,0
1704310200,2024-01-03 22:30:00,2024-01-03,22:30:00,283,1,0,0,1,0,228.0,225.7,300.0,0.1,January,Wednesday,22,Local,0
1704311100,2024-01-03 22:45:00,2024-01-03,22:45:00,284,1,0,0,0,0,228.4,228.3,150.0,0.1,January,Wednesday,22,Local,0
1704312000,2024-01-03 23:00:00,2024-01-03,23:00:00,285,1,0,0,1,0,230.6,232.1,300.0,0.1024,January,Wednesday,23,Local,0
1704312900,2024-01-03 23:15:00,2024-01-03,23:15:00,286,0,0,0,1,1,233.1,232.0,1350.0,0.9701,January,Wednesday,23,Local,1
1704313800,2024-01-03 23:30:00,2024-01-03,23:30:00,287,1,0,0,1,0,235.1,235.1,300.0,0.1,January,Wednesday,23,Local,0
1704314700,2024-01-03 23:45:00,2024-01-03,23:45:00,288,0,0,0,0,0,231.6,235.1,0.0,0.1,January,Wednesday,23,Local,0
1704315600,2024-01-04 00:00:00,2024-01-04,00:00:00,289,0,0,0,1,0,230.1,227.0,150.0,0.1,January,Thursday,0,Local,0
1704316500,2024-01-04 00:15:00,2024-01-04,00:15:00,290,0,0,0,1,0,227.9,232.8,150.0,0.1,January,Thursday,0,Local,0
1704317400,2024-01-04 00:30:00,2024-01-04,00:30:00,291,0,0,0,1,0,228.1,229.7,150.0,0.1,January,Thursday,0,Local,0
1704318300,2024-01-04 00:45:00,2024-01-04,00:45:00,292,0,0,0,1,0,229.9,230.0,150.0,0.1,January,Thursday,0,Local,0
1704319200,2024-01-04 01:00:00,2024-01-04,01:00:00,293,0,0,0,1,0,227.1,230.6,150.0,0.1,January,Thursday,1,Local,0
1704320100,2024-01-04 01:15:00,2024-01-04,01:15:00,294,0,0,0,1,0,233.4,236.2,150.0,0.1,January,Thursday,1,Local,0
1704321000,2024-01-04 01:30:00,2024-01-04,01:30:00,295,0,0,0,1,0,233.0,234.4,150.0,0.1,January,Thursday,1,Local,0
1704321900,2024-01-04 01:45:00,2024-01-04,01:45:00,296,0,0,0,0,0,232.6,235.2,0.0,0.1,January,Thursday,1,Local,0
1704322800,2024-01-04 02:00:00,2024-01-04,02:00:00,297,0,0,0,1,0,234.2,232.8,150.0,0.1,January,Thursday,2,Local,0
1704323700,2024-01-04 02:15:00,2024-01-04,02:15:00,298,0,0,0,1,0,231.7,230.5,150.0,0.1,January,Thursday,2,Local,0
1704324600,2024-01-04 02:30:00,2024-01-04,02:30:00,299,0,0,0,1,0,228.3,227.2,150.0,0.1,January,Thursday,2,Local,0
1704325500,2024-01-04 02:45:00,2024-01-04,02:45:00,300,0,0,0,0,0,226.7,227.0,0.0,0.1,January,Thursday,2,Local,0
1704326400,2024-01-04 03:00:00,2024-01-04,03:00:00,301,0,0,0,1,0,230.5,231.1,150.0,0.1,January,Thursday,3,Local,0
1704327300,2024-01-04 03:15:00,2024-01-04,03:15:00,302,0,0,0,1,0,236.3,237.2,150.0,0.1,January,Thursday,3,Local,0
1704328200,2024-01-04 03:30:00,2024-01-04,03:30:00,303,0,0,0,1,0,231.5,233.0,150.0,0.1,January,Thursday,3,Local,0
1704329100,2024-01-04 03:45:00,2024-01-04,03:45:00,304,0,0,0,0,0,229.3,227.1,1000.0,0.2663,January,Thursday,3,Local,0
1704330000,2024-01-04 04:00:00,2024-01-04,04:00:00,305,0,0,0,1,0,232.5,233.8,150.0,0.1,January,Thursday,4,Local,0
1704330900,2024-01-04 04:15:00,2024-01-04,04:15:00,306,0,0,0,1,0,230.2,232.6,150.0,0.1,January,Thursday,4,Local,0
1704331800,2024-01-04 04:30:00,2024-01-04,04:30:00,307,0,0,0,1,0,230.6,228.1,150.0,0.1,January,Thursday,4,Local,0
1704332700,2024-01-04 04:45:00,2024-01-04,04:45:00,308,0,0,0,0,0,231.1,232.1,800.0,0.197,January,Thursday,4,Local,0
1704333600,2024-01-04 05:00:00,2024-01-04,05:00:00,309,0,0,0,1,0,228.8,230.6,150.0,0.1,January,Thursday,5,Local,0
1704334500,2024-01-04 05:15:00,2024-01-04,05:15:00,310,0,0,0,1,0,229.2,227.3,150.0,0.1,January,Thursday,5,Local,0
1704335400,2024-01-04 05:30:00,2024-01-04,05:30:00,311,0,0,0,1,0,232.3,233.1,150.0,0.1,January,Thursday,5,Local,0
1704336300,2024-01-04 05:45:00,2024-01-04,05:45:00,312,0,0,0,0,0,230.4,231.9,0.0,0.1,January,Thursday,5,Local,0
1704337200,2024-01-04 06:00:00,2024-01-04,06:00:00,313,0,0,0,1,0,225.8,225.0,650.0,0.1795,January,Thursday,6,Local,0
1704338100,2024-01-04 06:15:00,2024-01-04,06:15:00,314,0,0,0,1,0,229.8,230.3,150.0,0.1,January,Thursday,6,Local,0
1704339000,2024-01-04 06:30:00,2024-01-04,06:30:00,315,0,0,0,1,0,229.9,229.0,150.0,0.1,January,Thursday,6,Local,0
1704339900,2024-01-04 06:45:00,2024-01-04,06:45:00,316,0,0,0,0,0,227.0,228.6,0.0,0.1,January,Thursday,6,Local,0
1704340800,2024-01-04 07:00:00,2024-01-04,07:00:00,317,0,0,0,1,0,235.3,233.4,150.0,0.1,January,Thursday,7,Local,0
1704341700,2024-01-04 07:15:00,2024-01-04,07:15:00,318,0,0,0,1,1,230.8,230.3,1350.0,0.4229,January,Thursday,7,Local,0
1704342600,2024-01-04 07:30:00,2024-01-04,07:30:00,319,0,0,0,1,0,228.2,224.9,150.0,0.1,January,Thursday,7,Local,0
1704343500,2024-01-04 07:45:00,2024-01-04,07:45:00,320,0,0,0,0,0,230.0,231.6,0.0,0.1,January,Thursday,7,Local,0
1704344400,2024-01-04 08:00:00,2024-01-04,08:00:00,321,0,0,0,1,0,231.6,233.1,150.0,0.1,January,Thursday,8,Local,0
1704345300,2024-01-04 08:15:00,2024-01-04,08:15:00,322,0,0,0,1,0,226.7,227.5,150.0,0.1,January,Thursday,8,Local,0
1704346200,2024-01-04 08:30:00,2024-01-04,08:30:00,323,0,1,0,1,0,231.5,230.1,2650.0,0.9765,January,Thursday,8,Local,0
1704347100,2024-01-04 08:45:00,2024-01-04,08:45:00,324,0,1,0,0,0,229.6,228.1,2500.0,0.8618,January,Thursday,8,Local,0
1704348000,2024-01-04 09:00:00,2024-01-04,09:00:00,325,0,0,0,1,0,228.4,229.8,150.0,0.1,January,Thursday,9,Local,0
1704348900,2024-01-04 09:15:00,2024-01-04,09:15:00,326,0,1,0,0,0,225.5,226.1,2500.0,0.6668,January,Thursday,9,Local,0
1704349800,2024-01-04 09:30:00,2024-01-04,09:30:00,327,0,0,0,1,0,235.1,236.2,150.0,0.1,January,Thursday,9,Local,0
1704350700,2024-01-04 09:45:00,2024-01-04,09:45:00,328,0,0,0,0,0,227.8,230.0,0.0,0.1,January,Thursday,9,Local,0
1704351600,2024-01-04 10:00:00,2024-01-04,10:00:00,329,0,0,0,1,0,233.5,232.3,150.0,0.1,January,Thursday,10,Local,0
1704352500,2024-01-04 10:15:00,2024-01-04,10:15:00,330,0,0,0,1,0,232.9,231.4,150.0,0.1,January,Thursday,10,Local,0
1704353400,2024-01-04 10:30:00,2024-01-04,10:30:00,331,0,0,0,1,0,233.3,235.2,150.0,0.1,January,Thursday,10,Local,0
1704354300,2024-01-04 10:45:00,2024-01-04,10:45:00,332,0,0,0,0,0,226.5,227.9,0.0,0.1,January,Thursday,10,Local,0
1704355200,2024-01-04 11:00:00,2024-01-04,11:00:00,333,0,0,0,1,0,235.6,237.0,150.0,0.1,January,Thursday,11,Local,0
1704356100,2024-01-04 11:15:00,2024-01-04,11:15:00,334,1,0,1,1,0,231.8,229.7,3300.0,0.9209,January,Thursday,11,Local,0
1704357000,2024-01-04 11:30:00,2024-01-04,11:30:00,335,0,0,0,1,0,236.7,235.4,150.0,0.1,January,Thursday,11,Local,0
1704357900,2024-01-04 11:45:00,2024-01-04,11:45:00,336,0,0,0,0,0,228.6,227.6,0.0,0.1,January,Thursday,11,Local,0
1704358800,2024-01-04 12:00:00,2024-01-04,12:00:00,337,0,0,1,1,0,229.1,230.3,3150.0,0.9883,January,Thursday,12,Local,0
1704359700,2024-01-04 12:15:00,2024-01-04,12:15:00,338,0,0,0,0,0,226.0,226.1,0.0,0.1,January,Thursday,12,Local,0
1704360600,2024-01-04 12:30:00,2024-01-04,12:30:00,339,0,0,0,1,0,232.7,232.6,150.0,0.1,January,Thursday,12,Local,0
1704361500,2024-01-04 12:45:00,2024-01-04,12:45:00,340,0,0,0,1,0,231.0,234.7,150.0,0.1,January,Thursday,12,Local,0
1704362400,2024-01-04 13:00:00,2024-01-04,13:00:00,341,0,1,0,1,0,230.3,230.0,2650.0,0.7474,January,Thursday,13,Local,0
1704363300,2024-01-04 13:15:00,2024-01-04,13:15:00,342,1,0,0,1,0,222.6,224.5,300.0,0.1,January,Thursday,13,Local,0
1704364200,2024-01-04 13:30:00,2024-01-04,13:30:00,343,1,0,0,1,0,229.1,230.0,300.0,0.1,January,Thursday,13,Local,0
1704365100,2024-01-04 13:45:00,2024-01-04,13:45:00,344,0,1,0,0,0,230.7,230.7,2500.0,0.6467,January,Thursday,13,Local,0
1704366000,2024-01-04 14:00:00,2024-01-04,14:00:00,345,1,0,0,1,0,226.8,222.9,300.0,0.1,January,Thursday,14,Local,0
1704366900,2024-01-04 14:15:00,2024-01-04,14:15:00,346,0,1,0,1,0,227.0,228.3,2650.0,0.5587,January,Thursday,14,Local,0
1704367800,2024-01-04 14:30:00,2024-01-04,14:30:00,347,0,0,0,1,0,222.7,221.0,150.0,0.1,January,Thursday,14,Local,0
1704368700,2024-01-04 14:45:00,2024-01-04,14:45:00,348,0,0,0,0,0,228.7,226.8,0.0,0.1,January,Thursday,14,Local,0
1704369600,2024-01-04 15:00:00,2024-01-04,15:00:00,349,0,0,0,1,0,231.1,232.6,150.0,0.1,January,Thursday,15,Local,0
1704370500,2024-01-04 15:15:00,2024-01-04,15:15:00,350,0,1,0,0,0,227.7,224.2,2500.0,0.7141,January,Thursday,15,Local,0
1704371400,2024-01-04 15:30:00,2024-01-04,15:30:00,351,0,0,0,1,0,232.1,232.5,150.0,0.1,January,Thursday,15,Local,0
1704372300,2024-01-04 15:45:00,2024-01-04,15:45:00,352,0,0,0,0,0,231.9,233.6,0.0,0.1,January,Thursday,15,Local,0
1704373200,2024-01-04 16:00:00,2024-01-04,16:00:00,353,0,0,0,0,0,228.2,229.6,0.0,0.1,January,Thursday,16,Local,0
1704374100,2024-01-04 16:15:00,2024-01-04,16:15:00,354,0,0,0,1,0,225.7,226.4,150.0,0.1,January,Thursday,16,Local,0
1704375000,2024-01-04 16:30:00,2024-01-04,16:30:00,355,0,0,0,1,0,226.4,224.7,150.0,0.1,January,Thursday,16,Local,0
1704375900,2024-01-04 16:45:00,2024-01-04,16:45:00,356,0,1,1,0,1,229.2,230.7,6700.0,2.0165,January,Thursday,16,Local,0
1704376800,2024-01-04 17:00:00,2024-01-04,17:00:00,357,0,0,1,1,1,231.3,230.7,4350.0,1.4439,January,Thursday,17,Local,0
1704377700,2024-01-04 17:15:00,2024-01-04,17:15:00,358,1,1,0,1,0,227.1,226.7,2800.0,0.9521,January,Thursday,17,Local,0
1704378600,2024-01-04 17:30:00,2024-01-04,17:30:00,359,0,0,1,1,0,232.9,231.2,3150.0,0.9988,January,Thursday,17,Local,0
1704379500,2024-01-04 17:45:00,2024-01-04,17:45:00,360,0,0,0,1,1,224.4,222.7,1350.0,0.3335,January,Thursday,17,Local,0
1704380400,2024-01-04 18:00:00,2024-01-04,18:00:00,361,1,0,0,1,1,226.5,226.0,1500.0,0.3789,January,Thursday,18,Local,0
1704381300,2024-01-04 18:15:00,2024-01-04,18:15:00,362,1,0,0,1,0,231.8,229.5,300.0,0.1,January,Thursday,18,Local,0
1704382200,2024-01-04 18:30:00,2024-01-04,18:30:00,363,1,0,0,1,0,231.3,231.6,300.0,0.1,January,Thursday,18,Local,0
1704383100,2024-01-04 18:45:00,2024-01-04,18:45:00,364,1,1,1,1,0,232.7,229.8,5800.0,1.4327,January,Thursday,18,Local,0
1704384000,2024-01-04 19:00:00,2024-01-04,19:00:00,365,0,0,1,1,1,228.0,229.4,4350.0,1.3248,January,Thursday,19,Local,0
1704384900,2024-01-04 19:15:00,2024-01-04,19:15:00,366,1,1,1,1,1,228.8,231.1,7000.0,1.864,January,Thursday,19,Local,0
1704385800,2024-01-04 19:30:00,2024-01-04,19:30:00,367,1,0,1,1,0,231.2,234.0,3300.0,1.0462,January,Thursday,19,Local,0
1704386700,2024-01-04 19:45:00,2024-01-04,19:45:00,368,1,0,0,0,0,227.9,228.8,150.0,0.1,January,Thursday,19,Local,0
1704387600,2024-01-04 20:00:00,2024-01-04,20:00:00,369,1,0,0,1,1,235.2,238.2,1500.0,0.3961,January,Thursday,20,Local,0
1704388500,2024-01-04 20:15:00,2024-01-04,20:15:00,370,1,0,0,0,1,227.3,228.7,1350.0,0.4373,January,Thursday,20,Local,0
1704389400,2024-01-04 20:30:00,2024-01-04,20:30:00,371,1,1,0,1,0,228.1,230.4,2800.0,0.709,January,Thursday,20,Local,0
1704390300,2024-01-04 20:45:00,2024-01-04,20:45:00,372,1,0,0,0,1,232.4,231.9,1350.0,0.4194,January,Thursday,20,Local,0
1704391200,2024-01-04 21:00:00,2024-01-04,21:00:00,373,1,0,0,1,0,233.6,231.5,300.0,0.1,January,Thursday,21,Local,0
1704392100,2024-01-04 21:15:00,2024-01-04,21:15:00,374,0,0,0,1,0,234.9,235.2,150.0,0.1,January,Thursday,21,Local,0
1704393000,2024-01-04 21:30:00,2024-01-04,21:30:00,375,1,0,0,1,0,231.6,229.7,300.0,0.1117,January,Thursday,21,Local,0
1704393900,2024-01-04 21:45:00,2024-01-04,21:45:00,376,1,0,1,0,0,225.8,229.0,3150.0,0.9851,January,Thursday,21,Local,0
1704394800,2024-01-04 22:00:00,2024-01-04,22:00:00,377,0,0,1,1,0,230.7,232.6,3150.0,0.8741,January,Thursday,22,Local,0
1704395700,2024-01-04 22:15:00,2024-01-04,22:15:00,378,0,0,0,1,0,229.5,230.7,150.0,0.1,January,Thursday,22,Local,0
1704396600,2024-01-04 22:30:00,2024-01-04,22:30:00,379,0,0,0,1,1,228.4,227.4,1350.0,0.3845,January,Thursday,22,Local,0
1704397500,2024-01-04 22:45:00,2024-01-04,22:45:00,380,1,0,0,0,0,229.0,229.7,150.0,0.1,January,Thursday,22,Local,0
1704398400,2024-01-04 23:00:00,2024-01-04,23:00:00,381,0,0,0,1,0,227.7,229.2,150.0,0.1,January,Thursday,23,Local,0
1704399300,2024-01-04 23:15:00,2024-01-04,23:15:00,382,0,0,0,0,0,229.0,226.6,0.0,0.1,January,Thursday,23,Local,0
1704400200,2024-01-04 23:30:00,2024-01-04,23:30:00,383,0,0,0,1,0,222.6,220.2,150.0,0.1,January,Thursday,23,Local,0
1704401100,2024-01-04 23:45:00,2024-01-04,23:45:00,384,1,0,0,0,0,230.9,231.1,150.0,0.1,January,Thursday,23,Local,0
1704402000,2024-01-05 00:00:00,2024-01-05,00:00:00,385,0,0,0,1,0,225.3,223.0,150.0,0.1,January,Friday,0,Local,0
1704402900,2024-01-05 00:15:00,2024-01-05,00:15:00,386,0,0,0,0,0,225.9,222.8,0.0,0.1,January,Friday,0,Local,0
1704403800,2024-01-05 00:30:00,2024-01-05,00:30:00,387,0,0,0,1,0,225.5,227.2,150.0,0.1,January,Friday,0,Local,0
1704404700,2024-01-05 00:45:00,2024-01-05,00:45:00,388,0,0,0,0,0,222.2,221.9,0.0,0.1,January,Friday,0,Local,0
1704405600,2024-01-05 01:00:00,2024-01-05,01:00:00,389,1,0,0,1,0,229.8,229.1,300.0,0.1052,January,Friday,1,Local,0
1704406500,2024-01-05 01:15:00,2024-01-05,01:15:00,390,0,0,0,0,0,234.3,239.4,0.0,0.1,January,Friday,1,Local,0
1704407400,2024-01-05 01:30:00,2024-01-05,01:30:00,391,0,0,0,1,0,232.4,232.0,150.0,0.1,January,Friday,1,Local,0
1704408300,2024-01-05 01:45:00,2024-01-05,01:45:00,392,1,0,0,0,0,230.9,233.0,150.0,0.1,January,Friday,1,Local,0
1704409200,2024-01-05 02:00:00,2024-01-05,02:00:00,393,0,0,0,1,0,229.7,231.9,650.0,0.2123,January,Friday,2,Local,0
1704410100,2024-01-05 02:15:00,2024-01-05,02:15:00,394,0,0,0,1,0,227.7,225.2,150.0,0.1,January,Friday,2,Local,0
1704411000,2024-01-05 02:30:00,2024-01-05,02:30:00,395,0,0,0,1,0,229.6,230.1,150.0,0.1,January,Friday,2,Local,0
1704411900,2024-01-05 02:45:00,2024-01-05,02:45:00,396,0,0,0,0,0,231.8,231.0,0.0,0.1,January,Friday,2,Local,0
1704412800,2024-01-05 03:00:00,2024-01-05,03:00:00,397,0,0,0,1,0,229.7,231.1,150.0,0.1,January,Friday,3,Local,0
1704413700,2024-01-05 03:15:00,2024-01-05,03:15:00,398,0,0,0,1,0,236.2,233.1,150.0,0.1,January,Friday,3,Local,0
1704414600,2024-01-05 03:30:00,2024-01-05,03:30:00,399,0,0,0,1,0,231.2,231.3,150.0,0.1,January,Friday,3,Local,0
1704415500,2024-01-05 03:45:00,2024-01-05,03:45:00,400,0,0,0,0,0,234.9,234.4,0.0,0.1,January,Friday,3,Local,0
1704416400,2024-01-05 04:00:00,2024-01-05,04:00:00,401,0,0,0,1,0,235.4,238.5,150.0,0.1,January,Friday,4,Local,0
1704417300,2024-01-05 04:15:00,2024-01-05,04:15:00,402,0,0,0,1,0,228.1,225.4,150.0,0.1,January,Friday,4,Local,0
1704418200,2024-01-05 04:30:00,2024-01-05,04:30:00,403,0,0,0,1,0,228.0,227.9,150.0,0.1,January,Friday,4,Local,0
1704419100,2024-01-05 04:45:00,2024-01-05,04:45:00,404,0,0,0,0,0,223.0,222.0,0.0,0.1,January,Friday,4,Local,0
1704420000,2024-01-05 05:00:00,2024-01-05,05:00:00,405,0,0,0,1,0,228.1,226.9,150.0,0.1,January,Friday,5,Local,0
1704420900,2024-01-05 05:15:00,2024-01-05,05:15:00,406,0,0,0,1,0,231.6,232.9,150.0,0.1,January,Friday,5,Local,0
1704421800,2024-01-05 05:30:00,2024-01-05,05:30:00,407,0,0,0,0,0,230.3,230.8,0.0,0.1,January,Friday,5,Local,0
1704422700,2024-01-05 05:45:00,2024-01-05,05:45:00,408,0,0,0,0,0,223.8,223.5,0.0,0.1,January,Friday,5,Local,0
1704423600,2024-01-05 06:00:00,2024-01-05,06:00:00,409,0,0,0,1,0,232.2,231.1,150.0,0.1,January,Friday,6,Local,0
1704424500,2024-01-05 06:15:00,2024-01-05,06:15:00,410,0,0,0,0,0,232.5,231.6,0.0,0.1,January,Friday,6,Local,0
1704425400,2024-01-05 06:30:00,2024-01-05,06:30:00,411,0,0,0,1,0,227.5,227.1,150.0,0.1,January,Friday,6,Local,0
1704426300,2024-01-05 06:45:00,2024-01-05,06:45:00,412,0,0,0,0,0,228.4,225.6,0.0,0.1,January,Friday,6,Local,0
1704427200,2024-01-05 07:00:00,2024-01-05,07:00:00,413,0,0,0,1,0,231.6,233.4,150.0,0.1,January,Friday,7,Local,0
1704428100,2024-01-05 07:15:00,2024-01-05,07:15:00,414,0,0,0,1,0,225.5,224.2,150.0,0.1,January,Friday,7,Local,0
1704429000,2024-01-05 07:30:00,2024-01-05,07:30:00,415,0,0,0,1,0,233.1,233.6,150.0,0.1,January,Friday,7,Local,0
1704429900,2024-01-05 07:45:00,2024-01-05,07:45:00,416,0,0,0,0,0,232.7,232.4,0.0,0.1,January,Friday,7,Local,0
1704430800,2024-01-05 08:00:00,2024-01-05,08:00:00,417,0,0,0,1,0,228.9,231.3,150.0,0.1,January,Friday,8,Local,0
1704431700,2024-01-05 08:15:00,2024-01-05,08:15:00,418,1,0,0,1,0,228.8,227.6,300.0,0.1013,January,Friday,8,Local,0
1704432600,2024-01-05 08:30:00,2024-01-05,08:30:00,419,0,0,0,1,0,229.5,230.2,150.0,0.1,January,Friday,8,Local,0
1704433500,2024-01-05 08:45:00,2024-01-05,08:45:00,420,0,0,0,0,0,230.0,228.9,0.0,0.1,January,Friday,8,Local,0
1704434400,2024-01-05 09:00:00,2024-01-05,09:00:00,421,0,0,0,1,0,232.5,236.6,150.0,0.1,January,Friday,9,Local,0
1704435300,2024-01-05 09:15:00,2024-01-05,09:15:00,422,0,1,0,1,0,229.6,232.7,2650.0,0.8067,January,Friday,9,Local,0
1704436200,2024-01-05 09:30:00,2024-01-05,09:30:00,423,0,1,0,0,0,234.4,233.8,2500.0,0.6642,January,Friday,9,Local,0
1704437100,2024-01-05 09:45:00,2024-01-05,09:45:00,424,0,0,0,1,0,224.9,221.5,150.0,0.1,January,Friday,9,Local,0
1704438000,2024-01-05 10:00:00,2024-01-05,10:00:00,425,0,0,0,1,0,225.5,228.9,2150.0,0.6416,January,Friday,10,Local,0
1704438900,2024-01-05 10:15:00,2024-01-05,10:15:00,426,0,0,0,1,0,233.1,235.9,150.0,0.1,January,Friday,10,Local,0
1704439800,2024-01-05 10:30:00,2024-01-05,10:30:00,427,0,0,0,0,0,233.3,234.5,0.0,0.1,January,Friday,10,Local,0
1704440700,2024-01-05 10:45:00,2024-01-05,10:45:00,428,0,0,0,0,0,226.6,226.5,0.0,0.1,January,Friday,10,Local,0
1704441600,2024-01-05 11:00:00,2024-01-05,11:00:00,429,0,1,0,1,0,229.4,230.9,2650.0,0.773,January,Friday,11,Local,0
1704442500,2024-01-05 11:15:00,2024-01-05,11:15:00,430,0,0,0,1,0,233.9,233.2,150.0,0.1,January,Friday,11,Local,0
1704443400,2024-01-05 11:30:00,2024-01-05,11:30:00,431,0,0,0,1,0,234.9,239.2,150.0,0.1,January,Friday,11,Local,0
1704444300,2024-01-05 11:45:00,2024-01-05,11:45:00,432,0,0,0,0,0,227.9,230.0,0.0,0.1,January,Friday,11,Local,0
1704445200,2024-01-05 12:00:00,2024-01-05,12:00:00,433,0,0,0,1,1,229.9,228.1,1350.0,0.4652,January,Friday,12,Local,0
1704446100,2024-01-05 12:15:00,2024-01-05,12:15:00,434,0,0,0,1,0,233.4,232.6,150.0,0.1,January,Friday,12,Local,0
1704447000,2024-01-05 12:30:00,2024-01-05,12:30:00,435,1,0,0,1,0,234.9,234.6,300.0,0.1,January,Friday,12,Local,0
1704447900,2024-01-05 12:45:00,2024-01-05,12:45:00,436,0,0,1,0,0,227.6,230.1,3000.0,0.8546,January,Friday,12,Local,0
1704448800,2024-01-05 13:00:00,2024-01-05,13:00:00,437,0,0,0,1,1,229.3,227.2,1350.0,0.4412,January,Friday,13,Local,0
1704449700,2024-01-05 13:15:00,2024-01-05,13:15:00,438,0,0,0,1,0,229.3,233.4,150.0,0.1,January,Friday,13,Local,0
1704450600,2024-01-05 13:30:00,2024-01-05,13:30:00,439,0,0,0,1,1,232.6,230.0,1350.0,0.4878,January,Friday,13,Local,0
1704451500,2024-01-05 13:45:00,2024-01-05,13:45:00,440,0,0,1,0,0,232.4,232.9,3000.0,0.7714,January,Friday,13,Local,0
1704452400,2024-01-05 14:00:00,2024-01-05,14:00:00,441,0,0,0,1,0,229.3,228.0,150.0,0.1,January,Friday,14,Local,0
1704453300,2024-01-05 14:15:00,2024-01-05,14:15:00,442,0,0,0,1,0,225.9,224.3,150.0,0.1,January,Friday,14,Local,0
1704454200,2024-01-05 14:30:00,2024-01-05,14:30:00,443,0,0,0,1,0,224.9,225.5,1150.0,0.4108,January,Friday,14,Local,0
1704455100,2024-01-05 14:45:00,2024-01-05,14:45:00,444,0,0,0,0,0,229.7,230.4,0.0,0.1,January,Friday,14,Local,0
1704456000,2024-01-05 15:00:00,2024-01-05,15:00:00,445,1,0,0,1,0,227.4,222.4,800.0,0.2097,January,Friday,15,Local,0
1704456900,2024-01-05 15:15:00,2024-01-05,15:15:00,446,0,0,0,1,1,225.6,230.4,1350.0,0.3536,January,Friday,15,Local,0
1704457800,2024-01-05 15:30:00,2024-01-05,15:30:00,447,0,0,0,1,0,231.5,235.2,150.0,0.1,January,Friday,15,Local,0
1704458700,2024-01-05 15:45:00,2024-01-05,15:45:00,448,0,0,0,0,0,224.9,226.5,500.0,0.1459,January,Friday,15,Local,0
1704459600,2024-01-05 16:00:00,2024-01-05,16:00:00,449,0,0,1,1,0,229.1,229.3,3150.0,0.8724,January,Friday,16,Local,0
1704460500,2024-01-05 16:15:00,2024-01-05,16:15:00,450,0,0,0,1,0,229.0,229.6,150.0,0.1,January,Friday,16,Local,0
1704461400,2024-01-05 16:30:00,2024-01-05,16:30:00,451,0,0,0,1,0,230.4,230.7,150.0,0.1,January,Friday,16,Local,0
1704462300,2024-01-05 16:45:00,2024-01-05,16:45:00,452,1,0,0,0,0,233.1,233.4,150.0,0.1,January,Friday,16,Local,0
1704463200,2024-01-05 17:00:00,2024-01-05,17:00:00,453,0,0,0,1,0,229.6,232.8,150.0,0.1,January,Friday,17,Local,0
1704464100,2024-01-05 17:15:00,2024-01-05,17:15:00,454,0,0,0,0,0,232.1,234.3,0.0,0.1,January,Friday,17,Local,0
1704465000,2024-01-05 17:30:00,2024-01-05,17:30:00,455,1,0,0,1,0,231.1,231.5,300.0,0.1,January,Friday,17,Local,0
1704465900,2024-01-05 17:45:00,2024-01-05,17:45:00,456,1,0,0,1,0,228.8,231.7,1300.0,0.3733,January,Friday,17,Local,0
1704466800,2024-01-05 18:00:00,2024-01-05,18:00:00,457,1,0,1,1,1,232.3,232.1,4500.0,1.3202,January,Friday,18,Local,0
1704467700,2024-01-05 18:15:00,2024-01-05,18:15:00,458,1,0,0,1,0,228.9,226.7,300.0,0.1,January,Friday,18,Local,0
1704468600,2024-01-05 18:30:00,2024-01-05,18:30:00,459,0,1,0,1,0,232.5,230.6,3150.0,0.8477,January,Friday,18,Local,0
1704469500,2024-01-05 18:45:00,2024-01-05,18:45:00,460,1,0,0,0,0,230.7,230.6,150.0,0.1,January,Friday,18,Local,0
1704470400,2024-01-05 19:00:00,2024-01-05,19:00:00,461,1,0,0,1,0,234.2,235.3,300.0,0.1002,January,Friday,19,Local,0
1704471300,2024-01-05 19:15:00,2024-01-05,19:15:00,462,1,0,1,1,0,235.1,240.4,3300.0,1.0179,January,Friday,19,Local,0
1704472200,2024-01-05 19:30:00,2024-01-05,19:30:00,463,1,1,0,1,0,229.8,231.9,2800.0,0.8997,January,Friday,19,Local,0
1704473100,2024-01-05 19:45:00,2024-01-05,19:45:00,464,1,0,0,0,0,229.2,229.3,150.0,0.1,January,Friday,19,Local,0
1704474000,2024-01-05 20:00:00,2024-01-05,20:00:00,465,1,0,0,1,0,229.3,228.2,300.0,0.1,January,Friday,20,Local,0
1704474900,2024-01-05 20:15:00,2024-01-05,20:15:00,466,1,0,0,1,0,226.0,225.1,300.0,0.1,January,Friday,20,Local,0
1704475800,2024-01-05 20:30:00,2024-01-05,20:30:00,467,0,0,0,1,0,234.0,233.6,150.0,0.1,January,Friday,20,Local,0
1704476700,2024-01-05 20:45:00,2024-01-05,20:45:00,468,1,0,0,1,0,230.7,226.4,300.0,0.1074,January,Friday,20,Local,0
1704477600,2024-01-05 21:00:00,2024-01-05,21:00:00,469,1,0,0,1,0,230.6,226.6,300.0,0.1,January,Friday,21,Local,0
1704478500,2024-01-05 21:15:00,2024-01-05,21:15:00,470,1,0,0,1,1,226.3,227.9,1500.0,0.5223,January,Friday,21,Local,0
1704479400,2024-01-05 21:30:00,2024-01-05,21:30:00,471,1,0,0,0,0,226.6,233.2,150.0,0.1,January,Friday,21,Local,0
1704480300,2024-01-05 21:45:00,2024-01-05,21:45:00,472,1,0,0,0,0,228.3,227.3,150.0,0.1,January,Friday,21,Local,0
1704481200,2024-01-05 22:00:00,2024-01-05,22:00:00,473,1,0,0,1,0,234.1,230.7,300.0,0.1,January,Friday,22,Local,0
1704482100,2024-01-05 22:15:00,2024-01-05,22:15:00,474,0,0,0,1,0,227.2,224.3,150.0,0.1,January,Friday,22,Local,0
1704483000,2024-01-05 22:30:00,2024-01-05,22:30:00,475,0,0,0,1,0,234.5,233.4,150.0,0.1,January,Friday,22,Local,0
1704483900,2024-01-05 22:45:00,2024-01-05,22:45:00,476,1,0,0,0,1,226.8,225.7,1350.0,0.3736,January,Friday,22,Local,0
1704484800,2024-01-05 23:00:00,2024-01-05,23:00:00,477,1,0,0,1,0,226.3,223.4,300.0,0.1,January,Friday,23,Local,0
1704485700,2024-01-05 23:15:00,2024-01-05,23:15:00,478,1,0,0,1,0,229.2,230.3,300.0,0.1,January,Friday,23,Local,0
1704486600,2024-01-05 23:30:00,2024-01-05,23:30:00,479,1,0,0,1,0,232.4,232.9,800.0,0.2636,January,Friday,23,Local,0
1704487500,2024-01-05 23:45:00,2024-01-05,23:45:00,480,0,0,0,1,0,229.4,229.7,150.0,0.1,January,Friday,23,Local,0
1704488400,2024-01-06 00:00:00,2024-01-06,00:00:00,481,1,0,0,1,0,227.9,227.0,300.0,0.1,January,Saturday,0,Local,0
1704489300,2024-01-06 00:15:00,2024-01-06,00:15:00,482,0,0,0,1,0,230.4,228.5,150.0,0.1,January,Saturday,0,Local,0
1704490200,2024-01-06 00:30:00,2024-01-06,00:30:00,483,0,0,0,1,0,227.0,227.2,150.0,0.1,January,Saturday,0,Local,0
1704491100,2024-01-06 00:45:00,2024-01-06,00:45:00,484,0,0,0,1,0,232.4,231.9,150.0,0.1,January,Saturday,0,Local,0
1704492000,2024-01-06 01:00:00,2024-01-06,01:00:00,485,0,0,0,1,0,228.7,227.4,1150.0,0.3437,January,Saturday,1,Local,0
1704492900,2024-01-06 01:15:00,2024-01-06,01:15:00,486,0,0,0,1,0,227.7,225.7,150.0,0.1,January,Saturday,1,Local,0
1704493800,2024-01-06 01:30:00,2024-01-06,01:30:00,487,0,0,0,1,0,232.6,235.0,150.0,0.1,January,Saturday,1,Local,0
1704494700,2024-01-06 01:45:00,2024-01-06,01:45:00,488,0,0,0,0,0,230.9,228.7,0.0,0.1,January,Saturday,1,Local,0
1704495600,2024-01-06 02:00:00,2024-01-06,02:00:00,489,0,0,0,1,0,230.3,233.1,150.0,0.1,January,Saturday,2,Local,0
1704496500,2024-01-06 02:15:00,2024-01-06,02:15:00,490,0,0,0,1,0,226.8,227.9,150.0,0.1,January,Saturday,2,Local,0
1704497400,2024-01-06 02:30:00,2024-01-06,02:30:00,491,1,0,0,1,0,227.5,228.1,300.0,0.1,January,Saturday,2,Local,0
1704498300,2024-01-06 02:45:00,2024-01-06,02:45:00,492,0,0,0,0,0,237.4,238.0,0.0,0.1,January,Saturday,2,Local,0
1704499200,2024-01-06 03:00:00,2024-01-06,03:00:00,493,0,0,0,1,0,227.8,226.4,150.0,0.1,January,Saturday,3,Local,0
1704500100,2024-01-06 03:15:00,2024-01-06,03:15:00,494,0,0,0,0,0,238.4,241.0,0.0,0.1,January,Saturday,3,Local,0
1704501000,2024-01-06 03:30:00,2024-01-06,03:30:00,495,0,0,0,0,0,227.5,229.4,0.0,0.1,January,Saturday,3,Local,0
1704501900,2024-01-06 03:45:00,2024-01-06,03:45:00,496,0,0,0,0,0,234.2,234.7,0.0,0.1,January,Saturday,3,Local,0
1704502800,2024-01-06 04:00:00,2024-01-06,04:00:00,497,0,0,0,1,0,236.6,235.3,150.0,0.1,January,Saturday,4,Local,0
1704503700,2024-01-06 04:15:00,2024-01-06,04:15:00,498,0,0,0,1,0,223.3,223.2,150.0,0.1,January,Saturday,4,Local,0
1704504600,2024-01-06 04:30:00,2024-01-06,04:30:00,499,0,0,0,1,0,228.3,227.9,150.0,0.1,January,Saturday,4,Local,0
1704505500,2024-01-06 04:45:00,2024-01-06,04:45:00,500,0,0,0,0,0,227.7,226.1,0.0,0.1,January,Saturday,4,Local,0
1704506400,2024-01-06 05:00:00,2024-01-06,05:00:00,501,0,0,0,1,0,232.7,232.6,150.0,0.1,January,Saturday,5,Local,0
1704507300,2024-01-06 05:15:00,2024-01-06,05:15:00,502,0,0,0,1,0,234.6,233.4,150.0,0.1,January,Saturday,5,Local,0
1704508200,2024-01-06 05:30:00,2024-01-06,05:30:00,503,0,0,0,1,0,231.9,232.2,150.0,0.1,January,Saturday,5,Local,0
1704509100,2024-01-06 05:45:00,2024-01-06,05:45:00,504,0,0,0,0,0,228.0,227.9,0.0,0.1,January,Saturday,5,Local,0
1704510000,2024-01-06 06:00:00,2024-01-06,06:00:00,505,0,0,0,1,0,224.2,223.7,1650.0,0.5272,January,Saturday,6,Local,0
1704510900,2024-01-06 06:15:00,2024-01-06,06:15:00,506,0,0,0,1,0,226.8,226.3,150.0,0.1,January,Saturday,6,Local,0
1704511800,2024-01-06 06:30:00,2024-01-06,06:30:00,507,0,0,0,1,0,229.5,230.2,150.0,0.1,January,Saturday,6,Local,0
1704512700,2024-01-06 06:45:00,2024-01-06,06:45:00,508,0,0,0,0,0,236.4,234.0,0.0,0.1,January,Saturday,6,Local,0
1704513600,2024-01-06 07:00:00,2024-01-06,07:00:00,509,1,0,0,1,0,225.9,226.5,800.0,0.2779,January,Saturday,7,Local,0
1704514500,2024-01-06 07:15:00,2024-01-06,07:15:00,510,1,0,0,1,0,229.0,230.1,300.0,0.1,January,Saturday,7,Local,0
1704515400,2024-01-06 07:30:00,2024-01-06,07:30:00,511,0,0,0,1,0,231.5,230.1,150.0,0.1,January,Saturday,7,Local,0
1704516300,2024-01-06 07:45:00,2024-01-06,07:45:00,512,0,0,1,1,0,234.1,233.3,3150.0,0.8381,January,Saturday,7,Local,0
1704517200,2024-01-06 08:00:00,2024-01-06,08:00:00,513,0,0,0,1,0,225.9,228.1,150.0,0.1,January,Saturday,8,Local,0
1704518100,2024-01-06 08:15:00,2024-01-06,08:15:00,514,0,0,0,1,0,224.0,223.5,150.0,0.1,January,Saturday,8,Local,0
1704519000,2024-01-06 08:30:00,2024-01-06,08:30:00,515,0,0,0,1,0,228.8,224.6,150.0,0.1,January,Saturday,8,Local,0
1704519900,2024-01-06 08:45:00,2024-01-06,08:45:00,516,0,0,0,0,0,232.4,231.3,0.0,0.1,January,Saturday,8,Local,0
1704520800,2024-01-06 09:00:00,2024-01-06,09:00:00,517,0,0,0,1,0,225.6,222.0,150.0,0.1,January,Saturday,9,Local,0
1704521700,2024-01-06 09:15:00,2024-01-06,09:15:00,518,0,0,0,1,0,226.4,227.4,150.0,0.1,January,Saturday,9,Local,0
1704522600,2024-01-06 09:30:00,2024-01-06,09:30:00,519,0,1,0,1,0,235.2,234.6,2650.0,0.8144,January,Saturday,9,Local,0
1704523500,2024-01-06 09:45:00,2024-01-06,09:45:00,520,1,0,0,0,0,230.0,230.3,150.0,0.1,January,Saturday,9,Local,0
1704524400,2024-01-06 10:00:00,2024-01-06,10:00:00,521,0,1,0,1,0,230.0,229.6,2650.0,0.7636,January,Saturday,10,Local,0
1704525300,2024-01-06 10:15:00,2024-01-06,10:15:00,522,0,0,1,1,0,228.3,227.2,3150.0,0.8536,January,Saturday,10,Local,0
1704526200,2024-01-06 10:30:00,2024-01-06,10:30:00,523,0,0,0,1,0,222.7,221.0,950.0,0.3146,January,Saturday,10,Local,0
1704527100,2024-01-06 10:45:00,2024-01-06,10:45:00,524,1,0,0,0,0,234.2,234.2,150.0,0.1,January,Saturday,10,Local,0
1704528000,2024-01-06 11:00:00,2024-01-06,11:00:00,525,0,0,0,1,0,234.0,236.2,150.0,0.1,January,Saturday,11,Local,0
1704528900,2024-01-06 11:15:00,2024-01-06,11:15:00,526,1,0,0,0,0,229.7,230.7,150.0,0.1,January,Saturday,11,Local,0
1704529800,2024-01-06 11:30:00,2024-01-06,11:30:00,527,0,0,0,0,0,231.7,237.0,0.0,0.1,January,Saturday,11,Local,0
1704530700,2024-01-06 11:45:00,2024-01-06,11:45:00,528,0,0,0,0,0,236.0,238.0,0.0,0.1,January,Saturday,11,Local,0
1704531600,2024-01-06 12:00:00,2024-01-06,12:00:00,529,0,1,0,1,0,228.1,228.1,2650.0,0.8168,January,Saturday,12,Local,0
1704532500,2024-01-06 12:15:00,2024-01-06,12:15:00,530,0,0,1,1,0,231.4,233.2,3150.0,0.8356,January,Saturday,12,Local,0
1704533400,2024-01-06 12:30:00,2024-01-06,12:30:00,531,0,0,1,0,1,231.1,227.2,4200.0,1.348,January,Saturday,12,Local,0
1704534300,2024-01-06 12:45:00,2024-01-06,12:45:00,532,0,0,0,0,0,231.9,231.5,0.0,0.1,January,Saturday,12,Local,0
1704535200,2024-01-06 13:00:00,2024-01-06,13:00:00,533,0,0,0,1,0,232.3,232.5,150.0,0.1,January,Saturday,13,Local,0
1704536100,2024-01-06 13:15:00,2024-01-06,13:15:00,534,0,0,0,1,0,224.6,223.0,150.0,0.1,January,Saturday,13,Local,0
1704537000,2024-01-06 13:30:00,2024-01-06,13:30:00,535,1,0,0,1,0,231.5,233.9,300.0,0.1,January,Saturday,13,Local,0
1704537900,2024-01-06 13:45:00,2024-01-06,13:45:00,536,1,0,0,0,0,230.0,224.1,150.0,0.1,January,Saturday,13,Local,0
1704538800,2024-01-06 14:00:00,2024-01-06,14:00:00,537,0,1,0,1,0,225.3,225.9,2650.0,0.7949,January,Saturday,14,Local,0
1704539700,2024-01-06 14:15:00,2024-01-06,14:15:00,538,1,0,0,1,0,231.3,231.4,300.0,0.1,January,Saturday,14,Local,0
1704540600,2024-01-06 14:30:00,2024-01-06,14:30:00,539,0,1,0,1,0,229.3,230.3,2650.0,0.9316,January,Saturday,14,Local,0
1704541500,2024-01-06 14:45:00,2024-01-06,14:45:00,540,0,0,0,0,0,233.4,234.4,0.0,0.1,January,Saturday,14,Local,0
1704542400,2024-01-06 15:00:00,2024-01-06,15:00:00,541,0,0,0,1,0,234.6,233.9,150.0,0.1,January,Saturday,15,Local,0
1704543300,2024-01-06 15:15:00,2024-01-06,15:15:00,542,0,1,0,1,0,229.5,230.9,2650.0,0.7869,January,Saturday,15,Local,0
1704544200,2024-01-06 15:30:00,2024-01-06,15:30:00,543,0,0,0,1,0,228.4,226.8,150.0,0.1,January,Saturday,15,Local,0
1704545100,2024-01-06 15:45:00,2024-01-06,15:45:00,544,1,0,1,0,0,226.7,228.3,3150.0,0.9729,January,Saturday,15,Local,0
1704546000,2024-01-06 16:00:00,2024-01-06,16:00:00,545,0,0,0,1,0,226.0,225.4,150.0,0.1,January,Saturday,16,Local,0
1704546900,2024-01-06 16:15:00,2024-01-06,16:15:00,546,1,0,0,1,0,232.9,229.4,300.0,0.1,January,Saturday,16,Local,0
1704547800,2024-01-06 16:30:00,2024-01-06,16:30:00,547,0,0,0,1,0,233.8,232.7,150.0,0.1,January,Saturday,16,Local,0
1704548700,2024-01-06 16:45:00,2024-01-06,16:45:00,548,0,1,0,0,0,231.2,227.3,2500.0,0.7399,January,Saturday,16,Local,0
1704549600,2024-01-06 17:00:00,2024-01-06,17:00:00,549,1,0,0,1,0,227.1,229.2,300.0,0.1018,January,Saturday,17,Local,0
1704550500,2024-01-06 17:15:00,2024-01-06,17:15:00,550,0,0,1,1,0,228.1,227.8,3150.0,0.9174,January,Saturday,17,Local,0
1704551400,2024-01-06 17:30:00,2024-01-06,17:30:00,551,0,0,1,1,0,231.0,234.3,3150.0,1.009,January,Saturday,17,Local,0
1704552300,2024-01-06 17:45:00,2024-01-06,17:45:00,552,1,0,0,0,0,227.1,230.0,150.0,0.1,January,Saturday,17,Local,0
1704553200,2024-01-06 18:00:00,2024-01-06,18:00:00,553,0,0,1,1,0,234.4,233.1,3150.0,0.8644,January,Saturday,18,Local,0
1704554100,2024-01-06 18:15:00,2024-01-06,18:15:00,554,1,0,1,1,1,229.2,227.5,4500.0,1.3599,January,Saturday,18,Local,0
1704555000,2024-01-06 18:30:00,2024-01-06,18:30:00,555,1,0,1,1,0,231.0,229.0,3300.0,0.8684,January,Saturday,18,Local,0
1704555900,2024-01-06 18:45:00,2024-01-06,18:45:00,556,1,0,0,0,0,232.3,233.3,150.0,0.1,January,Saturday,18,Local,0
1704556800,2024-01-06 19:00:00,2024-01-06,19:00:00,557,1,0,1,0,0,227.3,228.5,3150.0,1.0399,January,Saturday,19,Local,0
1704557700,2024-01-06 19:15:00,2024-01-06,19:15:00,558,1,0,0,0,0,234.4,233.9,150.0,0.1,January,Saturday,19,Local,0
1704558600,2024-01-06 19:30:00,2024-01-06,19:30:00,559,1,0,0,1,0,232.8,232.0,300.0,0.1,January,Saturday,19,Local,0
1704559500,2024-01-06 19:45:00,2024-01-06,19:45:00,560,1,0,0,0,0,234.9,239.5,150.0,0.1,January,Saturday,19,Local,0
1704560400,2024-01-06 20:00:00,2024-01-06,20:00:00,561,1,0,1,1,0,231.4,232.4,3300.0,0.9888,January,Saturday,20,Local,0
1704561300,2024-01-06 20:15:00,2024-01-06,20:15:00,562,1,0,1,0,0,229.2,229.3,3150.0,0.8326,January,Saturday,20,Local,0
1704562200,2024-01-06 20:30:00,2024-01-06,20:30:00,563,1,0,0,1,1,226.4,225.4,1500.0,0.4754,January,Saturday,20,Local,0
1704563100,2024-01-06 20:45:00,2024-01-06,20:45:00,564,1,1,0,0,0,224.8,221.5,2650.0,0.8652,January,Saturday,20,Local,0
1704564000,2024-01-06 21:00:00,2024-01-06,21:00:00,565,1,0,0,0,0,233.9,235.0,150.0,0.1,January,Saturday,21,Local,0
1704564900,2024-01-06 21:15:00,2024-01-06,21:15:00,566,1,0,0,1,0,228.0,224.1,300.0,0.1,January,Saturday,21,Local,0
1704565800,2024-01-06 21:30:00,2024-01-06,21:30:00,567,1,0,1,1,0,228.5,230.4,3300.0,0.9445,January,Saturday,21,Local,0
1704566700,2024-01-06 21:45:00,2024-01-06,21:45:00,568,1,1,1,0,0,230.9,233.5,5650.0,1.5067,January,Saturday,21,Local,0
1704567600,2024-01-06 22:00:00,2024-01-06,22:00:00,569,1,0,0,0,0,230.3,230.0,150.0,0.1,January,Saturday,22,Local,0
1704568500,2024-01-06 22:15:00,2024-01-06,22:15:00,570,1,0,0,1,0,228.8,228.7,300.0,0.1,January,Saturday,22,Local,0
1704569400,2024-01-06 22:30:00,2024-01-06,22:30:00,571,1,1,0,1,0,227.6,223.5,2800.0,0.949,January,Saturday,22,Local,0
1704570300,2024-01-06 22:45:00,2024-01-06,22:45:00,572,1,0,0,0,0,224.9,221.9,150.0,0.1,January,Saturday,22,Local,0
1704571200,2024-01-06 23:00:00,2024-01-06,23:00:00,573,1,0,0,0,0,233.5,235.0,150.0,0.1,January,Saturday,23,Local,0
1704572100,2024-01-06 23:15:00,2024-01-06,23:15:00,574,0,0,0,1,0,232.0,228.2,150.0,0.1,January,Saturday,23,Local,0
1704573000,2024-01-06 23:30:00,2024-01-06,23:30:00,575,0,0,0,0,0,222.6,221.8,0.0,0.1,January,Saturday,23,Local,0
1704573900,2024-01-06 23:45:00,2024-01-06,23:45:00,576,0,0,0,0,0,225.1,222.9,0.0,0.1,January,Saturday,23,Local,0
1704574800,2024-01-07 00:00:00,2024-01-07,00:00:00,577,0,0,0,1,0,231.6,229.4,150.0,0.1,January,Sunday,0,Local,0
1704575700,2024-01-07 00:15:00,2024-01-07,00:15:00,578,1,0,0,0,0,225.0,224.1,150.0,0.1,January,Sunday,0,Local,0
1704576600,2024-01-07 00:30:00,2024-01-07,00:30:00,579,0,0,0,1,0,229.6,228.7,150.0,0.1,January,Sunday,0,Local,0
1704577500,2024-01-07 00:45:00,2024-01-07,00:45:00,580,0,0,0,1,0,227.1,227.9,150.0,0.1,January,Sunday,0,Local,0
1704578400,2024-01-07 01:00:00,2024-01-07,01:00:00,581,0,0,0,1,0,228.1,225.3,150.0,0.1,January,Sunday,1,Local,0
1704579300,2024-01-07 01:15:00,2024-01-07,01:15:00,582,0,0,0,1,0,231.8,229.1,150.0,0.1,January,Sunday,1,Local,0
1704580200,2024-01-07 01:30:00,2024-01-07,01:30:00,583,0,0,0,0,0,232.4,234.2,500.0,0.1591,January,Sunday,1,Local,0
1704581100,2024-01-07 01:45:00,2024-01-07,01:45:00,584,0,0,0,1,0,227.4,224.8,150.0,0.1,January,Sunday,1,Local,0
1704582000,2024-01-07 02:00:00,2024-01-07,02:00:00,585,0,0,0,1,0,230.1,231.8,150.0,0.1,January,Sunday,2,Local,0
1704582900,2024-01-07 02:15:00,2024-01-07,02:15:00,586,0,0,0,1,0,228.6,229.6,150.0,0.1,January,Sunday,2,Local,0
1704583800,2024-01-07 02:30:00,2024-01-07,02:30:00,587,0,0,0,1,0,236.6,234.7,150.0,0.1,January,Sunday,2,Local,0
1704584700,2024-01-07 02:45:00,2024-01-07,02:45:00,588,0,0,0,0,0,229.8,231.6,0.0,0.1,January,Sunday,2,Local,0
1704585600,2024-01-07 03:00:00,2024-01-07,03:00:00,589,0,0,0,1,0,234.2,232.8,150.0,0.1,January,Sunday,3,Local,0
1704586500,2024-01-07 03:15:00,2024-01-07,03:15:00,590,0,0,0,1,0,232.3,234.0,150.0,0.1,January,Sunday,3,Local,0
1704587400,2024-01-07 03:30:00,2024-01-07,03:30:00,591,0,0,0,1,0,230.0,231.6,150.0,0.1,January,Sunday,3,Local,0
1704588300,2024-01-07 03:45:00,2024-01-07,03:45:00,592,0,0,0,1,0,229.6,230.6,150.0,0.1,January,Sunday,3,Local,0
1704589200,2024-01-07 04:00:00,2024-01-07,04:00:00,593,0,0,0,1,0,231.7,233.2,150.0,0.1,January,Sunday,4,Local,0
1704590100,2024-01-07 04:15:00,2024-01-07,04:15:00,594,0,0,0,1,0,236.5,237.3,150.0,0.1,January,Sunday,4,Local,0
1704591000,2024-01-07 04:30:00,2024-01-07,04:30:00,595,0,0,0,1,0,230.7,231.6,150.0,0.1,January,Sunday,4,Local,0
1704591900,2024-01-07 04:45:00,2024-01-07,04:45:00,596,0,0,0,0,0,225.7,221.9,0.0,0.1,January,Sunday,4,Local,0
1704592800,2024-01-07 05:00:00,2024-01-07,05:00:00,597,0,0,0,1,0,229.1,231.0,150.0,0.1,January,Sunday,5,Local,0
1704593700,2024-01-07 05:15:00,2024-01-07,05:15:00,598,0,0,0,1,0,233.1,236.8,150.0,0.1,January,Sunday,5,Local,0
1704594600,2024-01-07 05:30:00,2024-01-07,05:30:00,599,1,0,0,1,0,229.4,229.1,300.0,0.1037,January,Sunday,5,Local,0
1704595500,2024-01-07 05:45:00,2024-01-07,05:45:00,600,0,0,0,0,0,232.0,233.2,0.0,0.1,January,Sunday,5,Local,0
1704596400,2024-01-07 06:00:00,2024-01-07,06:00:00,601,0,0,0,1,0,233.1,232.6,150.0,0.1,January,Sunday,6,Local,0
1704597300,2024-01-07 06:15:00,2024-01-07,06:15:00,602,0,0,0,1,0,224.5,222.9,150.0,0.1,January,Sunday,6,Local,0
1704598200,2024-01-07 06:30:00,2024-01-07,06:30:00,603,0,0,0,1,0,228.8,227.3,150.0,0.1,January,Sunday,6,Local,0
1704599100,2024-01-07 06:45:00,2024-01-07,06:45:00,604,0,0,0,0,0,228.7,226.7,2000.0,0.6267,January,Sunday,6,Local,0
1704600000,2024-01-07 07:00:00,2024-01-07,07:00:00,605,0,0,0,1,0,228.4,225.7,150.0,0.1,January,Sunday,7,Local,0
1704600900,2024-01-07 07:15:00,2024-01-07,07:15:00,606,0,0,0,1,0,226.9,226.2,150.0,0.1,January,Sunday,7,Local,0
1704601800,2024-01-07 07:30:00,2024-01-07,07:30:00,607,0,0,0,0,0,225.8,226.5,0.0,0.1,January,Sunday,7,Local,0
1704602700,2024-01-07 07:45:00,2024-01-07,07:45:00,608,0,0,0,0,0,226.7,229.0,0.0,0.1,January,Sunday,7,Local,0
1704603600,2024-01-07 08:00:00,2024-01-07,08:00:00,609,0,0,0,1,0,231.8,232.5,150.0,0.1,January,Sunday,8,Local,0
1704604500,2024-01-07 08:15:00,2024-01-07,08:15:00,610,0,0,1,1,0,235.5,234.8,3150.0,0.9439,January,Sunday,8,Local,0
1704605400,2024-01-07 08:30:00,2024-01-07,08:30:00,611,0,0,0,1,0,232.5,235.1,150.0,0.1,January,Sunday,8,Local,0
1704606300,2024-01-07 08:45:00,2024-01-07,08:45:00,612,0,0,0,0,0,233.9,233.5,0.0,0.1,January,Sunday,8,Local,0
1704607200,2024-01-07 09:00:00,2024-01-07,09:00:00,613,0,0,0,1,0,231.1,229.3,150.0,0.1,January,Sunday,9,Local,0
1704608100,2024-01-07 09:15:00,2024-01-07,09:15:00,614,0,0,0,1,0,229.9,225.8,150.0,0.1,January,Sunday,9,Local,0
1704609000,2024-01-07 09:30:00,2024-01-07,09:30:00,615,0,0,0,1,0,228.7,226.5,150.0,0.1,January,Sunday,9,Local,0
1704609900,2024-01-07 09:45:00,2024-01-07,09:45:00,616,0,0,0,0,0,232.5,231.8,0.0,0.1,January,Sunday,9,Local,0
1704610800,2024-01-07 10:00:00,2024-01-07,10:00:00,617,0,0,0,1,0,233.6,233.0,150.0,0.1,January,Sunday,10,Local,0
1704611700,2024-01-07 10:15:00,2024-01-07,10:15:00,618,1,0,0,1,0,230.3,227.1,300.0,0.1,January,Sunday,10,Local,0
1704612600,2024-01-07 10:30:00,2024-01-07,10:30:00,619,0,0,0,1,0,230.3,229.6,150.0,0.1,January,Sunday,10,Local,0
1704613500,2024-01-07 10:45:00,2024-01-07,10:45:00,620,0,0,0,0,0,225.8,226.1,0.0,0.1,January,Sunday,10,Local,0
1704614400,2024-01-07 11:00:00,2024-01-07,11:00:00,621,1,0,0,1,0,230.1,228.9,300.0,0.1,January,Sunday,11,Local,0
1704615300,2024-01-07 11:15:00,2024-01-07,11:15:00,622,0,0,0,1,0,230.3,233.6,150.0,0.1,January,Sunday,11,Local,0
1704616200,2024-01-07 11:30:00,2024-01-07,11:30:00,623,1,0,0,1,0,229.6,230.8,300.0,0.1,January,Sunday,11,Local,0
1704617100,2024-01-07 11:45:00,2024-01-07,11:45:00,624,0,0,0,0,1,230.8,230.4,1200.0,0.3889,January,Sunday,11,Local,0
1704618000,2024-01-07 12:00:00,2024-01-07,12:00:00,625,0,0,1,1,0,232.9,232.0,4150.0,1.3835,January,Sunday,12,Local,0
1704618900,2024-01-07 12:15:00,2024-01-07,12:15:00,626,0,0,0,1,0,234.4,233.5,150.0,0.1,January,Sunday,12,Local,0
1704619800,2024-01-07 12:30:00,2024-01-07,12:30:00,627,0,0,0,1,0,229.6,227.3,150.0,0.1,January,Sunday,12,Local,0
1704620700,2024-01-07 12:45:00,2024-01-07,12:45:00,628,0,1,0,0,0,236.6,237.5,2500.0,0.7533,January,Sunday,12,Local,0
1704621600,2024-01-07 13:00:00,2024-01-07,13:00:00,629,0,0,0,1,0,230.5,229.2,150.0,0.1,January,Sunday,13,Local,0
1704622500,2024-01-07 13:15:00,2024-01-07,13:15:00,630,0,0,0,1,0,228.5,231.2,150.0,0.1,January,Sunday,13,Local,0
1704623400,2024-01-07 13:30:00,2024-01-07,13:30:00,631,0,0,1,1,0,230.2,231.5,3150.0,1.0524,January,Sunday,13,Local,0
1704624300,2024-01-07 13:45:00,2024-01-07,13:45:00,632,0,0,1,0,0,225.5,224.4,3000.0,0.9345,January,Sunday,13,Local,0
1704625200,2024-01-07 14:00:00,2024-01-07,14:00:00,633,0,0,0,1,0,233.2,229.9,150.0,0.1,January,Sunday,14,Local,0
1704626100,2024-01-07 14:15:00,2024-01-07,14:15:00,634,1,0,0,1,0,229.5,229.3,300.0,0.1,January,Sunday,14,Local,0
1704627000,2024-01-07 14:30:00,2024-01-07,14:30:00,635,0,0,0,1,0,229.1,231.5,150.0,0.1,January,Sunday,14,Local,0
1704627900,2024-01-07 14:45:00,2024-01-07,14:45:00,636,0,0,0,0,0,231.7,226.6,0.0,0.1,January,Sunday,14,Local,0
1704628800,2024-01-07 15:00:00,2024-01-07,15:00:00,637,0,0,0,1,0,232.7,231.8,150.0,0.1,January,Sunday,15,Local,0
1704629700,2024-01-07 15:15:00,2024-01-07,15:15:00,638,0,0,0,1,0,226.8,229.3,150.0,0.1,January,Sunday,15,Local,0
1704630600,2024-01-07 15:30:00,2024-01-07,15:30:00,639,1,0,0,1,0,231.1,233.6,300.0,0.1,January,Sunday,15,Local,0
1704631500,2024-01-07 15:45:00,2024-01-07,15:45:00,640,0,0,0,0,0,227.0,229.0,0.0,0.1,January,Sunday,15,Local,0
1704632400,2024-01-07 16:00:00,2024-01-07,16:00:00,641,0,0,0,1,0,227.8,227.8,650.0,0.1757,January,Sunday,16,Local,0
1704633300,2024-01-07 16:15:00,2024-01-07,16:15:00,642,0,0,0,0,0,231.5,231.5,0.0,0.1,January,Sunday,16,Local,0
1704634200,2024-01-07 16:30:00,2024-01-07,16:30:00,643,0,0,0,1,0,227.9,228.3,150.0,0.1,January,Sunday,16,Local,0
1704635100,2024-01-07 16:45:00,2024-01-07,16:45:00,644,0,0,0,0,0,227.2,225.4,0.0,0.1,January,Sunday,16,Local,0
1704636000,2024-01-07 17:00:00,2024-01-07,17:00:00,645,1,0,0,1,0,225.7,225.7,300.0,0.1,January,Sunday,17,Local,0
1704636900,2024-01-07 17:15:00,2024-01-07,17:15:00,646,1,0,1,1,0,232.6,232.4,3300.0,0.803,January,Sunday,17,Local,0
1704637800,2024-01-07 17:30:00,2024-01-07,17:30:00,647,1,0,1,1,0,229.5,228.0,3300.0,0.8412,January,Sunday,17,Local,0
1704638700,2024-01-07 17:45:00,2024-01-07,17:45:00,648,0,1,0,0,0,225.9,225.1,2500.0,0.6303,January,Sunday,17,Local,0
1704639600,2024-01-07 18:00:00,2024-01-07,18:00:00,649,1,0,1,1,1,233.8,232.1,4500.0,1.3406,January,Sunday,18,Local,0
1704640500,2024-01-07 18:15:00,2024-01-07,18:15:00,650,1,0,1,0,0,228.7,228.4,3150.0,1.0804,January,Sunday,18,Local,0
1704641400,2024-01-07 18:30:00,2024-01-07,18:30:00,651,1,0,1,1,0,227.2,228.0,3300.0,1.2221,January,Sunday,18,Local,0
1704642300,2024-01-07 18:45:00,2024-01-07,18:45:00,652,1,0,1,0,0,230.2,230.1,3150.0,0.9251,January,Sunday,18,Local,0
1704643200,2024-01-07 19:00:00,2024-01-07,19:00:00,653,1,0,0,1,1,232.9,233.6,1500.0,0.4231,January,Sunday,19,Local,0
1704644100,2024-01-07 19:15:00,2024-01-07,19:15:00,654,1,0,0,1,0,229.9,231.3,300.0,0.1,January,Sunday,19,Local,0
1704645000,2024-01-07 19:30:00,2024-01-07,19:30:00,655,1,1,0,1,1,233.2,231.5,4000.0,1.1704,January,Sunday,19,Local,0
1704645900,2024-01-07 19:45:00,2024-01-07,19:45:00,656,1,1,0,0,0,234.5,236.7,2650.0,0.8036,January,Sunday,19,Local,0
1704646800,2024-01-07 20:00:00,2024-01-07,20:00:00,657,1,0,0,1,0,233.5,231.9,300.0,0.1,January,Sunday,20,Local,0
1704647700,2024-01-07 20:15:00,2024-01-07,20:15:00,658,1,0,0,1,0,225.4,227.1,300.0,0.1,January,Sunday,20,Local,0
1704648600,2024-01-07 20:30:00,2024-01-07,20:30:00,659,1,1,0,1,0,223.6,221.6,2800.0,0.7026,January,Sunday,20,Local,0
1704649500,2024-01-07 20:45:00,2024-01-07,20:45:00,660,1,0,1,1,1,232.9,234.8,4500.0,1.5487,January,Sunday,20,Local,0
1704650400,2024-01-07 21:00:00,2024-01-07,21:00:00,661,1,0,0,1,0,229.4,230.1,300.0,0.1,January,Sunday,21,Local,0
1704651300,2024-01-07 21:15:00,2024-01-07,21:15:00,662,1,0,1,1,0,227.2,229.0,3300.0,1.1295,January,Sunday,21,Local,0
1704652200,2024-01-07 21:30:00,2024-01-07,21:30:00,663,1,1,0,1,0,228.1,226.8,2800.0,1.1098,January,Sunday,21,Local,0
1704653100,2024-01-07 21:45:00,2024-01-07,21:45:00,664,1,0,1,0,0,235.9,235.0,5150.0,1.4194,January,Sunday,21,Local,0
1704654000,2024-01-07 22:00:00,2024-01-07,22:00:00,665,1,0,0,1,0,227.9,227.2,300.0,0.1,January,Sunday,22,Local,0
1704654900,2024-01-07 22:15:00,2024-01-07,22:15:00,666,1,0,0,1,0,232.4,230.1,300.0,0.1,January,Sunday,22,Local,0
1704655800,2024-01-07 22:30:00,2024-01-07,22:30:00,667,0,0,0,1,0,233.5,232.8,150.0,0.1,January,Sunday,22,Local,0
1704656700,2024-01-07 22:45:00,2024-01-07,22:45:00,668,0,0,0,0,0,229.5,231.6,0.0,0.1,January,Sunday,22,Local,0
1704657600,2024-01-07 23:00:00,2024-01-07,23:00:00,669,1,0,0,1,0,232.0,234.7,300.0,0.1,January,Sunday,23,Local,0
1704658500,2024-01-07 23:15:00,2024-01-07,23:15:00,670,1,0,0,1,0,232.4,232.5,300.0,0.1,January,Sunday,23,Local,0
1704659400,2024-01-07 23:30:00,2024-01-07,23:30:00,671,1,0,0,1,0,230.4,228.1,300.0,0.1,January,Sunday,23,Local,0
1704660300,2024-01-07 23:45:00,2024-01-07,23:45:00,672,0,0,0,1,0,234.8,234.8,150.0,0.1,January,Sunday,23,Local,0
1704661200,2024-01-08 00:00:00,2024-01-08,00:00:00,673,0,0,0,1,0,228.6,226.8,150.0,0.1,January,Monday,0,Local,0
1704662100,2024-01-08 00:15:00,2024-01-08,00:15:00,674,1,0,0,1,0,229.9,227.5,300.0,0.1,January,Monday,0,Local,0
1704663000,2024-01-08 00:30:00,2024-01-08,00:30:00,675,0,0,0,1,0,229.5,229.3,150.0,0.1,January,Monday,0,Local,0
1704663900,2024-01-08 00:45:00,2024-01-08,00:45:00,676,0,0,0,0,0,228.7,226.8,0.0,0.1,January,Monday,0,Local,0
1704664800,2024-01-08 01:00:00,2024-01-08,01:00:00,677,0,0,0,1,0,228.4,226.5,150.0,0.1,January,Monday,1,Local,0
1704665700,2024-01-08 01:15:00,2024-01-08,01:15:00,678,0,0,0,1,0,227.9,228.4,150.0,0.1,January,Monday,1,Local,0
1704666600,2024-01-08 01:30:00,2024-01-08,01:30:00,679,0,0,0,1,0,228.7,227.6,150.0,0.1,January,Monday,1,Local,0
1704667500,2024-01-08 01:45:00,2024-01-08,01:45:00,680,0,0,0,0,0,225.0,226.0,0.0,0.1,January,Monday,1,Local,0
1704668400,2024-01-08 02:00:00,2024-01-08,02:00:00,681,0,0,0,1,0,228.7,230.3,150.0,0.1,January,Monday,2,Local,0
1704669300,2024-01-08 02:15:00,2024-01-08,02:15:00,682,0,0,0,1,0,227.3,228.5,150.0,0.1,January,Monday,2,Local,0
1704670200,2024-01-08 02:30:00,2024-01-08,02:30:00,683,0,0,0,1,0,231.5,230.5,150.0,0.1,January,Monday,2,Local,0
1704671100,2024-01-08 02:45:00,2024-01-08,02:45:00,684,0,0,0,0,0,227.3,231.7,0.0,0.1,January,Monday,2,Local,0
1704672000,2024-01-08 03:00:00,2024-01-08,03:00:00,685,0,0,0,1,0,230.4,226.2,150.0,0.1,January,Monday,3,Local,0
1704672900,2024-01-08 03:15:00,2024-01-08,03:15:00,686,0,0,0,1,0,231.8,234.1,150.0,0.1,January,Monday,3,Local,0
1704673800,2024-01-08 03:30:00,2024-01-08,03:30:00,687,0,0,0,1,0,235.5,236.1,150.0,0.1,January,Monday,3,Local,0
1704674700,2024-01-08 03:45:00,2024-01-08,03:45:00,688,0,0,0,0,0,227.3,228.7,0.0,0.1,January,Monday,3,Local,0
1704675600,2024-01-08 04:00:00,2024-01-08,04:00:00,689,0,0,0,1,0,232.0,230.4,150.0,0.1,January,Monday,4,Local,0
1704676500,2024-01-08 04:15:00,2024-01-08,04:15:00,690,0,0,0,1,0,224.1,224.4,150.0,0.1,January,Monday,4,Local,0
1704677400,2024-01-08 04:30:00,2024-01-08,04:30:00,691,0,0,0,1,0,226.5,224.4,150.0,0.1,January,Monday,4,Local,0
1704678300,2024-01-08 04:45:00,2024-01-08,04:45:00,692,0,0,0,0,0,229.6,225.5,0.0,0.1,January,Monday,4,Local,0
1704679200,2024-01-08 05:00:00,2024-01-08,05:00:00,693,0,0,0,1,0,237.0,233.4,150.0,0.1,January,Monday,5,Local,0
1704680100,2024-01-08 05:15:00,2024-01-08,05:15:00,694,0,0,0,1,0,228.4,229.7,150.0,0.1,January,Monday,5,Local,0
1704681000,2024-01-08 05:30:00,2024-01-08,05:30:00,695,0,0,0,1,0,229.2,228.2,150.0,0.1,January,Monday,5,Local,0
1704681900,2024-01-08 05:45:00,2024-01-08,05:45:00,696,0,0,0,0,0,229.5,232.6,0.0,0.1,January,Monday,5,Local,0
1704682800,2024-01-08 06:00:00,2024-01-08,06:00:00,697,0,0,0,1,0,226.5,227.7,150.0,0.1,January,Monday,6,Local,0
1704683700,2024-01-08 06:15:00,2024-01-08,06:15:00,698,1,0,0,1,0,231.9,231.9,300.0,0.1,January,Monday,6,Local,0
1704684600,2024-01-08 06:30:00,2024-01-08,06:30:00,699,0,0,0,1,0,230.2,230.0,150.0,0.1,January,Monday,6,Local,0
1704685500,2024-01-08 06:45:00,2024-01-08,06:45:00,700,1,0,0,1,0,228.0,231.3,300.0,0.102,January,Monday,6,Local,0
1704686400,2024-01-08 07:00:00,2024-01-08,07:00:00,701,0,0,0,0,0,227.5,227.4,0.0,0.1,January,Monday,7,Local,0
1704687300,2024-01-08 07:15:00,2024-01-08,07:15:00,702,1,0,0,1,0,228.2,227.2,300.0,0.1,January,Monday,7,Local,0
1704688200,2024-01-08 07:30:00,2024-01-08,07:30:00,703,0,0,0,1,0,233.7,234.8,150.0,0.1,January,Monday,7,Local,0
1704689100,2024-01-08 07:45:00,2024-01-08,07:45:00,704,0,0,0,0,0,229.6,229.5,0.0,0.1,January,Monday,7,Local,0
1704690000,2024-01-08 08:00:00,2024-01-08,08:00:00,705,0,0,0,1,0,229.1,229.8,150.0,0.1,January,Monday,8,Local,0
1704690900,2024-01-08 08:15:00,2024-01-08,08:15:00,706,0,0,0,1,0,229.9,229.3,150.0,0.1,January,Monday,8,Local,0
1704691800,2024-01-08 08:30:00,2024-01-08,08:30:00,707,0,0,0,1,0,232.4,230.2,150.0,0.1,January,Monday,8,Local,0
1704692700,2024-01-08 08:45:00,2024-01-08,08:45:00,708,0,0,0,0,0,232.7,237.6,0.0,0.1,January,Monday,8,Local,0
1704693600,2024-01-08 09:00:00,2024-01-08,09:00:00,709,0,0,0,1,0,231.4,229.5,150.0,0.1,January,Monday,9,Local,0
1704694500,2024-01-08 09:15:00,2024-01-08,09:15:00,710,0,0,0,1,0,233.0,233.0,150.0,0.1,January,Monday,9,Local,0
1704695400,2024-01-08 09:30:00,2024-01-08,09:30:00,711,0,0,0,1,0,228.0,226.2,150.0,0.1,January,Monday,9,Local,0
1704696300,2024-01-08 09:45:00,2024-01-08,09:45:00,712,0,0,0,0,0,226.7,225.2,0.0,0.1,January,Monday,9,Local,0
1704697200,2024-01-08 10:00:00,2024-01-08,10:00:00,713,0,0,0,1,0,231.0,229.7,150.0,0.1,January,Monday,10,Local,0
1704698100,2024-01-08 10:15:00,2024-01-08,10:15:00,714,0,0,0,1,0,229.0,229.2,150.0,0.1,January,Monday,10,Local,0
1704699000,2024-01-08 10:30:00,2024-01-08,10:30:00,715,0,0,0,0,0,232.0,231.7,0.0,0.1,January,Monday,10,Local,0
1704699900,2024-01-08 10:45:00,2024-01-08,10:45:00,716,0,0,0,1,0,232.8,233.6,150.0,0.1,January,Monday,10,Local,0
1704700800,2024-01-08 11:00:00,2024-01-08,11:00:00,717,0,1,0,0,0,229.8,229.1,2500.0,0.6586,January,Monday,11,Local,0
1704701700,2024-01-08 11:15:00,2024-01-08,11:15:00,718,0,0,0,1,0,229.6,228.6,150.0,0.1,January,Monday,11,Local,0
1704702600,2024-01-08 11:30:00,2024-01-08,11:30:00,719,0,0,0,1,0,228.9,228.8,150.0,0.1,January,Monday,11,Local,0
1704703500,2024-01-08 11:45:00,2024-01-08,11:45:00,720,0,0,0,0,0,232.8,231.8,0.0,0.1,January,Monday,11,Local,0
1704704400,2024-01-08 12:00:00,2024-01-08,12:00:00,721,0,0,0,1,0,233.3,232.9,150.0,0.1,January,Monday,12,Local,0
1704705300,2024-01-08 12:15:00,2024-01-08,12:15:00,722,0,0,1,1,0,228.6,228.8,3150.0,1.1252,January,Monday,12,Local,0
1704706200,2024-01-08 12:30:00,2024-01-08,12:30:00,723,0,1,1,1,0,226.3,225.0,5650.0,1.9636,January,Monday,12,Local,0
1704707100,2024-01-08 12:45:00,2024-01-08,12:45:00,724,0,1,1,0,1,226.9,228.3,6700.0,2.3089,January,Monday,12,Local,0
1704708000,2024-01-08 13:00:00,2024-01-08,13:00:00,725,0,1,0,1,0,231.7,230.9,2650.0,0.8212,January,Monday,13,Local,0
1704708900,2024-01-08 13:15:00,2024-01-08,13:15:00,726,0,0,0,1,0,233.1,233.3,150.0,0.1,January,Monday,13,Local,0
1704709800,2024-01-08 13:30:00,2024-01-08,13:30:00,727,1,0,0,1,0,236.6,236.2,300.0,0.1,January,Monday,13,Local,0
1704710700,2024-01-08 13:45:00,2024-01-08,13:45:00,728,1,0,0,0,0,233.1,234.4,150.0,0.1,January,Monday,13,Local,0
1704711600,2024-01-08 14:00:00,2024-01-08,14:00:00,729,0,0,0,1,0,232.1,233.5,150.0,0.1,January,Monday,14,Local,0
1704712500,2024-01-08 14:15:00,2024-01-08,14:15:00,730,0,0,0,1,0,226.4,224.7,150.0,0.1,January,Monday,14,Local,0
1704713400,2024-01-08 14:30:00,2024-01-08,14:30:00,731,0,0,0,0,0,230.1,232.7,0.0,0.1,January,Monday,14,Local,0
1704714300,2024-01-08 14:45:00,2024-01-08,14:45:00,732,0,0,0,0,0,226.4,226.8,0.0,0.1,January,Monday,14,Local,0
1704715200,2024-01-08 15:00:00,2024-01-08,15:00:00,733,0,0,0,1,0,231.1,231.4,150.0,0.1,January,Monday,15,Local,0
1704716100,2024-01-08 15:15:00,2024-01-08,15:15:00,734,0,0,0,1,0,228.9,226.9,2150.0,0.6729,January,Monday,15,Local,0
1704717000,2024-01-08 15:30:00,2024-01-08,15:30:00,735,0,0,0,0,0,234.9,234.5,0.0,0.1,January,Monday,15,Local,0
1704717900,2024-01-08 15:45:00,2024-01-08,15:45:00,736,0,0,0,0,1,226.2,226.1,1200.0,0.3411,January,Monday,15,Local,0
1704718800,2024-01-08 16:00:00,2024-01-08,16:00:00,737,0,0,0,1,0,232.7,231.6,950.0,0.3382,January,Monday,16,Local,0
1704719700,2024-01-08 16:15:00,2024-01-08,16:15:00,738,0,0,0,1,0,230.7,229.3,150.0,0.1,January,Monday,16,Local,0
1704720600,2024-01-08 16:30:00,2024-01-08,16:30:00,739,0,0,0,0,0,235.3,230.4,0.0,0.1,January,Monday,16,Local,0
1704721500,2024-01-08 16:45:00,2024-01-08,16:45:00,740,0,0,1,0,1,227.5,230.0,4200.0,1.2992,January,Monday,16,Local,0
1704722400,2024-01-08 17:00:00,2024-01-08,17:00:00,741,1,0,0,0,0,233.1,230.4,150.0,0.1,January,Monday,17,Local,0
1704723300,2024-01-08 17:15:00,2024-01-08,17:15:00,742,0,1,0,1,1,228.8,229.5,3850.0,1.2957,January,Monday,17,Local,0
1704724200,2024-01-08 17:30:00,2024-01-08,17:30:00,743,0,0,0,1,0,228.2,226.8,150.0,0.1,January,Monday,17,Local,0
1704725100,2024-01-08 17:45:00,2024-01-08,17:45:00,744,0,0,0,0,0,226.1,227.4,0.0,0.1,January,Monday,17,Local,0
1704726000,2024-01-08 18:00:00,2024-01-08,18:00:00,745,1,0,1,1,0,219.5,218.6,3300.0,1.0524,January,Monday,18,Local,0
1704726900,2024-01-08 18:15:00,2024-01-08,18:15:00,746,1,0,1,1,0,231.4,229.8,3300.0,0.8665,January,Monday,18,Local,0
1704727800,2024-01-08 18:30:00,2024-01-08,18:30:00,747,1,0,1,1,0,229.4,233.4,4100.0,1.0465,January,Monday,18,Local,0
1704728700,2024-01-08 18:45:00,2024-01-08,18:45:00,748,1,0,0,0,0,227.9,224.0,150.0,0.1,January,Monday,18,Local,0
1704729600,2024-01-08 19:00:00,2024-01-08,19:00:00,749,1,1,1,1,0,230.9,228.7,7300.0,2.37,January,Monday,19,Local,0
1704730500,2024-01-08 19:15:00,2024-01-08,19:15:00,750,1,0,0,1,1,237.0,237.3,1500.0,0.4529,January,Monday,19,Local,0
1704731400,2024-01-08 19:30:00,2024-01-08,19:30:00,751,1,0,0,1,1,230.2,229.2,1500.0,0.5048,January,Monday,19,Local,0
1704732300,2024-01-08 19:45:00,2024-01-08,19:45:00,752,1,0,0,1,0,233.6,232.6,300.0,0.1,January,Monday,19,Local,0
1704733200,2024-01-08 20:00:00,2024-01-08,20:00:00,753,1,0,0,1,1,231.5,229.9,1500.0,0.5449,January,Monday,20,Local,0
1704734100,2024-01-08 20:15:00,2024-01-08,20:15:00,754,1,0,1,1,0,236.9,236.6,3300.0,0.9407,January,Monday,20,Local,0
1704735000,2024-01-08 20:30:00,2024-01-08,20:30:00,755,1,1,0,1,0,234.5,232.7,2800.0,0.965,January,Monday,20,Local,0
1704735900,2024-01-08 20:45:00,2024-01-08,20:45:00,756,1,0,1,0,0,232.9,231.2,3150.0,0.9268,January,Monday,20,Local,0
1704736800,2024-01-08 21:00:00,2024-01-08,21:00:00,757,1,0,1,1,0,232.7,234.2,3300.0,1.1712,January,Monday,21,Local,0
1704737700,2024-01-08 21:15:00,2024-01-08,21:15:00,758,1,0,1,1,0,227.8,225.4,3300.0,1.0639,January,Monday,21,Local,0
1704738600,2024-01-08 21:30:00,2024-01-08,21:30:00,759,1,0,0,1,0,226.6,228.7,300.0,0.1033,January,Monday,21,Local,0
1704739500,2024-01-08 21:45:00,2024-01-08,21:45:00,760,0,0,1,0,1,229.4,225.8,4200.0,1.206,January,Monday,21,Local,0
1704740400,2024-01-08 22:00:00,2024-01-08,22:00:00,761,0,0,0,1,0,231.6,234.8,150.0,0.1,January,Monday,22,Local,0
1704741300,2024-01-08 22:15:00,2024-01-08,22:15:00,762,0,0,0,1,0,232.4,236.3,150.0,0.1,January,Monday,22,Local,0
1704742200,2024-01-08 22:30:00,2024-01-08,22:30:00,763,1,0,0,1,0,226.2,224.0,300.0,0.1,January,Monday,22,Local,0
1704743100,2024-01-08 22:45:00,2024-01-08,22:45:00,764,1,0,0,0,0,234.4,231.3,150.0,0.1,January,Monday,22,Local,0
1704744000,2024-01-08 23:00:00,2024-01-08,23:00:00,765,0,0,0,1,0,228.9,229.8,150.0,0.1,January,Monday,23,Local,0
1704744900,2024-01-08 23:15:00,2024-01-08,23:15:00,766,0,0,0,1,0,229.1,228.4,150.0,0.1,January,Monday,23,Local,0
1704745800,2024-01-08 23:30:00,2024-01-08,23:30:00,767,0,0,0,1,0,227.9,229.3,150.0,0.1,January,Monday,23,Local,0
1704746700,2024-01-08 23:45:00,2024-01-08,23:45:00,768,0,0,0,0,0,229.6,230.8,0.0,0.1,January,Monday,23,Local,0
1704747600,2024-01-09 00:00:00,2024-01-09,00:00:00,769,0,0,0,1,0,230.9,230.2,150.0,0.1,January,Tuesday,0,Local,0
1704748500,2024-01-09 00:15:00,2024-01-09,00:15:00,770,0,0,0,1,0,228.2,226.9,150.0,0.1,January,Tuesday,0,Local,0
1704749400,2024-01-09 00:30:00,2024-01-09,00:30:00,771,0,0,0,1,0,229.6,227.4,150.0,0.1,January,Tuesday,0,Local,0
1704750300,2024-01-09 00:45:00,2024-01-09,00:45:00,772,1,0,0,0,0,236.2,233.6,150.0,0.1,January,Tuesday,0,Local,0
1704751200,2024-01-09 01:00:00,2024-01-09,01:00:00,773,0,0,0,1,0,228.3,228.0,1650.0,0.4906,January,Tuesday,1,Local,0
1704752100,2024-01-09 01:15:00,2024-01-09,01:15:00,774,0,0,0,1,0,227.8,226.1,150.0,0.1,January,Tuesday,1,Local,0
1704753000,2024-01-09 01:30:00,2024-01-09,01:30:00,775,0,0,0,1,0,233.0,234.8,150.0,0.1,January,Tuesday,1,Local,0
1704753900,2024-01-09 01:45:00,2024-01-09,01:45:00,776,0,0,0,0,0,229.3,229.6,0.0,0.1,January,Tuesday,1,Local,0
1704754800,2024-01-09 02:00:00,2024-01-09,02:00:00,777,0,0,0,1,0,232.0,234.7,150.0,0.1,January,Tuesday,2,Local,0
1704755700,2024-01-09 02:15:00,2024-01-09,02:15:00,778,0,0,0,1,0,229.9,226.1,150.0,0.1,January,Tuesday,2,Local,0
1704756600,2024-01-09 02:30:00,2024-01-09,02:30:00,779,0,0,0,1,0,229.0,228.9,150.0,0.1,January,Tuesday,2,Local,0
1704757500,2024-01-09 02:45:00,2024-01-09,02:45:00,780,0,0,0,0,0,228.6,226.4,0.0,0.1,January,Tuesday,2,Local,0
1704758400,2024-01-09 03:00:00,2024-01-09,03:00:00,781,0,0,0,1,0,231.7,234.8,150.0,0.1,January,Tuesday,3,Local,0
1704759300,2024-01-09 03:15:00,2024-01-09,03:15:00,782,0,0,0,1,0,229.5,224.9,950.0,0.2818,January,Tuesday,3,Local,0
1704760200,2024-01-09 03:30:00,2024-01-09,03:30:00,783,0,0,0,1,0,231.1,231.5,150.0,0.1,January,Tuesday,3,Local,0
1704761100,2024-01-09 03:45:00,2024-01-09,03:45:00,784,0,0,0,0,0,233.3,233.7,0.0,0.1,January,Tuesday,3,Local,0
1704762000,2024-01-09 04:00:00,2024-01-09,04:00:00,785,0,0,0,1,0,234.0,235.0,150.0,0.1,January,Tuesday,4,Local,0
1704762900,2024-01-09 04:15:00,2024-01-09,04:15:00,786,0,0,0,1,0,227.0,226.8,150.0,0.1,January,Tuesday,4,Local,0
1704763800,2024-01-09 04:30:00,2024-01-09,04:30:00,787,0,0,0,1,0,230.9,229.4,150.0,0.1,January,Tuesday,4,Local,0
1704764700,2024-01-09 04:45:00,2024-01-09,04:45:00,788,0,0,0,0,0,233.7,230.8,0.0,0.1,January,Tuesday,4,Local,0
1704765600,2024-01-09 05:00:00,2024-01-09,05:00:00,789,0,0,0,1,0,226.3,226.4,150.0,0.1,January,Tuesday,5,Local,0
1704766500,2024-01-09 05:15:00,2024-01-09,05:15:00,790,0,0,0,1,0,233.2,238.5,150.0,0.1,January,Tuesday,5,Local,0
1704767400,2024-01-09 05:30:00,2024-01-09,05:30:00,791,0,0,0,1,0,229.4,228.2,150.0,0.1,January,Tuesday,5,Local,0
1704768300,2024-01-09 05:45:00,2024-01-09,05:45:00,792,0,0,0,0,0,231.2,230.4,0.0,0.1,January,Tuesday,5,Local,0
1704769200,2024-01-09 06:00:00,2024-01-09,06:00:00,793,0,0,0,1,0,219.7,219.6,150.0,0.1,January,Tuesday,6,Local,0
1704770100,2024-01-09 06:15:00,2024-01-09,06:15:00,794,0,0,0,0,0,229.6,231.0,0.0,0.1,January,Tuesday,6,Local,0
1704771000,2024-01-09 06:30:00,2024-01-09,06:30:00,795,0,0,0,1,0,231.0,232.3,150.0,0.1,January,Tuesday,6,Local,0
1704771900,2024-01-09 06:45:00,2024-01-09,06:45:00,796,0,0,0,1,0,229.9,232.5,150.0,0.1,January,Tuesday,6,Local,0
1704772800,2024-01-09 07:00:00,2024-01-09,07:00:00,797,0,0,0,1,1,228.1,228.7,1350.0,0.3954,January,Tuesday,7,Local,0
1704773700,2024-01-09 07:15:00,2024-01-09,07:15:00,798,0,0,0,1,0,230.5,229.6,150.0,0.1,January,Tuesday,7,Local,0
1704774600,2024-01-09 07:30:00,2024-01-09,07:30:00,799,0,0,0,1,0,229.9,230.9,150.0,0.1,January,Tuesday,7,Local,0
1704775500,2024-01-09 07:45:00,2024-01-09,07:45:00,800,0,0,0,0,0,233.0,231.3,0.0,0.2453,January,Tuesday,7,Local,1
1704776400,2024-01-09 08:00:00,2024-01-09,08:00:00,801,0,0,0,1,0,222.0,222.6,150.0,0.1,January,Tuesday,8,Local,0
1704777300,2024-01-09 08:15:00,2024-01-09,08:15:00,802,1,0,0,1,0,238.6,240.8,300.0,0.1,January,Tuesday,8,Local,0
1704778200,2024-01-09 08:30:00,2024-01-09,08:30:00,803,0,0,0,1,0,230.7,229.3,150.0,0.1,January,Tuesday,8,Local,0
1704779100,2024-01-09 08:45:00,2024-01-09,08:45:00,804,1,1,0,0,0,229.3,229.2,2650.0,0.811,January,Tuesday,8,Local,0
1704780000,2024-01-09 09:00:00,2024-01-09,09:00:00,805,0,0,0,1,0,227.5,229.7,150.0,0.1,January,Tuesday,9,Local,0
1704780900,2024-01-09 09:15:00,2024-01-09,09:15:00,806,0,0,0,1,0,233.6,234.2,150.0,0.1,January,Tuesday,9,Local,0
1704781800,2024-01-09 09:30:00,2024-01-09,09:30:00,807,0,0,0,1,0,233.8,231.3,150.0,0.1,January,Tuesday,9,Local,0
1704782700,2024-01-09 09:45:00,2024-01-09,09:45:00,808,0,0,0,0,0,228.4,227.4,0.0,0.1,January,Tuesday,9,Local,0
1704783600,2024-01-09 10:00:00,2024-01-09,10:00:00,809,0,0,0,1,0,234.3,236.3,150.0,0.1,January,Tuesday,10,Local,0
1704784500,2024-01-09 10:15:00,2024-01-09,10:15:00,810,0,1,0,1,0,231.9,233.0,2650.0,0.7848,January,Tuesday,10,Local,0
1704785400,2024-01-09 10:30:00,2024-01-09,10:30:00,811,0,0,0,1,0,229.2,228.2,150.0,0.1,January,Tuesday,10,Local,0
1704786300,2024-01-09 10:45:00,2024-01-09,10:45:00,812,0,0,0,0,0,227.8,225.9,0.0,0.1,January,Tuesday,10,Local,0
1704787200,2024-01-09 11:00:00,2024-01-09,11:00:00,813,0,0,0,1,0,228.8,230.1,150.0,0.1,January,Tuesday,11,Local,0
1704788100,2024-01-09 11:15:00,2024-01-09,11:15:00,814,0,0,0,1,0,231.9,231.6,150.0,0.1,January,Tuesday,11,Local,0
1704789000,2024-01-09 11:30:00,2024-01-09,11:30:00,815,1,0,0,1,0,225.3,224.7,300.0,0.1033,January,Tuesday,11,Local,0
1704789900,2024-01-09 11:45:00,2024-01-09,11:45:00,816,0,0,0,0,0,232.1,233.1,0.0,0.1,January,Tuesday,11,Local,0
1704790800,2024-01-09 12:00:00,2024-01-09,12:00:00,817,0,0,0,1,1,229.5,231.4,1350.0,0.4424,January,Tuesday,12,Local,0
1704791700,2024-01-09 12:15:00,2024-01-09,12:15:00,818,0,0,0,1,0,234.2,235.3,150.0,0.1,January,Tuesday,12,Local,0
1704792600,2024-01-09 12:30:00,2024-01-09,12:30:00,819,0,0,0,1,0,228.1,229.2,150.0,0.1,January,Tuesday,12,Local,0
1704793500,2024-01-09 12:45:00,2024-01-09,12:45:00,820,0,0,0,0,1,231.4,232.6,1200.0,0.3394,January,Tuesday,12,Local,0
1704794400,2024-01-09 13:00:00,2024-01-09,13:00:00,821,0,0,0,1,0,232.1,230.2,150.0,0.1,January,Tuesday,13,Local,0
1704795300,2024-01-09 13:15:00,2024-01-09,13:15:00,822,0,0,0,1,0,226.0,228.9,150.0,0.1,January,Tuesday,13,Local,0
1704796200,2024-01-09 13:30:00,2024-01-09,13:30:00,823,1,0,0,1,0,229.4,227.9,300.0,0.1,January,Tuesday,13,Local,0
1704797100,2024-01-09 13:45:00,2024-01-09,13:45:00,824,1,0,0,0,0,226.8,225.2,150.0,0.1,January,Tuesday,13,Local,0
1704798000,2024-01-09 14:00:00,2024-01-09,14:00:00,825,0,0,0,0,0,223.3,223.6,0.0,0.1,January,Tuesday,14,Local,0
1704798900,2024-01-09 14:15:00,2024-01-09,14:15:00,826,0,0,0,1,0,223.9,222.3,150.0,0.1,January,Tuesday,14,Local,0
1704799800,2024-01-09 14:30:00,2024-01-09,14:30:00,827,0,1,0,1,0,225.5,227.1,2650.0,0.8389,January,Tuesday,14,Local,0
1704800700,2024-01-09 14:45:00,2024-01-09,14:45:00,828,0,0,0,0,0,234.3,235.0,0.0,0.1,January,Tuesday,14,Local,0
1704801600,2024-01-09 15:00:00,2024-01-09,15:00:00,829,0,1,0,1,0,232.6,233.3,2650.0,0.8129,January,Tuesday,15,Local,0
1704802500,2024-01-09 15:15:00,2024-01-09,15:15:00,830,1,0,0,1,0,231.2,229.1,300.0,0.1,January,Tuesday,15,Local,0
1704803400,2024-01-09 15:30:00,2024-01-09,15:30:00,831,0,0,0,1,0,231.8,234.8,150.0,0.1,January,Tuesday,15,Local,0
1704804300,2024-01-09 15:45:00,2024-01-09,15:45:00,832,0,1,0,0,0,232.0,232.3,2500.0,0.7313,January,Tuesday,15,Local,0
1704805200,2024-01-09 16:00:00,2024-01-09,16:00:00,833,0,0,0,1,0,230.5,231.7,150.0,0.1,January,Tuesday,16,Local,0
1704806100,2024-01-09 16:15:00,2024-01-09,16:15:00,834,0,0,0,1,0,228.2,229.9,150.0,0.1,January,Tuesday,16,Local,0
1704807000,2024-01-09 16:30:00,2024-01-09,16:30:00,835,0,0,0,1,0,225.8,225.7,150.0,0.1,January,Tuesday,16,Local,0
1704807900,2024-01-09 16:45:00,2024-01-09,16:45:00,836,0,0,0,0,0,229.0,231.9,0.0,0.1,January,Tuesday,16,Local,0
1704808800,2024-01-09 17:00:00,2024-01-09,17:00:00,837,0,0,1,1,0,228.6,228.4,3150.0,0.9096,January,Tuesday,17,Local,0
1704809700,2024-01-09 17:15:00,2024-01-09,17:15:00,838,0,0,0,1,0,229.2,228.7,150.0,0.1,January,Tuesday,17,Local,0
1704810600,2024-01-09 17:30:00,2024-01-09,17:30:00,839,0,0,0,1,0,226.3,223.9,150.0,0.1,January,Tuesday,17,Local,0
1704811500,2024-01-09 17:45:00,2024-01-09,17:45:00,840,1,0,0,0,0,224.1,227.2,150.0,0.1,January,Tuesday,17,Local,0
1704812400,2024-01-09 18:00:00,2024-01-09,18:00:00,841,1,0,0,1,1,229.5,228.9,1500.0,0.4653,January,Tuesday,18,Local,0
1704813300,2024-01-09 18:15:00,2024-01-09,18:15:00,842,1,0,0,0,0,229.1,227.7,150.0,0.1,January,Tuesday,18,Local,0
1704814200,2024-01-09 18:30:00,2024-01-09,18:30:00,843,0,1,0,1,1,226.5,227.2,3850.0,1.2047,January,Tuesday,18,Local,0
1704815100,2024-01-09 18:45:00,2024-01-09,18:45:00,844,0,1,1,0,0,227.8,228.0,5500.0,1.4237,January,Tuesday,18,Local,0
1704816000,2024-01-09 19:00:00,2024-01-09,19:00:00,845,1,0,1,1,0,235.0,235.0,3300.0,1.1263,January,Tuesday,19,Local,0
1704816900,2024-01-09 19:15:00,2024-01-09,19:15:00,846,1,0,0,1,0,229.0,233.7,300.0,0.1,January,Tuesday,19,Local,0
1704817800,2024-01-09 19:30:00,2024-01-09,19:30:00,847,1,0,1,1,0,232.6,231.6,3300.0,1.006,January,Tuesday,19,Local,0
1704818700,2024-01-09 19:45:00,2024-01-09,19:45:00,848,1,0,0,0,1,231.1,232.5,1350.0,0.4227,January,Tuesday,19,Local,0
1704819600,2024-01-09 20:00:00,2024-01-09,20:00:00,849,1,1,1,1,0,228.6,229.7,5800.0,1.6111,January,Tuesday,20,Local,0
1704820500,2024-01-09 20:15:00,2024-01-09,20:15:00,850,1,0,0,1,0,225.0,222.3,300.0,0.1,January,Tuesday,20,Local,0
1704821400,2024-01-09 20:30:00,2024-01-09,20:30:00,851,1,0,0,1,0,230.6,232.3,300.0,0.1,January,Tuesday,20,Local,0
1704822300,2024-01-09 20:45:00,2024-01-09,20:45:00,852,1,0,0,0,0,228.4,229.9,150.0,0.1,January,Tuesday,20,Local,0
1704823200,2024-01-09 21:00:00,2024-01-09,21:00:00,853,0,0,1,0,0,233.5,233.6,3000.0,0.8514,January,Tuesday,21,Local,0
1704824100,2024-01-09 21:15:00,2024-01-09,21:15:00,854,1,0,0,1,1,228.6,227.4,1500.0,0.4214,January,Tuesday,21,Local,0
1704825000,2024-01-09 21:30:00,2024-01-09,21:30:00,855,1,0,1,1,0,230.3,230.8,3300.0,0.9868,January,Tuesday,21,Local,0
1704825900,2024-01-09 21:45:00,2024-01-09,21:45:00,856,1,0,0,1,1,233.4,233.4,1500.0,0.4945,January,Tuesday,21,Local,0
1704826800,2024-01-09 22:00:00,2024-01-09,22:00:00,857,1,0,0,0,0,228.5,229.5,150.0,0.1,January,Tuesday,22,Local,0
1704827700,2024-01-09 22:15:00,2024-01-09,22:15:00,858,1,0,0,1,0,228.7,229.4,300.0,0.1,January,Tuesday,22,Local,0
1704828600,2024-01-09 22:30:00,2024-01-09,22:30:00,859,0,0,0,0,0,229.7,232.0,0.0,0.1,January,Tuesday,22,Local,0
1704829500,2024-01-09 22:45:00,2024-01-09,22:45:00,860,0,0,0,0,0,233.8,231.6,0.0,0.1,January,Tuesday,22,Local,0
1704830400,2024-01-09 23:00:00,2024-01-09,23:00:00,861,0,0,1,1,0,230.6,232.2,3150.0,0.9702,January,Tuesday,23,Local,0
1704831300,2024-01-09 23:15:00,2024-01-09,23:15:00,862,0,0,0,1,0,227.3,227.9,150.0,0.1,January,Tuesday,23,Local,0
1704832200,2024-01-09 23:30:00,2024-01-09,23:30:00,863,1,0,0,0,0,231.8,229.6,150.0,0.1,January,Tuesday,23,Local,0
1704833100,2024-01-09 23:45:00,2024-01-09,23:45:00,864,1,0,0,0,0,226.8,227.4,150.0,0.1,January,Tuesday,23,Local,0
1704834000,2024-01-10 00:00:00,2024-01-10,00:00:00,865,0,0,0,1,0,229.2,227.6,150.0,0.1,January,Wednesday,0,Local,0
1704834900,2024-01-10 00:15:00,2024-01-10,00:15:00,866,0,0,0,1,0,226.9,224.1,150.0,0.1,January,Wednesday,0,Local,0
1704835800,2024-01-10 00:30:00,2024-01-10,00:30:00,867,0,0,0,1,0,226.1,226.4,150.0,0.1,January,Wednesday,0,Local,0
1704836700,2024-01-10 00:45:00,2024-01-10,00:45:00,868,0,0,0,0,0,229.8,230.7,0.0,0.1,January,Wednesday,0,Local,0
1704837600,2024-01-10 01:00:00,2024-01-10,01:00:00,869,0,0,0,1,0,230.5,229.4,150.0,0.1,January,Wednesday,1,Local,0
1704838500,2024-01-10 01:15:00,2024-01-10,01:15:00,870,0,0,0,1,0,228.5,232.4,150.0,0.1,January,Wednesday,1,Local,0
1704839400,2024-01-10 01:30:00,2024-01-10,01:30:00,871,0,0,0,1,0,225.1,226.7,150.0,0.1,January,Wednesday,1,Local,0
1704840300,2024-01-10 01:45:00,2024-01-10,01:45:00,872,0,0,0,0,0,228.6,229.4,0.0,0.1,January,Wednesday,1,Local,0
1704841200,2024-01-10 02:00:00,2024-01-10,02:00:00,873,0,0,0,1,0,227.8,224.6,150.0,0.1,January,Wednesday,2,Local,0
1704842100,2024-01-10 02:15:00,2024-01-10,02:15:00,874,0,0,0,1,0,232.9,235.0,650.0,0.1911,January,Wednesday,2,Local,0
1704843000,2024-01-10 02:30:00,2024-01-10,02:30:00,875,0,0,0,1,0,227.7,227.8,150.0,0.1,January,Wednesday,2,Local,0
1704843900,2024-01-10 02:45:00,2024-01-10,02:45:00,876,0,0,0,0,0,226.9,228.3,1000.0,0.3209,January,Wednesday,2,Local,0
1704844800,2024-01-10 03:00:00,2024-01-10,03:00:00,877,0,0,0,1,0,228.0,227.6,150.0,0.1,January,Wednesday,3,Local,0
1704845700,2024-01-10 03:15:00,2024-01-10,03:15:00,878,0,0,0,0,0,228.2,228.0,0.0,0.1,January,Wednesday,3,Local,0
1704846600,2024-01-10 03:30:00,2024-01-10,03:30:00,879,0,0,0,1,0,233.8,233.8,150.0,0.1,January,Wednesday,3,Local,0
1704847500,2024-01-10 03:45:00,2024-01-10,03:45:00,880,0,0,0,0,0,226.4,224.2,0.0,0.1,January,Wednesday,3,Local,0
1704848400,2024-01-10 04:00:00,2024-01-10,04:00:00,881,0,0,0,1,0,231.4,232.2,150.0,0.1,January,Wednesday,4,Local,0
1704849300,2024-01-10 04:15:00,2024-01-10,04:15:00,882,0,0,0,1,0,226.8,227.7,150.0,0.1,January,Wednesday,4,Local,0
1704850200,2024-01-10 04:30:00,2024-01-10,04:30:00,883,0,0,0,1,0,229.0,227.2,150.0,0.1,January,Wednesday,4,Local,0
1704851100,2024-01-10 04:45:00,2024-01-10,04:45:00,884,0,0,0,0,0,234.4,231.9,0.0,0.1,January,Wednesday,4,Local,0
1704852000,2024-01-10 05:00:00,2024-01-10,05:00:00,885,0,0,0,0,0,229.9,227.3,0.0,0.1,January,Wednesday,5,Local,0
1704852900,2024-01-10 05:15:00,2024-01-10,05:15:00,886,0,0,0,1,0,230.8,232.4,950.0,0.2862,January,Wednesday,5,Local,0
1704853800,2024-01-10 05:30:00,2024-01-10,05:30:00,887,0,0,0,1,0,227.8,228.2,150.0,0.1,January,Wednesday,5,Local,0
1704854700,2024-01-10 05:45:00,2024-01-10,05:45:00,888,0,0,0,0,0,235.7,235.3,0.0,0.1,January,Wednesday,5,Local,0
1704855600,2024-01-10 06:00:00,2024-01-10,06:00:00,889,0,0,0,1,0,231.2,230.5,150.0,0.1,January,Wednesday,6,Local,0
1704856500,2024-01-10 06:15:00,2024-01-10,06:15:00,890,0,0,0,1,0,226.9,226.2,150.0,0.1,January,Wednesday,6,Local,0
1704857400,2024-01-10 06:30:00,2024-01-10,06:30:00,891,0,0,0,1,0,232.9,232.0,150.0,0.1,January,Wednesday,6,Local,0
1704858300,2024-01-10 06:45:00,2024-01-10,06:45:00,892,0,0,0,0,0,233.8,232.7,0.0,0.1,January,Wednesday,6,Local,0
1704859200,2024-01-10 07:00:00,2024-01-10,07:00:00,893,0,0,1,1,0,232.1,233.1,3150.0,0.995,January,Wednesday,7,Local,0
1704860100,2024-01-10 07:15:00,2024-01-10,07:15:00,894,0,0,0,0,0,235.0,231.4,0.0,0.1,January,Wednesday,7,Local,0
1704861000,2024-01-10 07:30:00,2024-01-10,07:30:00,895,0,0,0,1,0,228.9,228.6,150.0,0.1,January,Wednesday,7,Local,0
1704861900,2024-01-10 07:45:00,2024-01-10,07:45:00,896,0,0,0,0,0,234.7,236.2,0.0,0.1,January,Wednesday,7,Local,0
1704862800,2024-01-10 08:00:00,2024-01-10,08:00:00,897,0,0,1,1,0,235.5,239.7,3150.0,0.868,January,Wednesday,8,Local,0
1704863700,2024-01-10 08:15:00,2024-01-10,08:15:00,898,0,0,0,1,0,227.2,228.6,150.0,0.1,January,Wednesday,8,Local,0
1704864600,2024-01-10 08:30:00,2024-01-10,08:30:00,899,0,0,0,1,0,230.8,231.6,150.0,0.1,January,Wednesday,8,Local,0
1704865500,2024-01-10 08:45:00,2024-01-10,08:45:00,900,0,0,0,0,0,231.7,233.1,0.0,0.1,January,Wednesday,8,Local,0
1704866400,2024-01-10 09:00:00,2024-01-10,09:00:00,901,0,1,0,1,0,234.5,236.6,2650.0,0.8899,January,Wednesday,9,Local,0
1704867300,2024-01-10 09:15:00,2024-01-10,09:15:00,902,0,0,0,1,0,226.1,225.0,150.0,0.1,January,Wednesday,9,Local,0
1704868200,2024-01-10 09:30:00,2024-01-10,09:30:00,903,0,0,0,1,0,231.6,227.9,150.0,0.1,January,Wednesday,9,Local,0
1704869100,2024-01-10 09:45:00,2024-01-10,09:45:00,904,1,1,0,0,0,230.7,233.2,2650.0,0.7608,January,Wednesday,9,Local,0
1704870000,2024-01-10 10:00:00,2024-01-10,10:00:00,905,0,0,0,0,0,229.3,229.1,0.0,0.1,January,Wednesday,10,Local,0
1704870900,2024-01-10 10:15:00,2024-01-10,10:15:00,906,0,0,0,1,0,230.5,230.5,150.0,0.1,January,Wednesday,10,Local,0
1704871800,2024-01-10 10:30:00,2024-01-10,10:30:00,907,0,0,0,1,0,230.0,229.2,150.0,0.1,January,Wednesday,10,Local,0
1704872700,2024-01-10 10:45:00,2024-01-10,10:45:00,908,0,0,0,0,0,232.0,233.8,0.0,0.1,January,Wednesday,10,Local,0
1704873600,2024-01-10 11:00:00,2024-01-10,11:00:00,909,0,0,0,1,0,230.4,231.0,150.0,0.1,January,Wednesday,11,Local,0
1704874500,2024-01-10 11:15:00,2024-01-10,11:15:00,910,0,0,1,1,0,223.7,218.5,3150.0,0.9435,January,Wednesday,11,Local,0
1704875400,2024-01-10 11:30:00,2024-01-10,11:30:00,911,0,0,0,1,0,230.1,229.3,150.0,0.1,January,Wednesday,11,Local,0
1704876300,2024-01-10 11:45:00,2024-01-10,11:45:00,912,0,0,0,0,0,226.7,229.4,0.0,0.1,January,Wednesday,11,Local,0
1704877200,2024-01-10 12:00:00,2024-01-10,12:00:00,913,0,0,0,1,1,236.3,235.9,1350.0,0.3625,January,Wednesday,12,Local,0
1704878100,2024-01-10 12:15:00,2024-01-10,12:15:00,914,0,0,0,1,0,234.7,232.6,150.0,0.1,January,Wednesday,12,Local,0
1704879000,2024-01-10 12:30:00,2024-01-10,12:30:00,915,0,0,0,0,0,231.5,235.2,0.0,0.1,January,Wednesday,12,Local,0
1704879900,2024-01-10 12:45:00,2024-01-10,12:45:00,916,0,0,0,0,0,233.2,232.7,0.0,0.1,January,Wednesday,12,Local,0
1704880800,2024-01-10 13:00:00,2024-01-10,13:00:00,917,0,0,0,1,0,226.9,225.9,150.0,0.1,January,Wednesday,13,Local,0
1704881700,2024-01-10 13:15:00,2024-01-10,13:15:00,918,0,0,0,1,0,230.8,228.1,150.0,0.1,January,Wednesday,13,Local,0
1704882600,2024-01-10 13:30:00,2024-01-10,13:30:00,919,0,0,0,1,0,227.6,227.4,150.0,0.1,January,Wednesday,13,Local,0
1704883500,2024-01-10 13:45:00,2024-01-10,13:45:00,920,1,0,0,0,0,225.5,226.6,150.0,0.1,January,Wednesday,13,Local,0
1704884400,2024-01-10 14:00:00,2024-01-10,14:00:00,921,0,0,0,1,0,224.9,224.1,150.0,0.1,January,Wednesday,14,Local,0
1704885300,2024-01-10 14:15:00,2024-01-10,14:15:00,922,1,0,0,1,0,236.4,236.8,300.0,0.1023,January,Wednesday,14,Local,0
1704886200,2024-01-10 14:30:00,2024-01-10,14:30:00,923,0,0,0,1,0,232.4,230.7,150.0,0.1,January,Wednesday,14,Local,0
1704887100,2024-01-10 14:45:00,2024-01-10,14:45:00,924,0,0,0,0,0,226.9,227.2,0.0,0.1,January,Wednesday,14,Local,0
1704888000,2024-01-10 15:00:00,2024-01-10,15:00:00,925,0,0,0,1,0,223.8,222.7,150.0,0.1,January,Wednesday,15,Local,0
1704888900,2024-01-10 15:15:00,2024-01-10,15:15:00,926,0,0,0,1,0,235.7,237.4,150.0,0.1,January,Wednesday,15,Local,0
1704889800,2024-01-10 15:30:00,2024-01-10,15:30:00,927,1,0,0,1,0,227.7,232.2,300.0,0.1,January,Wednesday,15,Local,0
1704890700,2024-01-10 15:45:00,2024-01-10,15:45:00,928,1,0,0,0,0,228.7,232.7,150.0,0.1,January,Wednesday,15,Local,0
1704891600,2024-01-10 16:00:00,2024-01-10,16:00:00,929,0,0,0,1,0,228.6,229.9,150.0,0.1,January,Wednesday,16,Local,0
1704892500,2024-01-10 16:15:00,2024-01-10,16:15:00,930,0,1,0,1,0,225.2,226.5,2650.0,0.8726,January,Wednesday,16,Local,0
1704893400,2024-01-10 16:30:00,2024-01-10,16:30:00,931,1,0,0,1,0,227.0,229.9,300.0,0.1,January,Wednesday,16,Local,0
1704894300,2024-01-10 16:45:00,2024-01-10,16:45:00,932,0,0,0,0,1,234.5,234.9,2200.0,0.7167,January,Wednesday,16,Local,0
1704895200,2024-01-10 17:00:00,2024-01-10,17:00:00,933,0,1,0,0,0,229.5,231.4,2500.0,0.7226,January,Wednesday,17,Local,0
1704896100,2024-01-10 17:15:00,2024-01-10,17:15:00,934,1,0,1,1,0,231.8,231.0,3300.0,0.9003,January,Wednesday,17,Local,0
1704897000,2024-01-10 17:30:00,2024-01-10,17:30:00,935,0,0,0,1,1,227.7,226.7,1350.0,0.405,January,Wednesday,17,Local,0
1704897900,2024-01-10 17:45:00,2024-01-10,17:45:00,936,0,0,1,1,0,232.3,236.0,3950.0,1.1634,January,Wednesday,17,Local,0
1704898800,2024-01-10 18:00:00,2024-01-10,18:00:00,937,1,0,1,0,0,229.1,230.4,3150.0,1.0638,January,Wednesday,18,Local,0
1704899700,2024-01-10 18:15:00,2024-01-10,18:15:00,938,1,0,0,1,0,227.7,231.1,1300.0,0.3526,January,Wednesday,18,Local,0
1704900600,2024-01-10 18:30:00,2024-01-10,18:30:00,939,0,0,0,0,0,226.2,227.4,0.0,0.1,January,Wednesday,18,Local,0
1704901500,2024-01-10 18:45:00,2024-01-10,18:45:00,940,1,0,0,0,0,224.9,223.8,150.0,0.1,January,Wednesday,18,Local,0
1704902400,2024-01-10 19:00:00,2024-01-10,19:00:00,941,1,0,0,1,0,223.9,221.5,300.0,0.2854,January,Wednesday,19,Local,1
1704903300,2024-01-10 19:15:00,2024-01-10,19:15:00,942,1,0,0,1,0,234.2,233.2,300.0,0.1,January,Wednesday,19,Local,0
1704904200,2024-01-10 19:30:00,2024-01-10,19:30:00,943,1,0,1,1,0,229.7,225.9,3300.0,0.9076,January,Wednesday,19,Local,0
1704905100,2024-01-10 19:45:00,2024-01-10,19:45:00,944,1,0,0,1,0,229.8,224.7,300.0,0.1,January,Wednesday,19,Local,0
1704906000,2024-01-10 20:00:00,2024-01-10,20:00:00,945,1,0,0,1,0,232.8,235.4,300.0,0.1,January,Wednesday,20,Local,0
1704906900,2024-01-10 20:15:00,2024-01-10,20:15:00,946,1,0,0,0,0,229.7,228.8,150.0,0.1,January,Wednesday,20,Local,0
1704907800,2024-01-10 20:30:00,2024-01-10,20:30:00,947,1,0,1,1,0,235.6,236.4,3300.0,0.9022,January,Wednesday,20,Local,0
1704908700,2024-01-10 20:45:00,2024-01-10,20:45:00,948,0,0,1,0,1,229.7,231.0,4200.0,1.1345,January,Wednesday,20,Local,0
1704909600,2024-01-10 21:00:00,2024-01-10,21:00:00,949,1,0,0,1,0,224.9,225.6,300.0,0.1001,January,Wednesday,21,Local,0
1704910500,2024-01-10 21:15:00,2024-01-10,21:15:00,950,0,0,0,1,1,232.1,232.1,1350.0,0.483,January,Wednesday,21,Local,0
1704911400,2024-01-10 21:30:00,2024-01-10,21:30:00,951,1,0,0,1,0,228.3,228.4,300.0,0.1,January,Wednesday,21,Local,0
1704912300,2024-01-10 21:45:00,2024-01-10,21:45:00,952,1,0,0,0,0,232.9,231.6,150.0,0.1,January,Wednesday,21,Local,0
1704913200,2024-01-10 22:00:00,2024-01-10,22:00:00,953,0,0,0,0,0,231.5,233.1,0.0,0.1,January,Wednesday,22,Local,0
1704914100,2024-01-10 22:15:00,2024-01-10,22:15:00,954,1,0,0,1,0,231.1,230.5,300.0,0.1,January,Wednesday,22,Local,0
1704915000,2024-01-10 22:30:00,2024-01-10,22:30:00,955,0,0,0,1,0,228.9,231.9,150.0,0.1,January,Wednesday,22,Local,0
1704915900,2024-01-10 22:45:00,2024-01-10,22:45:00,956,1,0,0,0,0,222.1,222.3,150.0,0.1,January,Wednesday,22,Local,0
1704916800,2024-01-10 23:00:00,2024-01-10,23:00:00,957,0,0,0,1,0,224.0,226.1,150.0,0.1,January,Wednesday,23,Local,0
1704917700,2024-01-10 23:15:00,2024-01-10,23:15:00,958,0,0,0,1,0,231.6,234.3,150.0,0.1,January,Wednesday,23,Local,0
1704918600,2024-01-10 23:30:00,2024-01-10,23:30:00,959,0,0,0,1,0,231.6,234.0,150.0,0.1,January,Wednesday,23,Local,0
1704919500,2024-01-10 23:45:00,2024-01-10,23:45:00,960,0,0,0,0,0,231.5,233.7,0.0,0.1,January,Wednesday,23,Local,0
1704920400,2024-01-11 00:00:00,2024-01-11,00:00:00,961,0,0,0,1,0,229.7,229.7,150.0,0.1,January,Thursday,0,Local,0
1704921300,2024-01-11 00:15:00,2024-01-11,00:15:00,962,0,0,0,1,0,227.1,224.2,150.0,0.1,January,Thursday,0,Local,0
1704922200,2024-01-11 00:30:00,2024-01-11,00:30:00,963,0,0,0,1,0,228.6,227.5,150.0,0.1,January,Thursday,0,Local,0
1704923100,2024-01-11 00:45:00,2024-01-11,00:45:00,964,0,0,0,0,0,229.9,230.6,0.0,0.1,January,Thursday,0,Local,0
1704924000,2024-01-11 01:00:00,2024-01-11,01:00:00,965,0,0,0,1,0,235.6,234.6,150.0,0.1,January,Thursday,1,Local,0
1704924900,2024-01-11 01:15:00,2024-01-11,01:15:00,966,0,0,0,1,0,232.3,234.3,150.0,0.1,January,Thursday,1,Local,0
1704925800,2024-01-11 01:30:00,2024-01-11,01:30:00,967,0,0,0,0,0,228.3,229.6,0.0,0.1,January,Thursday,1,Local,0
1704926700,2024-01-11 01:45:00,2024-01-11,01:45:00,968,0,0,0,0,0,225.8,224.7,0.0,0.1,January,Thursday,1,Local,0
1704927600,2024-01-11 02:00:00,2024-01-11,02:00:00,969,0,0,0,1,0,227.5,227.9,150.0,0.1,January,Thursday,2,Local,0
1704928500,2024-01-11 02:15:00,2024-01-11,02:15:00,970,0,0,0,1,0,233.3,234.2,150.0,0.1,January,Thursday,2,Local,0
1704929400,2024-01-11 02:30:00,2024-01-11,02:30:00,971,0,0,0,1,0,229.7,229.5,150.0,0.1,January,Thursday,2,Local,0
1704930300,2024-01-11 02:45:00,2024-01-11,02:45:00,972,0,0,0,0,0,232.4,233.0,0.0,0.1,January,Thursday,2,Local,0
1704931200,2024-01-11 03:00:00,2024-01-11,03:00:00,973,0,0,0,1,0,224.8,227.9,150.0,0.1,January,Thursday,3,Local,0
1704932100,2024-01-11 03:15:00,2024-01-11,03:15:00,974,0,0,0,1,0,223.2,226.6,150.0,0.1,January,Thursday,3,Local,0
1704933000,2024-01-11 03:30:00,2024-01-11,03:30:00,975,0,0,0,1,0,233.5,229.6,150.0,0.1,January,Thursday,3,Local,0
1704933900,2024-01-11 03:45:00,2024-01-11,03:45:00,976,0,0,0,0,0,223.9,222.2,0.0,0.1,January,Thursday,3,Local,0
1704934800,2024-01-11 04:00:00,2024-01-11,04:00:00,977,0,0,0,1,0,231.8,230.5,150.0,0.1,January,Thursday,4,Local,0
1704935700,2024-01-11 04:15:00,2024-01-11,04:15:00,978,0,0,0,1,0,228.2,229.1,150.0,0.1,January,Thursday,4,Local,0
1704936600,2024-01-11 04:30:00,2024-01-11,04:30:00,979,0,0,0,1,0,228.5,229.5,150.0,0.1,January,Thursday,4,Local,0
1704937500,2024-01-11 04:45:00,2024-01-11,04:45:00,980,0,0,0,0,0,227.4,227.8,0.0,0.1,January,Thursday,4,Local,0
1704938400,2024-01-11 05:00:00,2024-01-11,05:00:00,981,0,0,0,1,0,231.6,229.7,150.0,0.1,January,Thursday,5,Local,0
1704939300,2024-01-11 05:15:00,2024-01-11,05:15:00,982,0,0,0,1,0,233.8,229.6,150.0,0.1,January,Thursday,5,Local,0
1704940200,2024-01-11 05:30:00,2024-01-11,05:30:00,983,0,0,0,1,0,231.1,227.3,150.0,0.1,January,Thursday,5,Local,0
1704941100,2024-01-11 05:45:00,2024-01-11,05:45:00,984,0,0,0,0,0,231.8,233.6,0.0,0.1,January,Thursday,5,Local,0
1704942000,2024-01-11 06:00:00,2024-01-11,06:00:00,985,0,0,0,0,0,233.6,234.3,0.0,0.1,January,Thursday,6,Local,0
1704942900,2024-01-11 06:15:00,2024-01-11,06:15:00,986,0,0,0,1,0,228.8,227.3,150.0,0.1,January,Thursday,6,Local,0
1704943800,2024-01-11 06:30:00,2024-01-11,06:30:00,987,0,0,0,1,0,230.1,231.9,150.0,0.1,January,Thursday,6,Local,0
1704944700,2024-01-11 06:45:00,2024-01-11,06:45:00,988,0,0,1,0,0,229.6,231.3,3000.0,0.9301,January,Thursday,6,Local,0
1704945600,2024-01-11 07:00:00,2024-01-11,07:00:00,989,1,0,0,1,0,231.3,229.6,300.0,0.1,January,Thursday,7,Local,0
1704946500,2024-01-11 07:15:00,2024-01-11,07:15:00,990,0,0,0,1,1,238.0,237.1,1350.0,0.4733,January,Thursday,7,Local,0
1704947400,2024-01-11 07:30:00,2024-01-11,07:30:00,991,0,0,0,1,0,225.8,226.4,150.0,0.1,January,Thursday,7,Local,0
1704948300,2024-01-11 07:45:00,2024-01-11,07:45:00,992,1,0,0,0,0,231.9,229.4,150.0,0.1,January,Thursday,7,Local,0
1704949200,2024-01-11 08:00:00,2024-01-11,08:00:00,993,1,0,0,1,1,235.5,233.2,1500.0,0.4905,January,Thursday,8,Local,0
1704950100,2024-01-11 08:15:00,2024-01-11,08:15:00,994,0,0,1,1,0,228.2,230.9,3150.0,1.022,January,Thursday,8,Local,0
1704951000,2024-01-11 08:30:00,2024-01-11,08:30:00,995,0,1,0,1,0,230.7,229.9,2650.0,0.9706,January,Thursday,8,Local,0
1704951900,2024-01-11 08:45:00,2024-01-11,08:45:00,996,0,0,0,0,0,232.0,233.7,500.0,0.1593,January,Thursday,8,Local,0
1704952800,2024-01-11 09:00:00,2024-01-11,09:00:00,997,0,0,0,1,0,227.7,227.2,150.0,0.1,January,Thursday,9,Local,0
1704953700,2024-01-11 09:15:00,2024-01-11,09:15:00,998,0,1,0,1,0,234.6,232.9,2650.0,0.8078,January,Thursday,9,Local,0
1704954600,2024-01-11 09:30:00,2024-01-11,09:30:00,999,1,0,0,1,0,229.2,229.1,300.0,0.1,January,Thursday,9,Local,0
1704955500,2024-01-11 09:45:00,2024-01-11,09:45:00,1000,0,0,0,0,0,228.1,228.9,0.0,0.1,January,Thursday,9,Local,0
1704956400,2024-01-11 10:00:00,2024-01-11,10:00:00,1001,0,0,0,1,0,233.1,233.8,150.0,0.1,January,Thursday,10,Local,0
1704957300,2024-01-11 10:15:00,2024-01-11,10:15:00,1002,0,0,0,0,0,234.2,233.3,1000.0,0.3162,January,Thursday,10,Local,0
1704958200,2024-01-11 10:30:00,2024-01-11,10:30:00,1003,1,0,0,1,0,235.7,235.5,300.0,0.1,January,Thursday,10,Local,0
1704959100,2024-01-11 10:45:00,2024-01-11,10:45:00,1004,0,1,0,0,0,228.6,230.8,2500.0,0.6995,January,Thursday,10,Local,0
1704960000,2024-01-11 11:00:00,2024-01-11,11:00:00,1005,0,0,0,1,0,227.9,226.0,150.0,0.1,January,Thursday,11,Local,0
1704960900,2024-01-11 11:15:00,2024-01-11,11:15:00,1006,0,0,0,1,0,235.2,236.8,150.0,0.1,January,Thursday,11,Local,0
1704961800,2024-01-11 11:30:00,2024-01-11,11:30:00,1007,0,0,0,1,0,230.1,228.5,150.0,0.1,January,Thursday,11,Local,0
1704962700,2024-01-11 11:45:00,2024-01-11,11:45:00,1008,0,1,0,0,0,234.0,233.4,2500.0,0.7373,January,Thursday,11,Local,0
1704963600,2024-01-11 12:00:00,2024-01-11,12:00:00,1009,0,0,0,1,1,227.3,226.4,1350.0,0.4045,January,Thursday,12,Local,0
1704964500,2024-01-11 12:15:00,2024-01-11,12:15:00,1010,0,0,0,1,0,227.8,227.4,150.0,0.1,January,Thursday,12,Local,0
1704965400,2024-01-11 12:30:00,2024-01-11,12:30:00,1011,0,0,0,1,0,230.2,226.4,150.0,0.1,January,Thursday,12,Local,0
1704966300,2024-01-11 12:45:00,2024-01-11,12:45:00,1012,0,0,1,0,0,230.4,229.7,3000.0,1.0165,January,Thursday,12,Local,0
1704967200,2024-01-11 13:00:00,2024-01-11,13:00:00,1013,0,0,1,0,0,235.1,231.0,3800.0,1.216,January,Thursday,13,Local,0
1704968100,2024-01-11 13:15:00,2024-01-11,13:15:00,1014,0,0,1,1,1,224.2,223.1,4350.0,1.1718,January,Thursday,13,Local,0
1704969000,2024-01-11 13:30:00,2024-01-11,13:30:00,1015,0,0,1,1,1,236.4,235.5,4350.0,1.4389,January,Thursday,13,Local,0
1704969900,2024-01-11 13:45:00,2024-01-11,13:45:00,1016,0,0,0,0,1,227.3,226.8,1200.0,0.3044,January,Thursday,13,Local,0
1704970800,2024-01-11 14:00:00,2024-01-11,14:00:00,1017,0,0,0,0,0,234.6,233.3,0.0,0.1,January,Thursday,14,Local,0
1704971700,2024-01-11 14:15:00,2024-01-11,14:15:00,1018,0,0,0,1,0,227.9,227.0,150.0,0.1,January,Thursday,14,Local,0
1704972600,2024-01-11 14:30:00,2024-01-11,14:30:00,1019,1,0,0,1,0,231.2,230.3,300.0,0.1,January,Thursday,14,Local,0
1704973500,2024-01-11 14:45:00,2024-01-11,14:45:00,1020,0,0,0,0,0,230.2,228.7,0.0,0.1,January,Thursday,14,Local,0
1704974400,2024-01-11 15:00:00,2024-01-11,15:00:00,1021,0,0,0,1,0,232.4,234.6,150.0,0.1,January,Thursday,15,Local,0
1704975300,2024-01-11 15:15:00,2024-01-11,15:15:00,1022,0,0,0,0,0,234.5,235.0,0.0,0.1,January,Thursday,15,Local,0
1704976200,2024-01-11 15:30:00,2024-01-11,15:30:00,1023,0,0,0,1,0,230.2,226.2,150.0,0.1,January,Thursday,15,Local,0
1704977100,2024-01-11 15:45:00,2024-01-11,15:45:00,1024,0,0,0,0,0,234.0,231.9,0.0,0.1,January,Thursday,15,Local,0
1704978000,2024-01-11 16:00:00,2024-01-11,16:00:00,1025,0,0,0,1,0,226.9,228.2,150.0,0.1,January,Thursday,16,Local,0
1704978900,2024-01-11 16:15:00,2024-01-11,16:15:00,1026,0,0,0,0,0,230.5,230.2,0.0,0.1,January,Thursday,16,Local,0
1704979800,2024-01-11 16:30:00,2024-01-11,16:30:00,1027,0,0,1,1,0,231.5,232.0,3150.0,0.9965,January,Thursday,16,Local,0
1704980700,2024-01-11 16:45:00,2024-01-11,16:45:00,1028,1,0,0,0,0,225.6,227.4,150.0,0.1,January,Thursday,16,Local,0
1704981600,2024-01-11 17:00:00,2024-01-11,17:00:00,1029,0,0,0,1,0,227.3,228.3,150.0,0.1,January,Thursday,17,Local,0
1704982500,2024-01-11 17:15:00,2024-01-11,17:15:00,1030,0,0,0,1,0,225.3,228.9,150.0,0.1,January,Thursday,17,Local,0
1704983400,2024-01-11 17:30:00,2024-01-11,17:30:00,1031,0,0,0,1,0,234.9,237.8,150.0,0.1,January,Thursday,17,Local,0
1704984300,2024-01-11 17:45:00,2024-01-11,17:45:00,1032,1,1,0,0,0,225.5,226.0,2650.0,0.762,January,Thursday,17,Local,0
1704985200,2024-01-11 18:00:00,2024-01-11,18:00:00,1033,0,0,0,1,1,228.5,230.2,1350.0,0.3869,January,Thursday,18,Local,0
1704986100,2024-01-11 18:15:00,2024-01-11,18:15:00,1034,1,0,0,1,0,230.8,228.3,300.0,0.1,January,Thursday,18,Local,0
1704987000,2024-01-11 18:30:00,2024-01-11,18:30:00,1035,0,0,0,1,1,233.6,232.2,1350.0,0.4132,January,Thursday,18,Local,0
1704987900,2024-01-11 18:45:00,2024-01-11,18:45:00,1036,0,1,0,0,0,232.6,236.0,2500.0,0.7819,January,Thursday,18,Local,0
1704988800,2024-01-11 19:00:00,2024-01-11,19:00:00,1037,1,0,1,1,0,226.8,225.9,3300.0,0.8542,January,Thursday,19,Local,0
1704989700,2024-01-11 19:15:00,2024-01-11,19:15:00,1038,1,0,1,1,0,229.9,231.0,3300.0,1.0711,January,Thursday,19,Local,0
1704990600,2024-01-11 19:30:00,2024-01-11,19:30:00,1039,1,0,1,1,1,230.1,227.5,4500.0,1.3135,January,Thursday,19,Local,0
1704991500,2024-01-11 19:45:00,2024-01-11,19:45:00,1040,0,1,0,0,1,233.3,232.0,3700.0,0.9788,January,Thursday,19,Local,0
1704992400,2024-01-11 20:00:00,2024-01-11,20:00:00,1041,1,0,1,1,0,229.1,230.0,3300.0,0.9467,January,Thursday,20,Local,0
1704993300,2024-01-11 20:15:00,2024-01-11,20:15:00,1042,1,0,0,1,0,232.2,233.2,300.0,0.1,January,Thursday,20,Local,0
1704994200,2024-01-11 20:30:00,2024-01-11,20:30:00,1043,1,0,1,0,1,228.2,227.4,4350.0,1.401,January,Thursday,20,Local,0
1704995100,2024-01-11 20:45:00,2024-01-11,20:45:00,1044,1,0,1,0,0,226.8,225.2,3150.0,0.9197,January,Thursday,20,Local,0
1704996000,2024-01-11 21:00:00,2024-01-11,21:00:00,1045,1,0,0,1,1,230.9,233.9,1500.0,0.3829,January,Thursday,21,Local,0
1704996900,2024-01-11 21:15:00,2024-01-11,21:15:00,1046,0,0,0,0,0,229.0,234.4,0.0,0.1,January,Thursday,21,Local,0
1704997800,2024-01-11 21:30:00,2024-01-11,21:30:00,1047,1,0,0,1,0,228.4,228.3,300.0,0.1,January,Thursday,21,Local,0
1704998700,2024-01-11 21:45:00,2024-01-11,21:45:00,1048,1,0,0,1,0,227.1,229.0,300.0,0.1,January,Thursday,21,Local,0
1704999600,2024-01-11 22:00:00,2024-01-11,22:00:00,1049,0,0,0,1,1,235.3,236.2,1350.0,0.3983,January,Thursday,22,Local,0
1705000500,2024-01-11 22:15:00,2024-01-11,22:15:00,1050,1,0,0,1,0,224.6,220.0,300.0,0.1,January,Thursday,22,Local,0
1705001400,2024-01-11 22:30:00,2024-01-11,22:30:00,1051,0,0,0,1,0,228.4,227.2,150.0,0.1,January,Thursday,22,Local,0
1705002300,2024-01-11 22:45:00,2024-01-11,22:45:00,1052,0,0,0,0,0,226.7,224.4,0.0,0.1,January,Thursday,22,Local,0
1705003200,2024-01-11 23:00:00,2024-01-11,23:00:00,1053,0,0,0,1,0,234.3,236.2,150.0,0.1,January,Thursday,23,Local,0
1705004100,2024-01-11 23:15:00,2024-01-11,23:15:00,1054,0,0,0,1,0,230.9,227.8,150.0,0.1,January,Thursday,23,Local,0
1705005000,2024-01-11 23:30:00,2024-01-11,23:30:00,1055,0,0,0,1,0,231.9,232.2,150.0,0.1,January,Thursday,23,Local,0
1705005900,2024-01-11 23:45:00,2024-01-11,23:45:00,1056,0,0,0,1,0,228.8,227.4,150.0,0.1,January,Thursday,23,Local,0
1705006800,2024-01-12 00:00:00,2024-01-12,00:00:00,1057,0,0,0,1,0,239.9,240.1,150.0,0.1,January,Friday,0,Local,0
1705007700,2024-01-12 00:15:00,2024-01-12,00:15:00,1058,0,0,0,0,0,234.9,233.7,0.0,0.1,January,Friday,0,Local,0
1705008600,2024-01-12 00:30:00,2024-01-12,00:30:00,1059,0,0,0,1,0,228.9,230.6,150.0,0.1,January,Friday,0,Local,0
1705009500,2024-01-12 00:45:00,2024-01-12,00:45:00,1060,0,0,0,0,0,232.9,233.4,0.0,0.1,January,Friday,0,Local,0
1705010400,2024-01-12 01:00:00,2024-01-12,01:00:00,1061,0,0,0,1,0,231.7,233.1,150.0,0.1,January,Friday,1,Local,0
1705011300,2024-01-12 01:15:00,2024-01-12,01:15:00,1062,0,0,0,1,0,228.1,225.5,150.0,0.1,January,Friday,1,Local,0
1705012200,2024-01-12 01:30:00,2024-01-12,01:30:00,1063,0,0,0,1,0,229.5,230.7,150.0,0.1,January,Friday,1,Local,0
1705013100,2024-01-12 01:45:00,2024-01-12,01:45:00,1064,0,0,0,1,0,227.2,229.7,150.0,0.1,January,Friday,1,Local,0
1705014000,2024-01-12 02:00:00,2024-01-12,02:00:00,1065,0,0,0,1,0,229.8,226.1,650.0,0.1904,January,Friday,2,Local,0
1705014900,2024-01-12 02:15:00,2024-01-12,02:15:00,1066,0,0,0,1,0,229.8,231.6,150.0,0.1,January,Friday,2,Local,0
1705015800,2024-01-12 02:30:00,2024-01-12,02:30:00,1067,0,0,0,0,0,234.6,237.5,0.0,0.1,January,Friday,2,Local,0
1705016700,2024-01-12 02:45:00,2024-01-12,02:45:00,1068,0,0,0,1,0,228.6,229.1,150.0,0.1,January,Friday,2,Local,0
1705017600,2024-01-12 03:00:00,2024-01-12,03:00:00,1069,0,0,0,1,0,230.3,227.6,150.0,0.1,January,Friday,3,Local,0
1705018500,2024-01-12 03:15:00,2024-01-12,03:15:00,1070,0,0,0,1,0,229.6,228.4,150.0,0.1,January,Friday,3,Local,0
1705019400,2024-01-12 03:30:00,2024-01-12,03:30:00,1071,0,0,0,1,0,232.2,231.5,150.0,0.1,January,Friday,3,Local,0
1705020300,2024-01-12 03:45:00,2024-01-12,03:45:00,1072,0,0,0,0,0,229.8,227.0,0.0,0.1,January,Friday,3,Local,0
1705021200,2024-01-12 04:00:00,2024-01-12,04:00:00,1073,0,0,0,1,0,232.5,231.9,150.0,0.1,January,Friday,4,Local,0
1705022100,2024-01-12 04:15:00,2024-01-12,04:15:00,1074,0,0,0,1,0,232.9,232.2,150.0,0.1,January,Friday,4,Local,0
1705023000,2024-01-12 04:30:00,2024-01-12,04:30:00,1075,0,0,0,0,0,231.5,232.1,0.0,0.1,January,Friday,4,Local,0
1705023900,2024-01-12 04:45:00,2024-01-12,04:45:00,1076,0,0,0,0,0,227.8,227.3,0.0,0.1,January,Friday,4,Local,0
1705024800,2024-01-12 05:00:00,2024-01-12,05:00:00,1077,0,0,0,1,0,226.4,224.9,150.0,0.1,January,Friday,5,Local,0
1705025700,2024-01-12 05:15:00,2024-01-12,05:15:00,1078,0,0,0,1,0,231.8,229.5,150.0,0.1,January,Friday,5,Local,0
1705026600,2024-01-12 05:30:00,2024-01-12,05:30:00,1079,0,0,0,1,0,227.9,227.8,150.0,0.1,January,Friday,5,Local,0
1705027500,2024-01-12 05:45:00,2024-01-12,05:45:00,1080,0,0,0,0,0,227.6,229.1,0.0,0.1,January,Friday,5,Local,0
1705028400,2024-01-12 06:00:00,2024-01-12,06:00:00,1081,0,0,0,1,0,230.1,226.8,150.0,0.1,January,Friday,6,Local,0
1705029300,2024-01-12 06:15:00,2024-01-12,06:15:00,1082,0,0,0,1,0,229.6,231.1,150.0,0.1,January,Friday,6,Local,0
1705030200,2024-01-12 06:30:00,2024-01-12,06:30:00,1083,0,0,0,1,0,231.1,233.1,150.0,0.1,January,Friday,6,Local,0
1705031100,2024-01-12 06:45:00,2024-01-12,06:45:00,1084,0,0,0,0,0,230.8,227.7,1500.0,0.4249,January,Friday,6,Local,0
1705032000,2024-01-12 07:00:00,2024-01-12,07:00:00,1085,0,0,0,1,0,229.2,228.8,150.0,0.1,January,Friday,7,Local,0
1705032900,2024-01-12 07:15:00,2024-01-12,07:15:00,1086,0,0,0,1,0,229.3,230.7,150.0,0.1,January,Friday,7,Local,0
1705033800,2024-01-12 07:30:00,2024-01-12,07:30:00,1087,0,0,0,0,0,230.6,230.8,0.0,0.1,January,Friday,7,Local,0
1705034700,2024-01-12 07:45:00,2024-01-12,07:45:00,1088,0,0,0,0,0,226.8,225.2,0.0,0.1,January,Friday,7,Local,0
1705035600,2024-01-12 08:00:00,2024-01-12,08:00:00,1089,1,0,0,1,0,224.7,226.0,800.0,0.2129,January,Friday,8,Local,0
1705036500,2024-01-12 08:15:00,2024-01-12,08:15:00,1090,0,0,0,1,0,233.3,231.9,150.0,0.1,January,Friday,8,Local,0
1705037400,2024-01-12 08:30:00,2024-01-12,08:30:00,1091,0,1,0,1,0,230.3,229.9,2650.0,0.748,January,Friday,8,Local,0
1705038300,2024-01-12 08:45:00,2024-01-12,08:45:00,1092,0,1,0,0,0,230.9,230.1,3500.0,1.0764,January,Friday,8,Local,0
1705039200,2024-01-12 09:00:00,2024-01-12,09:00:00,1093,0,0,0,1,0,227.9,227.2,150.0,0.1,January,Friday,9,Local,0
1705040100,2024-01-12 09:15:00,2024-01-12,09:15:00,1094,0,0,0,1,0,230.0,231.6,1150.0,0.3003,January,Friday,9,Local,0
1705041000,2024-01-12 09:30:00,2024-01-12,09:30:00,1095,0,0,0,1,0,224.4,223.2,150.0,0.1,January,Friday,9,Local,0
1705041900,2024-01-12 09:45:00,2024-01-12,09:45:00,1096,0,0,0,0,0,228.4,224.5,0.0,0.1,January,Friday,9,Local,0
1705042800,2024-01-12 10:00:00,2024-01-12,10:00:00,1097,0,0,0,1,0,230.2,229.9,150.0,0.1,January,Friday,10,Local,0
1705043700,2024-01-12 10:15:00,2024-01-12,10:15:00,1098,0,0,0,1,0,230.5,231.3,150.0,0.1,January,Friday,10,Local,0
1705044600,2024-01-12 10:30:00,2024-01-12,10:30:00,1099,0,1,0,1,0,231.5,232.4,2650.0,0.7985,January,Friday,10,Local,0
1705045500,2024-01-12 10:45:00,2024-01-12,10:45:00,1100,0,0,0,1,0,233.6,233.7,150.0,0.1,January,Friday,10,Local,0
1705046400,2024-01-12 11:00:00,2024-01-12,11:00:00,1101,0,0,0,1,0,228.6,230.7,150.0,0.1,January,Friday,11,Local,0
1705047300,2024-01-12 11:15:00,2024-01-12,11:15:00,1102,0,1,0,1,0,231.4,232.4,2650.0,0.7807,January,Friday,11,Local,0
1705048200,2024-01-12 11:30:00,2024-01-12,11:30:00,1103,0,0,0,1,0,231.3,233.4,150.0,0.1,January,Friday,11,Local,0
1705049100,2024-01-12 11:45:00,2024-01-12,11:45:00,1104,0,0,0,1,0,232.2,234.6,150.0,0.1,January,Friday,11,Local,0
1705050000,2024-01-12 12:00:00,2024-01-12,12:00:00,1105,0,0,0,1,0,232.8,237.2,150.0,0.1,January,Friday,12,Local,0
1705050900,2024-01-12 12:15:00,2024-01-12,12:15:00,1106,0,0,0,1,0,227.3,225.1,150.0,0.1,January,Friday,12,Local,0
1705051800,2024-01-12 12:30:00,2024-01-12,12:30:00,1107,0,0,0,1,0,230.9,232.7,150.0,0.1,January,Friday,12,Local,0
1705052700,2024-01-12 12:45:00,2024-01-12,12:45:00,1108,0,0,0,0,0,230.6,226.3,0.0,0.1,January,Friday,12,Local,0
1705053600,2024-01-12 13:00:00,2024-01-12,13:00:00,1109,1,0,0,1,0,229.9,231.4,300.0,0.1,January,Friday,13,Local,0
1705054500,2024-01-12 13:15:00,2024-01-12,13:15:00,1110,0,0,0,1,0,232.0,230.7,150.0,0.1,January,Friday,13,Local,0
1705055400,2024-01-12 13:30:00,2024-01-12,13:30:00,1111,0,0,0,0,0,228.4,228.3,0.0,0.1,January,Friday,13,Local,0
1705056300,2024-01-12 13:45:00,2024-01-12,13:45:00,1112,0,0,0,0,0,232.3,234.7,0.0,0.1,January,Friday,13,Local,0
1705057200,2024-01-12 14:00:00,2024-01-12,14:00:00,1113,0,0,0,0,0,229.5,231.5,0.0,0.1,January,Friday,14,Local,0
1705058100,2024-01-12 14:15:00,2024-01-12,14:15:00,1114,0,0,0,1,1,231.8,234.5,1350.0,0.4113,January,Friday,14,Local,0
1705059000,2024-01-12 14:30:00,2024-01-12,14:30:00,1115,0,1,0,1,0,238.6,236.9,2650.0,0.774,January,Friday,14,Local,0
1705059900,2024-01-12 14:45:00,2024-01-12,14:45:00,1116,1,0,0,0,0,231.0,229.0,150.0,0.1,January,Friday,14,Local,0
1705060800,2024-01-12 15:00:00,2024-01-12,15:00:00,1117,0,0,0,0,0,231.5,232.1,0.0,0.1,January,Friday,15,Local,0
1705061700,2024-01-12 15:15:00,2024-01-12,15:15:00,1118,0,0,0,1,0,233.0,229.9,150.0,0.1,January,Friday,15,Local,0
1705062600,2024-01-12 15:30:00,2024-01-12,15:30:00,1119,0,0,0,1,0,234.9,235.1,150.0,0.1,January,Friday,15,Local,0
1705063500,2024-01-12 15:45:00,2024-01-12,15:45:00,1120,1,0,0,0,0,234.1,232.3,150.0,0.1,January,Friday,15,Local,0
1705064400,2024-01-12 16:00:00,2024-01-12,16:00:00,1121,0,0,0,1,0,231.2,230.3,950.0,0.272,January,Friday,16,Local,0
1705065300,2024-01-12 16:15:00,2024-01-12,16:15:00,1122,0,1,0,1,0,231.8,232.1,4650.0,1.3501,January,Friday,16,Local,0
1705066200,2024-01-12 16:30:00,2024-01-12,16:30:00,1123,0,0,0,1,0,233.1,230.3,150.0,0.1,January,Friday,16,Local,0
1705067100,2024-01-12 16:45:00,2024-01-12,16:45:00,1124,0,0,0,0,0,229.2,223.9,0.0,0.1,January,Friday,16,Local,0
1705068000,2024-01-12 17:00:00,2024-01-12,17:00:00,1125,0,1,0,1,0,224.9,224.5,2650.0,0.8173,January,Friday,17,Local,0
1705068900,2024-01-12 17:15:00,2024-01-12,17:15:00,1126,1,0,0,1,0,229.8,229.8,300.0,0.1,January,Friday,17,Local,0
1705069800,2024-01-12 17:30:00,2024-01-12,17:30:00,1127,0,0,0,1,0,233.9,233.0,150.0,0.1,January,Friday,17,Local,0
1705070700,2024-01-12 17:45:00,2024-01-12,17:45:00,1128,1,1,1,0,0,236.2,236.7,5650.0,1.7628,January,Friday,17,Local,0
1705071600,2024-01-12 18:00:00,2024-01-12,18:00:00,1129,1,1,0,1,0,234.5,232.5,4300.0,1.1074,January,Friday,18,Local,0
1705072500,2024-01-12 18:15:00,2024-01-12,18:15:00,1130,1,0,0,1,0,221.3,222.2,300.0,0.1,January,Friday,18,Local,0
1705073400,2024-01-12 18:30:00,2024-01-12,18:30:00,1131,1,1,1,1,1,230.6,230.9,7000.0,2.419,January,Friday,18,Local,0
1705074300,2024-01-12 18:45:00,2024-01-12,18:45:00,1132,1,1,0,0,0,230.0,232.2,2650.0,0.8726,January,Friday,18,Local,0
1705075200,2024-01-12 19:00:00,2024-01-12,19:00:00,1133,1,0,0,1,1,230.5,233.0,1500.0,0.4394,January,Friday,19,Local,0
1705076100,2024-01-12 19:15:00,2024-01-12,19:15:00,1134,1,0,0,1,0,229.1,231.6,300.0,0.1,January,Friday,19,Local,0
1705077000,2024-01-12 19:30:00,2024-01-12,19:30:00,1135,1,0,0,1,0,227.4,229.4,300.0,0.1,January,Friday,19,Local,0
1705077900,2024-01-12 19:45:00,2024-01-12,19:45:00,1136,1,0,0,0,0,228.0,228.8,150.0,0.1,January,Friday,19,Local,0
1705078800,2024-01-12 20:00:00,2024-01-12,20:00:00,1137,1,0,0,0,0,227.9,231.6,150.0,0.1,January,Friday,20,Local,0
1705079700,2024-01-12 20:15:00,2024-01-12,20:15:00,1138,0,0,0,1,0,226.7,225.0,150.0,0.1,January,Friday,20,Local,0
1705080600,2024-01-12 20:30:00,2024-01-12,20:30:00,1139,1,0,1,0,0,232.1,235.2,3150.0,0.9588,January,Friday,20,Local,0
1705081500,2024-01-12 20:45:00,2024-01-12,20:45:00,1140,0,0,0,0,0,234.1,235.0,800.0,0.2273,January,Friday,20,Local,0
1705082400,2024-01-12 21:00:00,2024-01-12,21:00:00,1141,0,0,0,1,1,226.8,229.5,1350.0,0.4185,January,Friday,21,Local,0
1705083300,2024-01-12 21:15:00,2024-01-12,21:15:00,1142,1,1,1,1,0,229.0,227.2,6600.0,2.0586,January,Friday,21,Local,0
1705084200,2024-01-12 21:30:00,2024-01-12,21:30:00,1143,1,0,0,1,1,229.1,231.2,1500.0,0.5098,January,Friday,21,Local,0
1705085100,2024-01-12 21:45:00,2024-01-12,21:45:00,1144,0,0,1,0,0,229.9,230.0,3000.0,0.8417,January,Friday,21,Local,0
1705086000,2024-01-12 22:00:00,2024-01-12,22:00:00,1145,1,0,0,1,1,230.1,228.6,1500.0,0.4474,January,Friday,22,Local,0
1705086900,2024-01-12 22:15:00,2024-01-12,22:15:00,1146,0,0,0,1,0,225.8,224.0,150.0,0.1,January,Friday,22,Local,0
1705087800,2024-01-12 22:30:00,2024-01-12,22:30:00,1147,0,0,0,1,0,226.9,227.6,150.0,0.1,January,Friday,22,Local,0
1705088700,2024-01-12 22:45:00,2024-01-12,22:45:00,1148,0,0,0,0,0,225.7,226.0,0.0,0.1,January,Friday,22,Local,0
1705089600,2024-01-12 23:00:00,2024-01-12,23:00:00,1149,0,0,0,1,0,225.5,223.9,150.0,0.1,January,Friday,23,Local,0
1705090500,2024-01-12 23:15:00,2024-01-12,23:15:00,1150,0,0,1,1,0,232.9,231.8,3150.0,0.8429,January,Friday,23,Local,0
1705091400,2024-01-12 23:30:00,2024-01-12,23:30:00,1151,0,0,0,1,1,233.6,235.5,1350.0,0.3709,January,Friday,23,Local,0
1705092300,2024-01-12 23:45:00,2024-01-12,23:45:00,1152,0,0,0,0,0,225.8,223.5,0.0,0.1,January,Friday,23,Local,0
1705093200,2024-01-13 00:00:00,2024-01-13,00:00:00,1153,0,0,0,1,0,228.3,228.4,150.0,0.1,January,Saturday,0,Local,0
1705094100,2024-01-13 00:15:00,2024-01-13,00:15:00,1154,0,0,0,1,0,229.0,232.4,650.0,0.182,January,Saturday,0,Local,0
1705095000,2024-01-13 00:30:00,2024-01-13,00:30:00,1155,0,0,0,1,0,232.7,231.0,150.0,0.1,January,Saturday,0,Local,0
1705095900,2024-01-13 00:45:00,2024-01-13,00:45:00,1156,0,0,0,0,0,228.4,227.2,0.0,0.1,January,Saturday,0,Local,0
1705096800,2024-01-13 01:00:00,2024-01-13,01:00:00,1157,0,0,0,1,0,232.3,230.7,150.0,0.1,January,Saturday,1,Local,0
1705097700,2024-01-13 01:15:00,2024-01-13,01:15:00,1158,0,0,0,1,0,227.7,228.6,150.0,0.1,January,Saturday,1,Local,0
1705098600,2024-01-13 01:30:00,2024-01-13,01:30:00,1159,1,0,0,0,0,232.6,232.7,150.0,0.1,January,Saturday,1,Local,0
1705099500,2024-01-13 01:45:00,2024-01-13,01:45:00,1160,0,0,0,0,0,227.9,227.6,0.0,0.1,January,Saturday,1,Local,0
1705100400,2024-01-13 02:00:00,2024-01-13,02:00:00,1161,0,0,0,1,0,232.2,231.2,150.0,0.1,January,Saturday,2,Local,0
1705101300,2024-01-13 02:15:00,2024-01-13,02:15:00,1162,0,0,0,1,0,223.4,224.2,150.0,0.1,January,Saturday,2,Local,0
1705102200,2024-01-13 02:30:00,2024-01-13,02:30:00,1163,0,0,0,1,0,229.2,230.3,150.0,0.1,January,Saturday,2,Local,0
1705103100,2024-01-13 02:45:00,2024-01-13,02:45:00,1164,0,0,0,1,0,231.8,230.9,150.0,0.1,January,Saturday,2,Local,0
1705104000,2024-01-13 03:00:00,2024-01-13,03:00:00,1165,0,0,0,1,0,229.4,230.2,150.0,0.1,January,Saturday,3,Local,0
1705104900,2024-01-13 03:15:00,2024-01-13,03:15:00,1166,0,0,0,1,0,233.9,232.8,150.0,0.1,January,Saturday,3,Local,0
1705105800,2024-01-13 03:30:00,2024-01-13,03:30:00,1167,0,0,0,1,0,231.0,232.9,150.0,0.1,January,Saturday,3,Local,0
1705106700,2024-01-13 03:45:00,2024-01-13,03:45:00,1168,0,0,0,0,0,233.7,232.1,0.0,0.1,January,Saturday,3,Local,0
1705107600,2024-01-13 04:00:00,2024-01-13,04:00:00,1169,0,0,0,1,0,225.5,225.2,150.0,0.1,January,Saturday,4,Local,0
1705108500,2024-01-13 04:15:00,2024-01-13,04:15:00,1170,0,0,0,1,0,226.0,229.5,150.0,0.1,January,Saturday,4,Local,0
1705109400,2024-01-13 04:30:00,2024-01-13,04:30:00,1171,0,0,0,1,0,227.7,232.8,150.0,0.1,January,Saturday,4,Local,0
1705110300,2024-01-13 04:45:00,2024-01-13,04:45:00,1172,0,0,0,0,0,231.0,230.1,0.0,0.1,January,Saturday,4,Local,0
1705111200,2024-01-13 05:00:00,2024-01-13,05:00:00,1173,0,0,0,1,0,225.4,226.3,150.0,0.1,January,Saturday,5,Local,0
1705112100,2024-01-13 05:15:00,2024-01-13,05:15:00,1174,0,0,0,1,0,228.3,232.2,150.0,0.1,January,Saturday,5,Local,0
1705113000,2024-01-13 05:30:00,2024-01-13,05:30:00,1175,0,0,0,1,0,232.8,230.7,150.0,0.1,January,Saturday,5,Local,0
1705113900,2024-01-13 05:45:00,2024-01-13,05:45:00,1176,0,0,0,0,0,226.4,227.5,0.0,0.1,January,Saturday,5,Local,0
1705114800,2024-01-13 06:00:00,2024-01-13,06:00:00,1177,0,0,0,1,0,228.8,227.6,150.0,0.1,January,Saturday,6,Local,0
1705115700,2024-01-13 06:15:00,2024-01-13,06:15:00,1178,0,0,0,1,0,227.7,228.3,150.0,0.1,January,Saturday,6,Local,0
1705116600,2024-01-13 06:30:00,2024-01-13,06:30:00,1179,0,0,0,1,0,236.6,233.6,150.0,0.1,January,Saturday,6,Local,0
1705117500,2024-01-13 06:45:00,2024-01-13,06:45:00,1180,0,0,0,0,1,228.9,230.0,1200.0,0.3578,January,Saturday,6,Local,0
1705118400,2024-01-13 07:00:00,2024-01-13,07:00:00,1181,0,0,1,1,0,229.7,230.0,3150.0,0.904,January,Saturday,7,Local,0
1705119300,2024-01-13 07:15:00,2024-01-13,07:15:00,1182,0,0,0,1,0,226.9,225.6,1650.0,0.5629,January,Saturday,7,Local,0
1705120200,2024-01-13 07:30:00,2024-01-13,07:30:00,1183,0,0,0,1,0,230.8,232.0,150.0,0.1,January,Saturday,7,Local,0
1705121100,2024-01-13 07:45:00,2024-01-13,07:45:00,1184,0,0,0,0,0,230.9,230.6,2000.0,0.6284,January,Saturday,7,Local,0
1705122000,2024-01-13 08:00:00,2024-01-13,08:00:00,1185,0,0,0,1,0,228.4,229.7,150.0,0.1,January,Saturday,8,Local,0
1705122900,2024-01-13 08:15:00,2024-01-13,08:15:00,1186,0,0,0,1,0,224.4,220.6,150.0,0.1,January,Saturday,8,Local,0
1705123800,2024-01-13 08:30:00,2024-01-13,08:30:00,1187,0,0,0,1,0,233.9,232.8,150.0,0.1,January,Saturday,8,Local,0
1705124700,2024-01-13 08:45:00,2024-01-13,08:45:00,1188,0,1,0,0,0,227.2,227.8,2500.0,0.9079,January,Saturday,8,Local,0
1705125600,2024-01-13 09:00:00,2024-01-13,09:00:00,1189,0,1,0,1,0,228.5,228.6,2650.0,0.8222,January,Saturday,9,Local,0
1705126500,2024-01-13 09:15:00,2024-01-13,09:15:00,1190,0,0,0,1,0,233.5,233.2,150.0,0.1,January,Saturday,9,Local,0
1705127400,2024-01-13 09:30:00,2024-01-13,09:30:00,1191,0,0,0,0,0,226.1,228.8,0.0,0.1,January,Saturday,9,Local,0
1705128300,2024-01-13 09:45:00,2024-01-13,09:45:00,1192,0,0,0,0,0,225.7,229.0,0.0,0.1,January,Saturday,9,Local,0
1705129200,2024-01-13 10:00:00,2024-01-13,10:00:00,1193,0,0,0,1,0,226.5,228.1,150.0,0.1,January,Saturday,10,Local,0
1705130100,2024-01-13 10:15:00,2024-01-13,10:15:00,1194,1,0,0,1,0,227.4,226.4,300.0,0.1,January,Saturday,10,Local,0
1705131000,2024-01-13 10:30:00,2024-01-13,10:30:00,1195,0,0,0,1,0,229.0,229.3,150.0,0.1,January,Saturday,10,Local,0
1705131900,2024-01-13 10:45:00,2024-01-13,10:45:00,1196,0,0,0,0,0,226.4,222.6,0.0,0.1,January,Saturday,10,Local,0
1705132800,2024-01-13 11:00:00,2024-01-13,11:00:00,1197,0,0,0,0,0,228.7,227.4,0.0,0.1,January,Saturday,11,Local,0
1705133700,2024-01-13 11:15:00,2024-01-13,11:15:00,1198,0,0,0,1,0,227.9,223.7,1650.0,0.489,January,Saturday,11,Local,0
1705134600,2024-01-13 11:30:00,2024-01-13,11:30:00,1199,0,0,0,1,0,237.6,235.8,150.0,0.1,January,Saturday,11,Local,0
1705135500,2024-01-13 11:45:00,2024-01-13,11:45:00,1200,0,0,0,0,0,229.6,228.9,0.0,0.1,January,Saturday,11,Local,0
1705136400,2024-01-13 12:00:00,2024-01-13,12:00:00,1201,0,0,1,1,0,228.8,233.4,3150.0,0.9074,January,Saturday,12,Local,0
1705137300,2024-01-13 12:15:00,2024-01-13,12:15:00,1202,0,1,1,0,0,230.9,229.4,5500.0,1.9123,January,Saturday,12,Local,0
1705138200,2024-01-13 12:30:00,2024-01-13,12:30:00,1203,0,0,1,0,0,225.2,225.3,3000.0,0.9845,January,Saturday,12,Local,0
1705139100,2024-01-13 12:45:00,2024-01-13,12:45:00,1204,0,0,1,0,0,231.1,233.1,3000.0,1.1126,January,Saturday,12,Local,0
1705140000,2024-01-13 13:00:00,2024-01-13,13:00:00,1205,0,0,0,1,1,229.1,231.0,1350.0,0.4082,January,Saturday,13,Local,0
1705140900,2024-01-13 13:15:00,2024-01-13,13:15:00,1206,0,0,1,1,0,229.5,233.3,3150.0,1.2127,January,Saturday,13,Local,0
1705141800,2024-01-13 13:30:00,2024-01-13,13:30:00,1207,0,0,0,1,0,227.4,227.4,150.0,0.1,January,Saturday,13,Local,0
1705142700,2024-01-13 13:45:00,2024-01-13,13:45:00,1208,1,1,1,0,0,224.9,226.0,5650.0,1.3403,January,Saturday,13,Local,0
1705143600,2024-01-13 14:00:00,2024-01-13,14:00:00,1209,0,0,0,1,0,228.0,227.8,150.0,0.1,January,Saturday,14,Local,0
1705144500,2024-01-13 14:15:00,2024-01-13,14:15:00,1210,0,0,0,1,0,234.6,231.5,150.0,0.1,January,Saturday,14,Local,0
1705145400,2024-01-13 14:30:00,2024-01-13,14:30:00,1211,0,0,0,1,0,230.9,231.7,150.0,0.1,January,Saturday,14,Local,0
1705146300,2024-01-13 14:45:00,2024-01-13,14:45:00,1212,0,0,0,0,0,228.1,229.7,0.0,0.1,January,Saturday,14,Local,0
1705147200,2024-01-13 15:00:00,2024-01-13,15:00:00,1213,0,0,0,1,0,229.3,227.8,150.0,0.1,January,Saturday,15,Local,0
1705148100,2024-01-13 15:15:00,2024-01-13,15:15:00,1214,0,0,0,1,0,231.0,228.8,150.0,0.1,January,Saturday,15,Local,0
1705149000,2024-01-13 15:30:00,2024-01-13,15:30:00,1215,0,0,0,1,0,225.9,229.1,150.0,0.1,January,Saturday,15,Local,0
1705149900,2024-01-13 15:45:00,2024-01-13,15:45:00,1216,0,0,0,0,0,229.2,231.7,0.0,0.1,January,Saturday,15,Local,0
1705150800,2024-01-13 16:00:00,2024-01-13,16:00:00,1217,0,0,1,1,0,230.8,229.3,3150.0,0.8503,January,Saturday,16,Local,0
1705151700,2024-01-13 16:15:00,2024-01-13,16:15:00,1218,0,1,0,1,0,232.1,231.4,2650.0,0.9247,January,Saturday,16,Local,0
1705152600,2024-01-13 16:30:00,2024-01-13,16:30:00,1219,0,0,0,0,0,232.1,233.2,0.0,0.1,January,Saturday,16,Local,0
1705153500,2024-01-13 16:45:00,2024-01-13,16:45:00,1220,0,0,0,0,0,232.4,230.7,0.0,0.1,January,Saturday,16,Local,0
1705154400,2024-01-13 17:00:00,2024-01-13,17:00:00,1221,1,1,0,1,0,231.9,231.9,2800.0,0.8534,January,Saturday,17,Local,0
1705155300,2024-01-13 17:15:00,2024-01-13,17:15:00,1222,0,0,0,1,0,228.4,229.4,150.0,0.1,January,Saturday,17,Local,0
1705156200,2024-01-13 17:30:00,2024-01-13,17:30:00,1223,1,0,0,1,0,228.8,228.1,300.0,0.1,January,Saturday,17,Local,0
1705157100,2024-01-13 17:45:00,2024-01-13,17:45:00,1224,0,1,0,0,0,228.6,229.0,2500.0,0.9768,January,Saturday,17,Local,0
1705158000,2024-01-13 18:00:00,2024-01-13,18:00:00,1225,1,0,1,1,0,230.6,229.8,3300.0,1.0762,January,Saturday,18,Local,0
1705158900,2024-01-13 18:15:00,2024-01-13,18:15:00,1226,0,1,1,1,0,228.8,225.1,5650.0,1.6942,January,Saturday,18,Local,0
1705159800,2024-01-13 18:30:00,2024-01-13,18:30:00,1227,0,0,1,1,0,231.2,231.5,3150.0,0.9681,January,Saturday,18,Local,0
1705160700,2024-01-13 18:45:00,2024-01-13,18:45:00,1228,0,0,0,1,0,230.5,228.9,950.0,0.2654,January,Saturday,18,Local,0
1705161600,2024-01-13 19:00:00,2024-01-13,19:00:00,1229,1,1,1,0,0,231.2,228.3,5650.0,1.4223,January,Saturday,19,Local,0
1705162500,2024-01-13 19:15:00,2024-01-13,19:15:00,1230,1,0,0,0,1,223.3,226.3,1350.0,0.4386,January,Saturday,19,Local,0
1705163400,2024-01-13 19:30:00,2024-01-13,19:30:00,1231,1,0,1,1,1,230.3,228.9,4500.0,1.305,January,Saturday,19,Local,0
1705164300,2024-01-13 19:45:00,2024-01-13,19:45:00,1232,1,0,1,0,0,233.3,232.5,3150.0,0.9758,January,Saturday,19,Local,0
1705165200,2024-01-13 20:00:00,2024-01-13,20:00:00,1233,1,0,0,1,0,232.7,231.1,300.0,0.1,January,Saturday,20,Local,0
1705166100,2024-01-13 20:15:00,2024-01-13,20:15:00,1234,1,0,0,0,0,231.8,232.9,150.0,0.1,January,Saturday,20,Local,0
1705167000,2024-01-13 20:30:00,2024-01-13,20:30:00,1235,1,0,1,1,0,228.3,225.1,3300.0,1.0204,January,Saturday,20,Local,0
1705167900,2024-01-13 20:45:00,2024-01-13,20:45:00,1236,1,0,0,0,1,229.4,229.8,1350.0,0.5317,January,Saturday,20,Local,0
1705168800,2024-01-13 21:00:00,2024-01-13,21:00:00,1237,1,0,1,1,0,229.4,229.9,3300.0,0.8935,January,Saturday,21,Local,0
1705169700,2024-01-13 21:15:00,2024-01-13,21:15:00,1238,1,0,0,1,0,228.5,226.6,300.0,0.1,January,Saturday,21,Local,0
1705170600,2024-01-13 21:30:00,2024-01-13,21:30:00,1239,1,0,0,1,1,229.4,228.8,1500.0,0.4724,January,Saturday,21,Local,0
1705171500,2024-01-13 21:45:00,2024-01-13,21:45:00,1240,1,0,0,1,0,225.0,225.9,300.0,0.1,January,Saturday,21,Local,0
1705172400,2024-01-13 22:00:00,2024-01-13,22:00:00,1241,1,0,0,1,0,227.9,225.7,300.0,0.1,January,Saturday,22,Local,0
1705173300,2024-01-13 22:15:00,2024-01-13,22:15:00,1242,1,0,1,1,0,232.5,235.1,3300.0,0.8878,January,Saturday,22,Local,0
1705174200,2024-01-13 22:30:00,2024-01-13,22:30:00,1243,1,0,0,1,0,229.9,230.9,300.0,0.282,January,Saturday,22,Local,1
1705175100,2024-01-13 22:45:00,2024-01-13,22:45:00,1244,1,0,0,0,0,231.8,229.1,150.0,0.1,January,Saturday,22,Local,0
1705176000,2024-01-13 23:00:00,2024-01-13,23:00:00,1245,0,0,0,1,0,230.5,229.6,150.0,0.1,January,Saturday,23,Local,0
1705176900,2024-01-13 23:15:00,2024-01-13,23:15:00,1246,1,0,0,1,0,233.6,234.8,300.0,0.1,January,Saturday,23,Local,0
1705177800,2024-01-13 23:30:00,2024-01-13,23:30:00,1247,1,0,0,0,0,233.5,232.1,150.0,0.1,January,Saturday,23,Local,0
1705178700,2024-01-13 23:45:00,2024-01-13,23:45:00,1248,1,0,0,0,0,226.0,228.4,150.0,0.1,January,Saturday,23,Local,0
1705179600,2024-01-14 00:00:00,2024-01-14,00:00:00,1249,0,0,0,1,0,231.0,231.6,150.0,0.1,January,Sunday,0,Local,0
1705180500,2024-01-14 00:15:00,2024-01-14,00:15:00,1250,0,0,0,1,0,229.2,225.9,150.0,0.1,January,Sunday,0,Local,0
1705181400,2024-01-14 00:30:00,2024-01-14,00:30:00,1251,0,0,0,1,0,233.4,231.1,150.0,0.1,January,Sunday,0,Local,0
1705182300,2024-01-14 00:45:00,2024-01-14,00:45:00,1252,0,0,0,1,0,235.4,233.9,150.0,0.1,January,Sunday,0,Local,0
1705183200,2024-01-14 01:00:00,2024-01-14,01:00:00,1253,0,0,0,1,0,232.2,230.1,150.0,0.1,January,Sunday,1,Local,0
1705184100,2024-01-14 01:15:00,2024-01-14,01:15:00,1254,0,0,0,1,0,231.5,231.6,150.0,0.1,January,Sunday,1,Local,0
1705185000,2024-01-14 01:30:00,2024-01-14,01:30:00,1255,0,0,0,1,0,233.9,234.0,150.0,0.1,January,Sunday,1,Local,0
1705185900,2024-01-14 01:45:00,2024-01-14,01:45:00,1256,0,0,0,0,0,226.4,227.8,0.0,0.1,January,Sunday,1,Local,0
1705186800,2024-01-14 02:00:00,2024-01-14,02:00:00,1257,0,0,0,1,0,231.0,231.6,150.0,0.1,January,Sunday,2,Local,0
1705187700,2024-01-14 02:15:00,2024-01-14,02:15:00,1258,0,0,0,1,0,229.7,231.1,150.0,0.1,January,Sunday,2,Local,0
1705188600,2024-01-14 02:30:00,2024-01-14,02:30:00,1259,0,0,0,1,0,231.1,233.6,150.0,0.1,January,Sunday,2,Local,0
1705189500,2024-01-14 02:45:00,2024-01-14,02:45:00,1260,0,0,0,0,0,234.5,233.3,0.0,0.1,January,Sunday,2,Local,0
1705190400,2024-01-14 03:00:00,2024-01-14,03:00:00,1261,0,0,0,1,0,232.6,232.1,1650.0,0.5184,January,Sunday,3,Local,0
1705191300,2024-01-14 03:15:00,2024-01-14,03:15:00,1262,0,0,0,0,0,227.6,224.8,0.0,0.1,January,Sunday,3,Local,0
1705192200,2024-01-14 03:30:00,2024-01-14,03:30:00,1263,0,0,0,1,0,233.8,233.8,150.0,0.1,January,Sunday,3,Local,0
1705193100,2024-01-14 03:45:00,2024-01-14,03:45:00,1264,0,0,0,0,0,228.0,226.6,0.0,0.1,January,Sunday,3,Local,0
1705194000,2024-01-14 04:00:00,2024-01-14,04:00:00,1265,0,0,0,1,0,230.4,231.7,150.0,0.1,January,Sunday,4,Local,0
1705194900,2024-01-14 04:15:00,2024-01-14,04:15:00,1266,0,0,0,1,0,227.2,224.5,150.0,0.1,January,Sunday,4,Local,0
1705195800,2024-01-14 04:30:00,2024-01-14,04:30:00,1267,0,0,0,1,0,229.5,228.8,2150.0,0.748,January,Sunday,4,Local,0
1705196700,2024-01-14 04:45:00,2024-01-14,04:45:00,1268,0,0,0,0,0,231.3,226.8,0.0,0.1,January,Sunday,4,Local,0
1705197600,2024-01-14 05:00:00,2024-01-14,05:00:00,1269,0,0,0,1,0,231.9,231.5,650.0,0.2127,January,Sunday,5,Local,0
1705198500,2024-01-14 05:15:00,2024-01-14,05:15:00,1270,0,0,0,1,0,238.3,239.6,150.0,0.1,January,Sunday,5,Local,0
1705199400,2024-01-14 05:30:00,2024-01-14,05:30:00,1271,0,0,0,1,0,233.9,231.6,150.0,0.1,January,Sunday,5,Local,0
1705200300,2024-01-14 05:45:00,2024-01-14,05:45:00,1272,0,0,0,0,0,235.0,233.5,0.0,0.1,January,Sunday,5,Local,0
1705201200,2024-01-14 06:00:00,2024-01-14,06:00:00,1273,0,0,0,1,0,234.2,233.8,150.0,0.1,January,Sunday,6,Local,0
1705202100,2024-01-14 06:15:00,2024-01-14,06:15:00,1274,0,0,0,1,0,232.7,237.7,150.0,0.1,January,Sunday,6,Local,0
1705203000,2024-01-14 06:30:00,2024-01-14,06:30:00,1275,0,0,0,1,0,230.0,227.5,150.0,0.1,January,Sunday,6,Local,0
1705203900,2024-01-14 06:45:00,2024-01-14,06:45:00,1276,0,0,0,0,0,231.8,231.9,0.0,0.1,January,Sunday,6,Local,0
1705204800,2024-01-14 07:00:00,2024-01-14,07:00:00,1277,0,0,0,1,0,227.3,230.9,150.0,0.1,January,Sunday,7,Local,0
1705205700,2024-01-14 07:15:00,2024-01-14,07:15:00,1278,0,0,0,1,0,229.8,228.5,150.0,0.1,January,Sunday,7,Local,0
1705206600,2024-01-14 07:30:00,2024-01-14,07:30:00,1279,0,0,0,1,0,232.7,234.4,150.0,0.1,January,Sunday,7,Local,0
1705207500,2024-01-14 07:45:00,2024-01-14,07:45:00,1280,1,0,1,0,0,231.3,229.4,3150.0,0.912,January,Sunday,7,Local,0
1705208400,2024-01-14 08:00:00,2024-01-14,08:00:00,1281,0,0,0,1,0,227.7,230.9,150.0,0.1,January,Sunday,8,Local,0
1705209300,2024-01-14 08:15:00,2024-01-14,08:15:00,1282,0,0,1,1,1,228.9,230.4,4350.0,1.2501,January,Sunday,8,Local,0
1705210200,2024-01-14 08:30:00,2024-01-14,08:30:00,1283,0,0,0,1,0,231.2,232.7,150.0,0.1,January,Sunday,8,Local,0
1705211100,2024-01-14 08:45:00,2024-01-14,08:45:00,1284,0,1,0,1,0,230.4,231.6,2650.0,0.799,January,Sunday,8,Local,0
1705212000,2024-01-14 09:00:00,2024-01-14,09:00:00,1285,0,0,0,0,0,230.5,230.1,0.0,0.1,January,Sunday,9,Local,0
1705212900,2024-01-14 09:15:00,2024-01-14,09:15:00,1286,0,0,0,1,0,226.4,226.1,150.0,0.1,January,Sunday,9,Local,0
1705213800,2024-01-14 09:30:00,2024-01-14,09:30:00,1287,0,0,0,1,0,231.0,233.6,150.0,0.1,January,Sunday,9,Local,0
1705214700,2024-01-14 09:45:00,2024-01-14,09:45:00,1288,0,0,0,0,0,230.1,229.0,0.0,0.1,January,Sunday,9,Local,0
1705215600,2024-01-14 10:00:00,2024-01-14,10:00:00,1289,0,0,0,1,0,226.6,227.8,150.0,0.1,January,Sunday,10,Local,0
1705216500,2024-01-14 10:15:00,2024-01-14,10:15:00,1290,0,0,0,1,0,232.3,230.4,150.0,0.1,January,Sunday,10,Local,0
1705217400,2024-01-14 10:30:00,2024-01-14,10:30:00,1291,0,0,0,1,0,223.0,222.0,150.0,0.1,January,Sunday,10,Local,0
1705218300,2024-01-14 10:45:00,2024-01-14,10:45:00,1292,0,0,0,0,0,228.4,227.8,0.0,0.1,January,Sunday,10,Local,0
1705219200,2024-01-14 11:00:00,2024-01-14,11:00:00,1293,0,0,0,1,0,228.0,228.0,150.0,0.1,January,Sunday,11,Local,0
1705220100,2024-01-14 11:15:00,2024-01-14,11:15:00,1294,0,0,1,1,0,228.3,230.6,3150.0,1.1104,January,Sunday,11,Local,0
1705221000,2024-01-14 11:30:00,2024-01-14,11:30:00,1295,0,0,0,1,0,228.4,234.1,150.0,0.1,January,Sunday,11,Local,0
1705221900,2024-01-14 11:45:00,2024-01-14,11:45:00,1296,0,0,0,0,0,233.7,233.1,0.0,0.1,January,Sunday,11,Local,0
1705222800,2024-01-14 12:00:00,2024-01-14,12:00:00,1297,0,0,0,1,0,231.8,231.3,150.0,0.1,January,Sunday,12,Local,0
1705223700,2024-01-14 12:15:00,2024-01-14,12:15:00,1298,1,0,0,1,0,225.2,221.6,300.0,0.1,January,Sunday,12,Local,0
1705224600,2024-01-14 12:30:00,2024-01-14,12:30:00,1299,0,0,0,1,0,230.2,229.8,2150.0,0.5959,January,Sunday,12,Local,0
1705225500,2024-01-14 12:45:00,2024-01-14,12:45:00,1300,0,0,0,0,0,230.4,229.5,0.0,0.1,January,Sunday,12,Local,0
1705226400,2024-01-14 13:00:00,2024-01-14,13:00:00,1301,0,0,0,1,0,231.7,229.6,150.0,0.1,January,Sunday,13,Local,0
1705227300,2024-01-14 13:15:00,2024-01-14,13:15:00,1302,1,0,1,1,0,229.0,227.4,3300.0,1.0406,January,Sunday,13,Local,0
1705228200,2024-01-14 13:30:00,2024-01-14,13:30:00,1303,0,0,0,1,0,231.2,230.6,150.0,0.1,January,Sunday,13,Local,0
1705229100,2024-01-14 13:45:00,2024-01-14,13:45:00,1304,0,1,0,0,0,229.3,222.9,2500.0,0.7285,January,Sunday,13,Local,0
1705230000,2024-01-14 14:00:00,2024-01-14,14:00:00,1305,0,0,0,1,0,229.1,231.0,150.0,0.1,January,Sunday,14,Local,0
1705230900,2024-01-14 14:15:00,2024-01-14,14:15:00,1306,0,0,0,1,0,230.1,230.2,950.0,0.3195,January,Sunday,14,Local,0
1705231800,2024-01-14 14:30:00,2024-01-14,14:30:00,1307,0,1,0,0,0,229.8,228.4,2500.0,0.5844,January,Sunday,14,Local,0
1705232700,2024-01-14 14:45:00,2024-01-14,14:45:00,1308,0,0,0,1,0,227.8,229.7,150.0,0.1,January,Sunday,14,Local,0
1705233600,2024-01-14 15:00:00,2024-01-14,15:00:00,1309,0,0,0,1,0,231.6,228.6,150.0,0.1,January,Sunday,15,Local,0
1705234500,2024-01-14 15:15:00,2024-01-14,15:15:00,1310,0,0,0,1,0,229.6,229.3,150.0,0.1,January,Sunday,15,Local,0
1705235400,2024-01-14 15:30:00,2024-01-14,15:30:00,1311,0,0,0,1,0,233.9,238.3,150.0,0.1,January,Sunday,15,Local,0
1705236300,2024-01-14 15:45:00,2024-01-14,15:45:00,1312,0,1,0,0,0,230.3,229.2,2500.0,0.8826,January,Sunday,15,Local,0
1705237200,2024-01-14 16:00:00,2024-01-14,16:00:00,1313,1,1,0,0,0,230.0,229.7,2650.0,0.7798,January,Sunday,16,Local,0
1705238100,2024-01-14 16:15:00,2024-01-14,16:15:00,1314,0,0,1,1,0,233.6,234.5,3150.0,0.9678,January,Sunday,16,Local,0
1705239000,2024-01-14 16:30:00,2024-01-14,16:30:00,1315,0,0,0,1,0,230.5,229.2,150.0,0.1,January,Sunday,16,Local,0
1705239900,2024-01-14 16:45:00,2024-01-14,16:45:00,1316,1,0,0,0,0,230.1,230.2,150.0,0.1,January,Sunday,16,Local,0
1705240800,2024-01-14 17:00:00,2024-01-14,17:00:00,1317,1,0,1,1,0,225.1,225.4,3300.0,0.8089,January,Sunday,17,Local,0
1705241700,2024-01-14 17:15:00,2024-01-14,17:15:00,1318,0,0,0,0,0,231.7,229.9,0.0,0.1,January,Sunday,17,Local,0
1705242600,2024-01-14 17:30:00,2024-01-14,17:30:00,1319,0,0,0,1,0,229.7,230.3,150.0,0.1,January,Sunday,17,Local,0
1705243500,2024-01-14 17:45:00,2024-01-14,17:45:00,1320,1,0,0,0,0,225.0,224.1,1150.0,0.3505,January,Sunday,17,Local,0
1705244400,2024-01-14 18:00:00,2024-01-14,18:00:00,1321,1,0,1,1,0,233.5,233.7,3300.0,1.0325,January,Sunday,18,Local,0
1705245300,2024-01-14 18:15:00,2024-01-14,18:15:00,1322,1,0,0,1,0,228.9,228.0,300.0,0.1,January,Sunday,18,Local,0
1705246200,2024-01-14 18:30:00,2024-01-14,18:30:00,1323,1,1,0,1,0,232.2,232.3,2800.0,0.7132,January,Sunday,18,Local,0
1705247100,2024-01-14 18:45:00,2024-01-14,18:45:00,1324,1,0,1,0,0,228.9,229.1,3150.0,0.9449,January,Sunday,18,Local,0
1705248000,2024-01-14 19:00:00,2024-01-14,19:00:00,1325,1,1,0,1,1,228.8,227.5,4000.0,1.2738,January,Sunday,19,Local,0
1705248900,2024-01-14 19:15:00,2024-01-14,19:15:00,1326,1,0,0,1,0,229.8,229.2,300.0,0.1,January,Sunday,19,Local,0
1705249800,2024-01-14 19:30:00,2024-01-14,19:30:00,1327,1,0,1,1,0,230.8,229.1,3300.0,0.9764,January,Sunday,19,Local,0
1705250700,2024-01-14 19:45:00,2024-01-14,19:45:00,1328,1,0,1,0,0,225.9,226.1,3150.0,1.0833,January,Sunday,19,Local,0
1705251600,2024-01-14 20:00:00,2024-01-14,20:00:00,1329,1,0,1,1,0,226.4,226.2,3300.0,1.0478,January,Sunday,20,Local,0
1705252500,2024-01-14 20:15:00,2024-01-14,20:15:00,1330,1,0,0,1,0,232.1,230.1,300.0,0.1,January,Sunday,20,Local,0
1705253400,2024-01-14 20:30:00,2024-01-14,20:30:00,1331,1,0,0,1,1,230.5,230.9,1500.0,0.5032,January,Sunday,20,Local,0
1705254300,2024-01-14 20:45:00,2024-01-14,20:45:00,1332,1,0,1,0,0,229.1,230.3,3150.0,1.1106,January,Sunday,20,Local,0
1705255200,2024-01-14 21:00:00,2024-01-14,21:00:00,1333,1,0,1,0,0,233.8,234.2,5150.0,1.5724,January,Sunday,21,Local,0
1705256100,2024-01-14 21:15:00,2024-01-14,21:15:00,1334,1,0,0,1,0,232.7,234.0,300.0,0.1,January,Sunday,21,Local,0
1705257000,2024-01-14 21:30:00,2024-01-14,21:30:00,1335,1,0,0,1,0,233.4,233.3,300.0,0.1,January,Sunday,21,Local,0
1705257900,2024-01-14 21:45:00,2024-01-14,21:45:00,1336,1,0,1,0,1,228.6,229.7,4350.0,1.404,January,Sunday,21,Local,0
1705258800,2024-01-14 22:00:00,2024-01-14,22:00:00,1337,1,0,0,1,1,230.3,231.4,1500.0,0.4789,January,Sunday,22,Local,0
1705259700,2024-01-14 22:15:00,2024-01-14,22:15:00,1338,1,0,0,1,0,230.6,231.2,300.0,0.1,January,Sunday,22,Local,0
1705260600,2024-01-14 22:30:00,2024-01-14,22:30:00,1339,1,0,0,1,0,228.6,229.3,300.0,0.1,January,Sunday,22,Local,0
1705261500,2024-01-14 22:45:00,2024-01-14,22:45:00,1340,1,0,0,0,0,234.3,234.7,150.0,0.1,January,Sunday,22,Local,0
1705262400,2024-01-14 23:00:00,2024-01-14,23:00:00,1341,1,0,0,0,0,233.0,229.0,150.0,0.1,January,Sunday,23,Local,0
1705263300,2024-01-14 23:15:00,2024-01-14,23:15:00,1342,1,0,0,1,0,228.6,229.6,300.0,0.1,January,Sunday,23,Local,0
1705264200,2024-01-14 23:30:00,2024-01-14,23:30:00,1343,1,0,0,1,0,229.9,228.0,300.0,0.1,January,Sunday,23,Local,0
1705265100,2024-01-14 23:45:00,2024-01-14,23:45:00,1344,0,0,0,1,1,230.3,225.3,1350.0,0.3842,January,Sunday,23,Local,0
1705266000,2024-01-15 00:00:00,2024-01-15,00:00:00,1345,0,0,0,1,0,231.5,229.9,150.0,0.1,January,Monday,0,Local,0
1705266900,2024-01-15 00:15:00,2024-01-15,00:15:00,1346,0,0,0,1,0,235.9,234.5,150.0,0.1,January,Monday,0,Local,0
1705267800,2024-01-15 00:30:00,2024-01-15,00:30:00,1347,0,0,0,1,0,232.9,232.5,150.0,0.1,January,Monday,0,Local,0
1705268700,2024-01-15 00:45:00,2024-01-15,00:45:00,1348,0,0,0,0,0,232.6,233.0,1000.0,0.297,January,Monday,0,Local,0
1705269600,2024-01-15 01:00:00,2024-01-15,01:00:00,1349,0,0,0,1,0,229.6,228.0,150.0,0.1,January,Monday,1,Local,0
1705270500,2024-01-15 01:15:00,2024-01-15,01:15:00,1350,0,0,0,1,0,230.3,233.3,150.0,0.1,January,Monday,1,Local,0
1705271400,2024-01-15 01:30:00,2024-01-15,01:30:00,1351,0,0,0,1,0,228.2,227.0,150.0,0.1,January,Monday,1,Local,0
1705272300,2024-01-15 01:45:00,2024-01-15,01:45:00,1352,0,0,0,0,0,229.4,230.5,0.0,0.1,January,Monday,1,Local,0
1705273200,2024-01-15 02:00:00,2024-01-15,02:00:00,1353,0,0,0,1,0,227.8,229.6,150.0,0.1,January,Monday,2,Local,0
1705274100,2024-01-15 02:15:00,2024-01-15,02:15:00,1354,0,0,0,1,0,232.5,234.0,2150.0,0.6381,January,Monday,2,Local,0
1705275000,2024-01-15 02:30:00,2024-01-15,02:30:00,1355,0,0,0,1,0,230.7,233.0,150.0,0.1,January,Monday,2,Local,0
1705275900,2024-01-15 02:45:00,2024-01-15,02:45:00,1356,0,0,0,0,0,229.3,226.4,0.0,0.1,January,Monday,2,Local,0
1705276800,2024-01-15 03:00:00,2024-01-15,03:00:00,1357,0,0,0,1,0,227.7,229.2,150.0,0.1,January,Monday,3,Local,0
1705277700,2024-01-15 03:15:00,2024-01-15,03:15:00,1358,0,0,0,1,0,231.5,233.8,150.0,0.1,January,Monday,3,Local,0
1705278600,2024-01-15 03:30:00,2024-01-15,03:30:00,1359,0,0,0,1,0,233.2,231.6,150.0,0.1,January,Monday,3,Local,0
1705279500,2024-01-15 03:45:00,2024-01-15,03:45:00,1360,0,0,0,0,0,232.3,229.7,0.0,0.1,January,Monday,3,Local,0
1705280400,2024-01-15 04:00:00,2024-01-15,04:00:00,1361,0,0,0,1,0,232.2,234.0,150.0,0.1,January,Monday,4,Local,0
1705281300,2024-01-15 04:15:00,2024-01-15,04:15:00,1362,0,0,0,1,0,229.0,229.6,150.0,0.1,January,Monday,4,Local,0
1705282200,2024-01-15 04:30:00,2024-01-15,04:30:00,1363,0,0,0,0,0,233.8,232.3,0.0,0.1,January,Monday,4,Local,0
1705283100,2024-01-15 04:45:00,2024-01-15,04:45:00,1364,0,0,0,0,0,236.2,231.8,0.0,0.1,January,Monday,4,Local,0
1705284000,2024-01-15 05:00:00,2024-01-15,05:00:00,1365,0,0,0,1,0,234.4,233.9,150.0,0.1,January,Monday,5,Local,0
1705284900,2024-01-15 05:15:00,2024-01-15,05:15:00,1366,0,0,0,1,0,230.5,233.4,150.0,0.1,January,Monday,5,Local,0
1705285800,2024-01-15 05:30:00,2024-01-15,05:30:00,1367,0,0,0,0,0,231.1,231.2,0.0,0.1,January,Monday,5,Local,0
1705286700,2024-01-15 05:45:00,2024-01-15,05:45:00,1368,0,0,0,0,0,228.2,228.6,0.0,0.1,January,Monday,5,Local,0
1705287600,2024-01-15 06:00:00,2024-01-15,06:00:00,1369,0,0,0,1,0,227.0,223.7,150.0,0.1,January,Monday,6,Local,0
1705288500,2024-01-15 06:15:00,2024-01-15,06:15:00,1370,0,0,0,0,0,226.0,228.4,0.0,0.1,January,Monday,6,Local,0
1705289400,2024-01-15 06:30:00,2024-01-15,06:30:00,1371,0,0,0,0,0,225.3,228.7,0.0,0.1,January,Monday,6,Local,0
1705290300,2024-01-15 06:45:00,2024-01-15,06:45:00,1372,0,0,1,0,0,226.9,226.3,3000.0,1.037,January,Monday,6,Local,0
1705291200,2024-01-15 07:00:00,2024-01-15,07:00:00,1373,0,0,0,1,0,231.7,228.0,150.0,0.1,January,Monday,7,Local,0
1705292100,2024-01-15 07:15:00,2024-01-15,07:15:00,1374,0,0,0,1,0,232.7,227.6,150.0,0.1,January,Monday,7,Local,0
1705293000,2024-01-15 07:30:00,2024-01-15,07:30:00,1375,0,0,1,1,0,232.3,230.8,3150.0,1.1356,January,Monday,7,Local,0
1705293900,2024-01-15 07:45:00,2024-01-15,07:45:00,1376,0,0,0,0,0,226.4,228.4,0.0,0.1,January,Monday,7,Local,0
1705294800,2024-01-15 08:00:00,2024-01-15,08:00:00,1377,0,0,0,0,0,233.3,234.8,0.0,0.1,January,Monday,8,Local,0
1705295700,2024-01-15 08:15:00,2024-01-15,08:15:00,1378,0,0,0,1,0,230.9,229.4,150.0,0.1,January,Monday,8,Local,0
1705296600,2024-01-15 08:30:00,2024-01-15,08:30:00,1379,0,0,0,1,0,226.2,226.0,150.0,0.1,January,Monday,8,Local,0
1705297500,2024-01-15 08:45:00,2024-01-15,08:45:00,1380,0,0,0,0,0,226.3,226.6,0.0,0.1,January,Monday,8,Local,0
1705298400,2024-01-15 09:00:00,2024-01-15,09:00:00,1381,1,0,0,1,0,235.0,235.5,300.0,0.1,January,Monday,9,Local,0
1705299300,2024-01-15 09:15:00,2024-01-15,09:15:00,1382,0,0,0,1,0,229.4,230.6,150.0,0.1,January,Monday,9,Local,0
1705300200,2024-01-15 09:30:00,2024-01-15,09:30:00,1383,0,0,0,1,0,232.0,233.1,150.0,0.1,January,Monday,9,Local,0
1705301100,2024-01-15 09:45:00,2024-01-15,09:45:00,1384,0,0,0,0,0,229.5,234.5,0.0,0.1,January,Monday,9,Local,0
1705302000,2024-01-15 10:00:00,2024-01-15,10:00:00,1385,0,0,0,1,0,232.5,230.4,950.0,0.2759,January,Monday,10,Local,0
1705302900,2024-01-15 10:15:00,2024-01-15,10:15:00,1386,0,0,0,1,0,230.3,230.0,150.0,0.1,January,Monday,10,Local,0
1705303800,2024-01-15 10:30:00,2024-01-15,10:30:00,1387,0,0,0,1,0,232.3,230.6,150.0,0.1,January,Monday,10,Local,0
1705304700,2024-01-15 10:45:00,2024-01-15,10:45:00,1388,0,0,0,0,0,229.8,227.3,0.0,0.1,January,Monday,10,Local,0
1705305600,2024-01-15 11:00:00,2024-01-15,11:00:00,1389,0,0,0,1,0,228.2,228.3,150.0,0.1,January,Monday,11,Local,0
1705306500,2024-01-15 11:15:00,2024-01-15,11:15:00,1390,0,0,0,1,0,227.0,226.0,150.0,0.1,January,Monday,11,Local,0
1705307400,2024-01-15 11:30:00,2024-01-15,11:30:00,1391,0,0,1,1,0,229.3,228.6,3150.0,0.9537,January,Monday,11,Local,0
1705308300,2024-01-15 11:45:00,2024-01-15,11:45:00,1392,0,0,0,0,0,231.0,229.7,0.0,0.1,January,Monday,11,Local,0
1705309200,2024-01-15 12:00:00,2024-01-15,12:00:00,1393,0,0,0,1,1,224.6,222.7,1350.0,0.4357,January,Monday,12,Local,0
1705310100,2024-01-15 12:15:00,2024-01-15,12:15:00,1394,1,0,0,1,0,226.7,229.2,300.0,0.1,January,Monday,12,Local,0
1705311000,2024-01-15 12:30:00,2024-01-15,12:30:00,1395,0,0,0,1,0,229.0,227.2,150.0,0.1,January,Monday,12,Local,0
1705311900,2024-01-15 12:45:00,2024-01-15,12:45:00,1396,0,0,0,0,0,233.3,235.4,0.0,0.1,January,Monday,12,Local,0
1705312800,2024-01-15 13:00:00,2024-01-15,13:00:00,1397,0,0,0,1,0,233.4,234.1,150.0,0.1,January,Monday,13,Local,0
1705313700,2024-01-15 13:15:00,2024-01-15,13:15:00,1398,0,0,0,1,0,234.6,233.9,150.0,0.1,January,Monday,13,Local,0
1705314600,2024-01-15 13:30:00,2024-01-15,13:30:00,1399,0,1,0,1,0,228.7,231.6,2650.0,0.8874,January,Monday,13,Local,0
1705315500,2024-01-15 13:45:00,2024-01-15,13:45:00,1400,1,0,0,0,0,227.4,228.4,150.0,0.1,January,Monday,13,Local,0
1705316400,2024-01-15 14:00:00,2024-01-15,14:00:00,1401,0,0,0,1,0,229.3,230.0,150.0,0.1,January,Monday,14,Local,0
1705317300,2024-01-15 14:15:00,2024-01-15,14:15:00,1402,0,1,0,1,0,230.6,232.3,2650.0,0.6763,January,Monday,14,Local,0
1705318200,2024-01-15 14:30:00,2024-01-15,14:30:00,1403,0,0,0,1,0,231.8,231.4,150.0,0.1,January,Monday,14,Local,0
1705319100,2024-01-15 14:45:00,2024-01-15,14:45:00,1404,0,0,0,1,0,225.1,227.6,150.0,0.1,January,Monday,14,Local,0
1705320000,2024-01-15 15:00:00,2024-01-15,15:00:00,1405,0,0,0,1,0,230.6,228.9,150.0,0.1,January,Monday,15,Local,0
1705320900,2024-01-15 15:15:00,2024-01-15,15:15:00,1406,0,0,0,1,0,231.2,231.0,150.0,0.1,January,Monday,15,Local,0
1705321800,2024-01-15 15:30:00,2024-01-15,15:30:00,1407,0,0,0,1,0,234.8,234.1,150.0,0.1,January,Monday,15,Local,0
1705322700,2024-01-15 15:45:00,2024-01-15,15:45:00,1408,1,0,1,0,0,228.1,222.4,3150.0,0.829,January,Monday,15,Local,0
1705323600,2024-01-15 16:00:00,2024-01-15,16:00:00,1409,0,0,0,1,0,227.8,228.2,150.0,0.1,January,Monday,16,Local,0
1705324500,2024-01-15 16:15:00,2024-01-15,16:15:00,1410,0,0,0,1,0,226.8,227.1,150.0,0.1,January,Monday,16,Local,0
1705325400,2024-01-15 16:30:00,2024-01-15,16:30:00,1411,0,0,0,1,0,236.1,238.1,150.0,0.1,January,Monday,16,Local,0
1705326300,2024-01-15 16:45:00,2024-01-15,16:45:00,1412,0,1,0,0,0,232.2,228.8,2500.0,0.6665,January,Monday,16,Local,0
1705327200,2024-01-15 17:00:00,2024-01-15,17:00:00,1413,1,1,0,1,0,227.7,227.0,2800.0,0.8049,January,Monday,17,Local,0
1705328100,2024-01-15 17:15:00,2024-01-15,17:15:00,1414,0,1,0,1,0,224.5,225.1,2650.0,0.8463,January,Monday,17,Local,0
1705329000,2024-01-15 17:30:00,2024-01-15,17:30:00,1415,0,1,0,1,1,231.8,232.0,3850.0,1.0441,January,Monday,17,Local,0
1705329900,2024-01-15 17:45:00,2024-01-15,17:45:00,1416,1,0,1,0,0,226.2,230.3,3650.0,1.0607,January,Monday,17,Local,0
1705330800,2024-01-15 18:00:00,2024-01-15,18:00:00,1417,0,0,1,1,0,234.6,240.3,3150.0,0.95,January,Monday,18,Local,0
1705331700,2024-01-15 18:15:00,2024-01-15,18:15:00,1418,1,0,0,1,1,232.9,234.6,1500.0,0.4425,January,Monday,18,Local,0
1705332600,2024-01-15 18:30:00,2024-01-15,18:30:00,1419,1,0,0,1,1,221.2,226.0,1500.0,0.3581,January,Monday,18,Local,0
1705333500,2024-01-15 18:45:00,2024-01-15,18:45:00,1420,0,0,1,0,0,232.8,231.6,3000.0,0.9027,January,Monday,18,Local,0
1705334400,2024-01-15 19:00:00,2024-01-15,19:00:00,1421,1,0,1,1,0,229.6,229.5,3300.0,0.9596,January,Monday,19,Local,0
1705335300,2024-01-15 19:15:00,2024-01-15,19:15:00,1422,1,0,1,1,0,236.2,233.4,3300.0,1.0299,January,Monday,19,Local,0
1705336200,2024-01-15 19:30:00,2024-01-15,19:30:00,1423,1,0,1,1,0,229.6,230.7,3300.0,1.0396,January,Monday,19,Local,0
1705337100,2024-01-15 19:45:00,2024-01-15,19:45:00,1424,1,0,0,0,1,228.4,225.9,1350.0,0.3941,January,Monday,19,Local,0
1705338000,2024-01-15 20:00:00,2024-01-15,20:00:00,1425,0,0,0,0,0,236.5,235.6,0.0,0.1,January,Monday,20,Local,0
1705338900,2024-01-15 20:15:00,2024-01-15,20:15:00,1426,1,0,0,0,0,229.8,229.5,150.0,0.1,January,Monday,20,Local,0
1705339800,2024-01-15 20:30:00,2024-01-15,20:30:00,1427,1,0,1,1,0,230.6,231.7,5300.0,1.6259,January,Monday,20,Local,0
1705340700,2024-01-15 20:45:00,2024-01-15,20:45:00,1428,1,0,0,0,0,225.5,225.4,150.0,0.1,January,Monday,20,Local,0
1705341600,2024-01-15 21:00:00,2024-01-15,21:00:00,1429,1,0,0,1,1,229.6,230.0,1500.0,0.4395,January,Monday,21,Local,0
1705342500,2024-01-15 21:15:00,2024-01-15,21:15:00,1430,1,0,0,1,0,233.3,234.9,300.0,0.1,January,Monday,21,Local,0
1705343400,2024-01-15 21:30:00,2024-01-15,21:30:00,1431,0,0,0,1,1,229.2,229.3,1350.0,0.3825,January,Monday,21,Local,0
1705344300,2024-01-15 21:45:00,2024-01-15,21:45:00,1432,1,0,1,0,0,233.6,232.3,3150.0,1.0845,January,Monday,21,Local,0
1705345200,2024-01-15 22:00:00,2024-01-15,22:00:00,1433,0,0,0,1,0,228.5,227.0,150.0,0.1,January,Monday,22,Local,0
1705346100,2024-01-15 22:15:00,2024-01-15,22:15:00,1434,1,0,1,1,0,231.1,229.9,3300.0,0.9106,January,Monday,22,Local,0
1705347000,2024-01-15 22:30:00,2024-01-15,22:30:00,1435,0,0,0,1,0,232.5,233.6,150.0,0.1,January,Monday,22,Local,0
1705347900,2024-01-15 22:45:00,2024-01-15,22:45:00,1436,1,0,0,0,0,227.0,224.2,150.0,0.1,January,Monday,22,Local,0
1705348800,2024-01-15 23:00:00,2024-01-15,23:00:00,1437,0,0,0,1,0,225.7,228.8,150.0,0.1,January,Monday,23,Local,0
1705349700,2024-01-15 23:15:00,2024-01-15,23:15:00,1438,0,0,0,1,0,230.9,229.7,150.0,0.1,January,Monday,23,Local,0
1705350600,2024-01-15 23:30:00,2024-01-15,23:30:00,1439,0,0,0,1,0,230.4,232.1,150.0,0.1,January,Monday,23,Local,0
1705351500,2024-01-15 23:45:00,2024-01-15,23:45:00,1440,1,0,0,0,0,229.8,229.7,150.0,0.1,January,Monday,23,Local,0
1705352400,2024-01-16 00:00:00,2024-01-16,00:00:00,1441,0,0,0,1,0,232.9,230.0,150.0,0.1,January,Tuesday,0,Local,0
1705353300,2024-01-16 00:15:00,2024-01-16,00:15:00,1442,0,0,0,1,0,230.8,228.1,150.0,0.1,January,Tuesday,0,Local,0
1705354200,2024-01-16 00:30:00,2024-01-16,00:30:00,1443,0,0,0,1,0,233.3,235.3,150.0,0.1,January,Tuesday,0,Local,0
1705355100,2024-01-16 00:45:00,2024-01-16,00:45:00,1444,0,0,0,0,0,230.3,231.6,0.0,0.1,January,Tuesday,0,Local,0
1705356000,2024-01-16 01:00:00,2024-01-16,01:00:00,1445,0,0,0,1,0,229.4,229.8,150.0,0.1,January,Tuesday,1,Local,0
1705356900,2024-01-16 01:15:00,2024-01-16,01:15:00,1446,0,0,0,1,0,228.4,228.7,150.0,0.1,January,Tuesday,1,Local,0
1705357800,2024-01-16 01:30:00,2024-01-16,01:30:00,1447,0,0,0,0,0,227.7,228.7,0.0,0.1,January,Tuesday,1,Local,0
1705358700,2024-01-16 01:45:00,2024-01-16,01:45:00,1448,0,0,0,0,0,230.2,230.0,0.0,0.1,January,Tuesday,1,Local,0
1705359600,2024-01-16 02:00:00,2024-01-16,02:00:00,1449,0,0,0,1,0,229.5,230.5,150.0,0.1,January,Tuesday,2,Local,0
1705360500,2024-01-16 02:15:00,2024-01-16,02:15:00,1450,0,0,0,1,0,231.6,230.3,150.0,0.1,January,Tuesday,2,Local,0
1705361400,2024-01-16 02:30:00,2024-01-16,02:30:00,1451,0,0,0,1,0,237.3,235.7,150.0,0.1,January,Tuesday,2,Local,0
1705362300,2024-01-16 02:45:00,2024-01-16,02:45:00,1452,0,0,0,0,0,232.4,235.6,0.0,0.1,January,Tuesday,2,Local,0
1705363200,2024-01-16 03:00:00,2024-01-16,03:00:00,1453,0,0,0,1,0,229.0,228.2,150.0,0.1,January,Tuesday,3,Local,0
1705364100,2024-01-16 03:15:00,2024-01-16,03:15:00,1454,0,0,0,1,0,223.8,224.4,150.0,0.1,January,Tuesday,3,Local,0
1705365000,2024-01-16 03:30:00,2024-01-16,03:30:00,1455,1,0,0,1,0,234.0,235.9,300.0,0.1,January,Tuesday,3,Local,0
1705365900,2024-01-16 03:45:00,2024-01-16,03:45:00,1456,0,0,0,1,0,223.4,222.6,150.0,0.1,January,Tuesday,3,Local,0
1705366800,2024-01-16 04:00:00,2024-01-16,04:00:00,1457,0,0,0,1,0,230.0,228.0,150.0,0.1,January,Tuesday,4,Local,0
1705367700,2024-01-16 04:15:00,2024-01-16,04:15:00,1458,0,0,0,1,0,234.8,235.8,150.0,0.1,January,Tuesday,4,Local,0
1705368600,2024-01-16 04:30:00,2024-01-16,04:30:00,1459,0,0,0,1,0,230.9,232.5,150.0,0.1,January,Tuesday,4,Local,0
1705369500,2024-01-16 04:45:00,2024-01-16,04:45:00,1460,0,0,0,1,0,232.3,230.8,150.0,0.1,January,Tuesday,4,Local,0
1705370400,2024-01-16 05:00:00,2024-01-16,05:00:00,1461,0,0,0,1,0,230.2,227.8,150.0,0.1,January,Tuesday,5,Local,0
1705371300,2024-01-16 05:15:00,2024-01-16,05:15:00,1462,0,0,0,1,0,228.6,224.2,150.0,0.1,January,Tuesday,5,Local,0
1705372200,2024-01-16 05:30:00,2024-01-16,05:30:00,1463,1,0,0,1,0,225.7,226.6,300.0,0.1,January,Tuesday,5,Local,0
1705373100,2024-01-16 05:45:00,2024-01-16,05:45:00,1464,0,0,0,0,0,234.2,233.9,0.0,0.1,January,Tuesday,5,Local,0
1705374000,2024-01-16 06:00:00,2024-01-16,06:00:00,1465,0,0,0,1,0,223.8,223.6,150.0,0.1,January,Tuesday,6,Local,0
1705374900,2024-01-16 06:15:00,2024-01-16,06:15:00,1466,0,0,0,1,0,224.9,223.6,150.0,0.1,January,Tuesday,6,Local,0
1705375800,2024-01-16 06:30:00,2024-01-16,06:30:00,1467,0,0,0,1,0,232.7,231.5,150.0,0.1,January,Tuesday,6,Local,0
1705376700,2024-01-16 06:45:00,2024-01-16,06:45:00,1468,0,0,0,0,0,230.1,229.9,0.0,0.1,January,Tuesday,6,Local,0
1705377600,2024-01-16 07:00:00,2024-01-16,07:00:00,1469,0,0,0,1,0,228.5,230.9,150.0,0.1,January,Tuesday,7,Local,0
1705378500,2024-01-16 07:15:00,2024-01-16,07:15:00,1470,0,0,0,0,0,227.6,227.2,0.0,0.1,January,Tuesday,7,Local,0
1705379400,2024-01-16 07:30:00,2024-01-16,07:30:00,1471,0,0,0,0,0,228.7,229.4,0.0,0.1,January,Tuesday,7,Local,0
1705380300,2024-01-16 07:45:00,2024-01-16,07:45:00,1472,0,0,0,1,0,234.3,235.1,150.0,0.1,January,Tuesday,7,Local,0
1705381200,2024-01-16 08:00:00,2024-01-16,08:00:00,1473,0,0,0,1,0,233.3,234.5,150.0,0.1,January,Tuesday,8,Local,0
1705382100,2024-01-16 08:15:00,2024-01-16,08:15:00,1474,1,1,0,1,0,229.8,230.9,2800.0,0.8724,January,Tuesday,8,Local,0
1705383000,2024-01-16 08:30:00,2024-01-16,08:30:00,1475,0,0,0,1,0,228.3,231.1,150.0,0.1,January,Tuesday,8,Local,0
1705383900,2024-01-16 08:45:00,2024-01-16,08:45:00,1476,0,0,1,0,0,227.4,229.5,3000.0,0.9259,January,Tuesday,8,Local,0
1705384800,2024-01-16 09:00:00,2024-01-16,09:00:00,1477,1,0,0,1,0,225.7,222.2,300.0,0.1,January,Tuesday,9,Local,0
1705385700,2024-01-16 09:15:00,2024-01-16,09:15:00,1478,0,0,0,1,0,229.9,230.6,150.0,0.1,January,Tuesday,9,Local,0
1705386600,2024-01-16 09:30:00,2024-01-16,09:30:00,1479,0,0,0,1,1,229.2,227.5,1350.0,0.3618,January,Tuesday,9,Local,0
1705387500,2024-01-16 09:45:00,2024-01-16,09:45:00,1480,0,0,0,0,0,231.6,234.5,1000.0,0.2928,January,Tuesday,9,Local,0
1705388400,2024-01-16 10:00:00,2024-01-16,10:00:00,1481,0,0,0,1,0,227.3,227.6,150.0,0.1,January,Tuesday,10,Local,0
1705389300,2024-01-16 10:15:00,2024-01-16,10:15:00,1482,0,0,0,1,0,226.9,225.1,150.0,0.1,January,Tuesday,10,Local,0
1705390200,2024-01-16 10:30:00,2024-01-16,10:30:00,1483,0,0,0,1,0,235.8,232.0,150.0,0.1,January,Tuesday,10,Local,0
1705391100,2024-01-16 10:45:00,2024-01-16,10:45:00,1484,0,0,0,1,0,233.1,229.4,150.0,0.1,January,Tuesday,10,Local,0
1705392000,2024-01-16 11:00:00,2024-01-16,11:00:00,1485,1,1,0,1,0,226.6,225.4,2800.0,0.758,January,Tuesday,11,Local,0
1705392900,2024-01-16 11:15:00,2024-01-16,11:15:00,1486,0,0,0,1,0,232.0,231.3,150.0,0.1,January,Tuesday,11,Local,0
1705393800,2024-01-16 11:30:00,2024-01-16,11:30:00,1487,0,0,0,1,0,233.1,232.8,650.0,0.1953,January,Tuesday,11,Local,0
1705394700,2024-01-16 11:45:00,2024-01-16,11:45:00,1488,0,0,0,0,0,240.5,241.6,0.0,0.1,January,Tuesday,11,Local,0
1705395600,2024-01-16 12:00:00,2024-01-16,12:00:00,1489,0,0,0,1,0,232.4,238.4,150.0,0.1,January,Tuesday,12,Local,0
1705396500,2024-01-16 12:15:00,2024-01-16,12:15:00,1490,0,0,0,1,0,236.4,234.8,150.0,0.1,January,Tuesday,12,Local,0
1705397400,2024-01-16 12:30:00,2024-01-16,12:30:00,1491,0,0,0,1,0,228.5,230.9,150.0,0.1,January,Tuesday,12,Local,0
1705398300,2024-01-16 12:45:00,2024-01-16,12:45:00,1492,0,0,0,0,0,227.5,228.7,0.0,0.1,January,Tuesday,12,Local,0
1705399200,2024-01-16 13:00:00,2024-01-16,13:00:00,1493,1,0,1,1,1,234.9,234.6,4500.0,1.3292,January,Tuesday,13,Local,0
1705400100,2024-01-16 13:15:00,2024-01-16,13:15:00,1494,0,0,1,1,0,226.9,230.6,4650.0,1.3681,January,Tuesday,13,Local,0
1705401000,2024-01-16 13:30:00,2024-01-16,13:30:00,1495,0,0,0,1,0,232.3,231.8,150.0,0.1,January,Tuesday,13,Local,0
1705401900,2024-01-16 13:45:00,2024-01-16,13:45:00,1496,0,0,0,0,0,233.6,231.8,0.0,0.1,January,Tuesday,13,Local,0
1705402800,2024-01-16 14:00:00,2024-01-16,14:00:00,1497,0,0,0,0,0,227.8,227.1,0.0,0.1,January,Tuesday,14,Local,0
1705403700,2024-01-16 14:15:00,2024-01-16,14:15:00,1498,0,1,0,1,0,229.3,230.7,2650.0,0.7522,January,Tuesday,14,Local,0
1705404600,2024-01-16 14:30:00,2024-01-16,14:30:00,1499,0,0,0,1,0,235.7,237.1,150.0,0.1,January,Tuesday,14,Local,0
1705405500,2024-01-16 14:45:00,2024-01-16,14:45:00,1500,0,0,0,0,0,228.0,229.3,0.0,0.1,January,Tuesday,14,Local,0
1705406400,2024-01-16 15:00:00,2024-01-16,15:00:00,1501,0,0,0,1,0,226.1,223.7,150.0,0.1,January,Tuesday,15,Local,0
1705407300,2024-01-16 15:15:00,2024-01-16,15:15:00,1502,0,0,0,1,0,227.4,224.8,650.0,0.1964,January,Tuesday,15,Local,0
1705408200,2024-01-16 15:30:00,2024-01-16,15:30:00,1503,0,0,0,1,0,227.3,226.0,150.0,0.1,January,Tuesday,15,Local,0
1705409100,2024-01-16 15:45:00,2024-01-16,15:45:00,1504,1,0,0,0,0,232.0,232.8,150.0,0.1,January,Tuesday,15,Local,0
1705410000,2024-01-16 16:00:00,2024-01-16,16:00:00,1505,0,0,0,1,0,229.8,232.1,150.0,0.1,January,Tuesday,16,Local,0
1705410900,2024-01-16 16:15:00,2024-01-16,16:15:00,1506,0,0,0,1,0,230.1,228.6,150.0,0.1,January,Tuesday,16,Local,0
1705411800,2024-01-16 16:30:00,2024-01-16,16:30:00,1507,0,1,0,1,0,235.3,233.6,2650.0,0.676,January,Tuesday,16,Local,0
1705412700,2024-01-16 16:45:00,2024-01-16,16:45:00,1508,0,0,1,0,0,226.0,226.3,3000.0,0.9132,January,Tuesday,16,Local,0
1705413600,2024-01-16 17:00:00,2024-01-16,17:00:00,1509,1,1,0,1,0,230.0,234.1,2800.0,0.8425,January,Tuesday,17,Local,0
1705414500,2024-01-16 17:15:00,2024-01-16,17:15:00,1510,0,0,0,1,0,230.1,232.1,650.0,0.1938,January,Tuesday,17,Local,0
1705415400,2024-01-16 17:30:00,2024-01-16,17:30:00,1511,0,0,0,1,0,233.4,236.6,150.0,0.1,January,Tuesday,17,Local,0
1705416300,2024-01-16 17:45:00,2024-01-16,17:45:00,1512,0,1,1,0,0,231.7,233.8,5500.0,1.7592,January,Tuesday,17,Local,0
1705417200,2024-01-16 18:00:00,2024-01-16,18:00:00,1513,0,0,0,0,0,228.0,227.7,0.0,0.1,January,Tuesday,18,Local,0
1705418100,2024-01-16 18:15:00,2024-01-16,18:15:00,1514,1,0,0,1,0,232.7,232.7,300.0,0.1,January,Tuesday,18,Local,0
1705419000,2024-01-16 18:30:00,2024-01-16,18:30:00,1515,1,0,0,1,0,233.9,231.9,300.0,0.1001,January,Tuesday,18,Local,0
1705419900,2024-01-16 18:45:00,2024-01-16,18:45:00,1516,0,0,1,1,0,223.2,223.1,3150.0,1.148,January,Tuesday,18,Local,0
1705420800,2024-01-16 19:00:00,2024-01-16,19:00:00,1517,1,0,1,1,0,234.0,235.5,3300.0,1.0357,January,Tuesday,19,Local,0
1705421700,2024-01-16 19:15:00,2024-01-16,19:15:00,1518,1,0,0,1,0,228.5,227.1,300.0,0.1,January,Tuesday,19,Local,0
1705422600,2024-01-16 19:30:00,2024-01-16,19:30:00,1519,1,0,1,0,0,227.7,227.2,4650.0,1.394,January,Tuesday,19,Local,0
1705423500,2024-01-16 19:45:00,2024-01-16,19:45:00,1520,1,0,0,1,0,224.1,226.9,300.0,0.1,January,Tuesday,19,Local,0
1705424400,2024-01-16 20:00:00,2024-01-16,20:00:00,1521,1,0,1,1,0,233.2,230.7,3300.0,1.0166,January,Tuesday,20,Local,0
1705425300,2024-01-16 20:15:00,2024-01-16,20:15:00,1522,1,0,1,1,0,232.4,229.2,3300.0,0.982,January,Tuesday,20,Local,0
1705426200,2024-01-16 20:30:00,2024-01-16,20:30:00,1523,1,0,0,1,0,228.1,226.7,300.0,0.1028,January,Tuesday,20,Local,0
1705427100,2024-01-16 20:45:00,2024-01-16,20:45:00,1524,1,0,0,0,0,224.9,224.9,150.0,0.1,January,Tuesday,20,Local,0
1705428000,2024-01-16 21:00:00,2024-01-16,21:00:00,1525,0,0,0,0,0,234.5,233.9,0.0,0.1,January,Tuesday,21,Local,0
1705428900,2024-01-16 21:15:00,2024-01-16,21:15:00,1526,1,0,1,1,0,230.4,229.1,3300.0,1.0211,January,Tuesday,21,Local,0
1705429800,2024-01-16 21:30:00,2024-01-16,21:30:00,1527,0,0,0,1,0,228.9,227.3,150.0,0.1,January,Tuesday,21,Local,0
1705430700,2024-01-16 21:45:00,2024-01-16,21:45:00,1528,1,0,0,0,0,229.7,230.5,150.0,0.1,January,Tuesday,21,Local,0
1705431600,2024-01-16 22:00:00,2024-01-16,22:00:00,1529,0,0,0,1,0,226.0,227.2,150.0,0.1,January,Tuesday,22,Local,0
1705432500,2024-01-16 22:15:00,2024-01-16,22:15:00,1530,1,0,0,1,0,228.2,224.0,1100.0,0.3345,January,Tuesday,22,Local,0
1705433400,2024-01-16 22:30:00,2024-01-16,22:30:00,1531,1,0,1,1,0,230.0,230.1,3300.0,1.0148,January,Tuesday,22,Local,0
1705434300,2024-01-16 22:45:00,2024-01-16,22:45:00,1532,1,0,0,0,0,235.8,235.0,150.0,0.1,January,Tuesday,22,Local,0
1705435200,2024-01-16 23:00:00,2024-01-16,23:00:00,1533,0,0,0,1,0,227.9,230.8,150.0,0.1,January,Tuesday,23,Local,0
1705436100,2024-01-16 23:15:00,2024-01-16,23:15:00,1534,1,0,0,1,0,223.8,224.6,300.0,0.1,January,Tuesday,23,Local,0
1705437000,2024-01-16 23:30:00,2024-01-16,23:30:00,1535,0,0,0,1,0,231.0,229.4,150.0,0.2911,January,Tuesday,23,Local,1
1705437900,2024-01-16 23:45:00,2024-01-16,23:45:00,1536,0,0,0,0,0,228.7,230.7,0.0,0.1,January,Tuesday,23,Local,0
1705438800,2024-01-17 00:00:00,2024-01-17,00:00:00,1537,0,0,0,1,0,229.0,231.0,150.0,0.1,January,Wednesday,0,Local,0
1705439700,2024-01-17 00:15:00,2024-01-17,00:15:00,1538,0,0,0,1,0,227.5,229.0,150.0,0.1,January,Wednesday,0,Local,0
1705440600,2024-01-17 00:30:00,2024-01-17,00:30:00,1539,0,0,0,1,0,234.2,233.9,150.0,0.1,January,Wednesday,0,Local,0
1705441500,2024-01-17 00:45:00,2024-01-17,00:45:00,1540,0,0,0,0,0,227.3,229.4,0.0,0.1,January,Wednesday,0,Local,0
1705442400,2024-01-17 01:00:00,2024-01-17,01:00:00,1541,0,0,0,1,0,227.4,229.5,150.0,0.1,January,Wednesday,1,Local,0
1705443300,2024-01-17 01:15:00,2024-01-17,01:15:00,1542,0,0,0,1,0,227.5,228.1,150.0,0.1,January,Wednesday,1,Local,0
1705444200,2024-01-17 01:30:00,2024-01-17,01:30:00,1543,1,0,0,1,0,233.3,234.5,300.0,0.1,January,Wednesday,1,Local,0
1705445100,2024-01-17 01:45:00,2024-01-17,01:45:00,1544,0,0,0,0,0,225.8,225.2,0.0,0.1,January,Wednesday,1,Local,0
1705446000,2024-01-17 02:00:00,2024-01-17,02:00:00,1545,0,0,0,1,0,230.4,226.1,150.0,0.1,January,Wednesday,2,Local,0
1705446900,2024-01-17 02:15:00,2024-01-17,02:15:00,1546,0,0,0,1,0,230.4,232.5,150.0,0.1,January,Wednesday,2,Local,0
1705447800,2024-01-17 02:30:00,2024-01-17,02:30:00,1547,0,0,0,1,0,225.9,222.8,150.0,0.1,January,Wednesday,2,Local,0
1705448700,2024-01-17 02:45:00,2024-01-17,02:45:00,1548,0,0,0,0,0,226.7,227.7,0.0,0.1,January,Wednesday,2,Local,0
1705449600,2024-01-17 03:00:00,2024-01-17,03:00:00,1549,0,0,0,1,0,232.9,234.9,150.0,0.1,January,Wednesday,3,Local,0
1705450500,2024-01-17 03:15:00,2024-01-17,03:15:00,1550,0,0,0,1,0,236.9,236.2,150.0,0.1,January,Wednesday,3,Local,0
1705451400,2024-01-17 03:30:00,2024-01-17,03:30:00,1551,0,0,0,0,0,234.9,233.3,0.0,0.1,January,Wednesday,3,Local,0
1705452300,2024-01-17 03:45:00,2024-01-17,03:45:00,1552,0,0,0,0,0,228.1,227.2,1000.0,0.2822,January,Wednesday,3,Local,0
1705453200,2024-01-17 04:00:00,2024-01-17,04:00:00,1553,0,0,0,0,0,224.5,225.9,0.0,0.1,January,Wednesday,4,Local,0
1705454100,2024-01-17 04:15:00,2024-01-17,04:15:00,1554,0,0,0,0,0,234.8,233.8,0.0,0.1,January,Wednesday,4,Local,0
1705455000,2024-01-17 04:30:00,2024-01-17,04:30:00,1555,0,0,0,1,0,233.1,238.1,2150.0,0.5559,January,Wednesday,4,Local,0
1705455900,2024-01-17 04:45:00,2024-01-17,04:45:00,1556,0,0,0,0,0,225.6,225.3,0.0,0.1,January,Wednesday,4,Local,0
1705456800,2024-01-17 05:00:00,2024-01-17,05:00:00,1557,0,0,0,1,0,233.0,232.8,150.0,0.1,January,Wednesday,5,Local,0
1705457700,2024-01-17 05:15:00,2024-01-17,05:15:00,1558,0,0,0,1,0,229.6,231.9,150.0,0.1,January,Wednesday,5,Local,0
1705458600,2024-01-17 05:30:00,2024-01-17,05:30:00,1559,0,0,0,1,0,228.3,224.4,150.0,0.1,January,Wednesday,5,Local,0
1705459500,2024-01-17 05:45:00,2024-01-17,05:45:00,1560,0,0,0,0,0,232.1,233.6,0.0,0.1,January,Wednesday,5,Local,0
1705460400,2024-01-17 06:00:00,2024-01-17,06:00:00,1561,1,0,0,1,0,228.6,228.4,300.0,0.1,January,Wednesday,6,Local,0
1705461300,2024-01-17 06:15:00,2024-01-17,06:15:00,1562,0,0,0,1,0,229.5,232.5,150.0,0.1,January,Wednesday,6,Local,0
1705462200,2024-01-17 06:30:00,2024-01-17,06:30:00,1563,0,0,0,1,0,228.9,227.0,150.0,0.1,January,Wednesday,6,Local,0
1705463100,2024-01-17 06:45:00,2024-01-17,06:45:00,1564,0,0,0,0,0,229.7,227.5,0.0,0.1,January,Wednesday,6,Local,0
1705464000,2024-01-17 07:00:00,2024-01-17,07:00:00,1565,0,0,0,1,1,228.8,225.4,1350.0,0.3802,January,Wednesday,7,Local,0
1705464900,2024-01-17 07:15:00,2024-01-17,07:15:00,1566,1,0,0,1,0,227.5,229.7,300.0,0.1,January,Wednesday,7,Local,0
1705465800,2024-01-17 07:30:00,2024-01-17,07:30:00,1567,1,0,0,1,0,236.2,236.6,300.0,0.1,January,Wednesday,7,Local,0
1705466700,2024-01-17 07:45:00,2024-01-17,07:45:00,1568,0,0,1,0,0,231.8,230.8,3000.0,0.6919,January,Wednesday,7,Local,0
1705467600,2024-01-17 08:00:00,2024-01-17,08:00:00,1569,0,0,0,0,0,228.4,231.9,0.0,0.1,January,Wednesday,8,Local,0
1705468500,2024-01-17 08:15:00,2024-01-17,08:15:00,1570,1,0,0,1,0,232.6,231.7,300.0,0.1,January,Wednesday,8,Local,0
1705469400,2024-01-17 08:30:00,2024-01-17,08:30:00,1571,0,0,0,1,0,229.5,232.2,150.0,0.1,January,Wednesday,8,Local,0
1705470300,2024-01-17 08:45:00,2024-01-17,08:45:00,1572,0,0,0,0,0,233.0,233.1,0.0,0.1,January,Wednesday,8,Local,0
1705471200,2024-01-17 09:00:00,2024-01-17,09:00:00,1573,0,0,0,1,0,229.5,229.3,150.0,0.1,January,Wednesday,9,Local,0
1705472100,2024-01-17 09:15:00,2024-01-17,09:15:00,1574,0,0,0,1,0,231.7,232.4,650.0,0.2276,January,Wednesday,9,Local,0
1705473000,2024-01-17 09:30:00,2024-01-17,09:30:00,1575,0,1,0,1,1,236.0,237.0,3850.0,1.3325,January,Wednesday,9,Local,0
1705473900,2024-01-17 09:45:00,2024-01-17,09:45:00,1576,0,0,0,0,0,231.5,233.2,0.0,0.1,January,Wednesday,9,Local,0
1705474800,2024-01-17 10:00:00,2024-01-17,10:00:00,1577,0,0,0,1,0,231.1,232.5,150.0,0.1,January,Wednesday,10,Local,0
1705475700,2024-01-17 10:15:00,2024-01-17,10:15:00,1578,0,0,1,1,0,233.0,234.0,3150.0,1.0764,January,Wednesday,10,Local,0
1705476600,2024-01-17 10:30:00,2024-01-17,10:30:00,1579,0,0,0,1,0,233.5,237.0,150.0,0.1,January,Wednesday,10,Local,0
1705477500,2024-01-17 10:45:00,2024-01-17,10:45:00,1580,0,0,0,0,0,237.7,235.4,0.0,0.1,January,Wednesday,10,Local,0
1705478400,2024-01-17 11:00:00,2024-01-17,11:00:00,1581,0,0,0,1,0,234.3,234.6,150.0,0.1,January,Wednesday,11,Local,0
1705479300,2024-01-17 11:15:00,2024-01-17,11:15:00,1582,0,0,0,1,0,237.0,238.5,150.0,0.1,January,Wednesday,11,Local,0
1705480200,2024-01-17 11:30:00,2024-01-17,11:30:00,1583,0,0,0,1,0,233.1,229.3,150.0,0.1,January,Wednesday,11,Local,0
1705481100,2024-01-17 11:45:00,2024-01-17,11:45:00,1584,1,0,0,1,0,226.1,225.1,1800.0,0.5374,January,Wednesday,11,Local,0
1705482000,2024-01-17 12:00:00,2024-01-17,12:00:00,1585,0,0,0,1,0,227.2,222.8,150.0,0.1,January,Wednesday,12,Local,0
1705482900,2024-01-17 12:15:00,2024-01-17,12:15:00,1586,0,0,1,0,0,231.9,228.3,3000.0,1.0481,January,Wednesday,12,Local,0
1705483800,2024-01-17 12:30:00,2024-01-17,12:30:00,1587,0,0,0,1,0,230.6,227.3,150.0,0.1,January,Wednesday,12,Local,0
1705484700,2024-01-17 12:45:00,2024-01-17,12:45:00,1588,0,0,1,0,0,230.5,230.8,3000.0,1.0958,January,Wednesday,12,Local,0
1705485600,2024-01-17 13:00:00,2024-01-17,13:00:00,1589,1,0,0,1,0,227.6,228.2,300.0,0.1,January,Wednesday,13,Local,0
1705486500,2024-01-17 13:15:00,2024-01-17,13:15:00,1590,0,0,0,1,0,229.2,228.6,150.0,0.1,January,Wednesday,13,Local,0
1705487400,2024-01-17 13:30:00,2024-01-17,13:30:00,1591,0,0,0,1,0,234.0,235.8,150.0,0.1,January,Wednesday,13,Local,0
1705488300,2024-01-17 13:45:00,2024-01-17,13:45:00,1592,1,0,0,1,0,227.7,226.3,300.0,0.1,January,Wednesday,13,Local,0
1705489200,2024-01-17 14:00:00,2024-01-17,14:00:00,1593,0,0,0,0,0,228.4,233.6,0.0,0.1,January,Wednesday,14,Local,0
1705490100,2024-01-17 14:15:00,2024-01-17,14:15:00,1594,0,1,0,1,0,231.7,231.0,2650.0,0.8533,January,Wednesday,14,Local,0
1705491000,2024-01-17 14:30:00,2024-01-17,14:30:00,1595,0,1,0,0,1,233.0,235.0,3700.0,1.0069,January,Wednesday,14,Local,0
1705491900,2024-01-17 14:45:00,2024-01-17,14:45:00,1596,0,0,0,0,0,234.4,234.4,0.0,0.1,January,Wednesday,14,Local,0
1705492800,2024-01-17 15:00:00,2024-01-17,15:00:00,1597,0,1,0,1,0,227.3,225.0,2650.0,0.9122,January,Wednesday,15,Local,0
1705493700,2024-01-17 15:15:00,2024-01-17,15:15:00,1598,0,0,0,1,0,231.9,232.8,150.0,0.1,January,Wednesday,15,Local,0
1705494600,2024-01-17 15:30:00,2024-01-17,15:30:00,1599,0,0,0,1,0,231.5,229.7,150.0,0.1,January,Wednesday,15,Local,0
1705495500,2024-01-17 15:45:00,2024-01-17,15:45:00,1600,0,0,0,0,0,225.0,225.7,0.0,0.1,January,Wednesday,15,Local,0
1705496400,2024-01-17 16:00:00,2024-01-17,16:00:00,1601,0,0,0,1,0,229.3,227.9,150.0,0.1,January,Wednesday,16,Local,0
1705497300,2024-01-17 16:15:00,2024-01-17,16:15:00,1602,0,0,0,1,0,230.0,230.1,150.0,0.1,January,Wednesday,16,Local,0
1705498200,2024-01-17 16:30:00,2024-01-17,16:30:00,1603,0,0,1,1,0,229.6,227.0,3150.0,0.7076,January,Wednesday,16,Local,0
1705499100,2024-01-17 16:45:00,2024-01-17,16:45:00,1604,0,0,0,0,0,228.5,228.1,0.0,0.1,January,Wednesday,16,Local,0
1705500000,2024-01-17 17:00:00,2024-01-17,17:00:00,1605,1,1,0,1,1,234.6,233.3,4000.0,1.1963,January,Wednesday,17,Local,0
1705500900,2024-01-17 17:15:00,2024-01-17,17:15:00,1606,0,0,1,1,0,229.2,230.5,3150.0,0.9269,January,Wednesday,17,Local,0
1705501800,2024-01-17 17:30:00,2024-01-17,17:30:00,1607,0,0,0,1,0,225.2,225.2,150.0,0.1,January,Wednesday,17,Local,0
1705502700,2024-01-17 17:45:00,2024-01-17,17:45:00,1608,0,0,1,0,0,228.1,228.3,3500.0,0.9725,January,Wednesday,17,Local,0
1705503600,2024-01-17 18:00:00,2024-01-17,18:00:00,1609,0,0,0,1,1,233.6,234.8,1350.0,0.4275,January,Wednesday,18,Local,0
1705504500,2024-01-17 18:15:00,2024-01-17,18:15:00,1610,1,1,1,1,1,232.7,232.3,7000.0,2.3151,January,Wednesday,18,Local,0
1705505400,2024-01-17 18:30:00,2024-01-17,18:30:00,1611,0,0,1,1,0,227.9,228.2,3150.0,0.9752,January,Wednesday,18,Local,0
1705506300,2024-01-17 18:45:00,2024-01-17,18:45:00,1612,1,1,1,0,0,232.3,231.3,5650.0,1.472,January,Wednesday,18,Local,0
1705507200,2024-01-17 19:00:00,2024-01-17,19:00:00,1613,1,0,1,1,1,234.2,235.7,4500.0,1.4038,January,Wednesday,19,Local,0
1705508100,2024-01-17 19:15:00,2024-01-17,19:15:00,1614,1,0,0,1,1,227.5,226.9,1500.0,0.4114,January,Wednesday,19,Local,0
1705509000,2024-01-17 19:30:00,2024-01-17,19:30:00,1615,1,0,0,1,1,232.1,234.4,1500.0,0.4175,January,Wednesday,19,Local,0
1705509900,2024-01-17 19:45:00,2024-01-17,19:45:00,1616,0,0,1,0,0,227.4,227.2,3000.0,1.1179,January,Wednesday,19,Local,0
1705510800,2024-01-17 20:00:00,2024-01-17,20:00:00,1617,1,0,1,1,0,230.9,231.7,3300.0,0.99,January,Wednesday,20,Local,0
1705511700,2024-01-17 20:15:00,2024-01-17,20:15:00,1618,1,0,1,1,1,233.9,236.8,4500.0,1.3675,January,Wednesday,20,Local,0
1705512600,2024-01-17 20:30:00,2024-01-17,20:30:00,1619,0,0,1,1,0,226.3,230.8,3150.0,1.0192,January,Wednesday,20,Local,0
1705513500,2024-01-17 20:45:00,2024-01-17,20:45:00,1620,1,1,1,0,0,234.4,233.9,6150.0,1.9811,January,Wednesday,20,Local,0
1705514400,2024-01-17 21:00:00,2024-01-17,21:00:00,1621,0,0,0,1,0,224.3,224.6,150.0,0.1,January,Wednesday,21,Local,0
1705515300,2024-01-17 21:15:00,2024-01-17,21:15:00,1622,1,1,1,1,0,229.1,228.6,5800.0,1.8244,January,Wednesday,21,Local,0
1705516200,2024-01-17 21:30:00,2024-01-17,21:30:00,1623,0,0,0,1,0,226.7,224.1,150.0,0.1,January,Wednesday,21,Local,0
1705517100,2024-01-17 21:45:00,2024-01-17,21:45:00,1624,0,0,0,0,0,226.1,226.3,0.0,0.1,January,Wednesday,21,Local,0
1705518000,2024-01-17 22:00:00,2024-01-17,22:00:00,1625,1,0,0,0,0,233.4,234.2,150.0,0.1,January,Wednesday,22,Local,0
1705518900,2024-01-17 22:15:00,2024-01-17,22:15:00,1626,0,0,0,1,0,226.7,227.2,2150.0,0.6198,January,Wednesday,22,Local,0
1705519800,2024-01-17 22:30:00,2024-01-17,22:30:00,1627,0,0,0,1,0,235.9,234.2,1650.0,0.4031,January,Wednesday,22,Local,0
1705520700,2024-01-17 22:45:00,2024-01-17,22:45:00,1628,1,0,0,0,0,229.2,227.5,150.0,0.1,January,Wednesday,22,Local,0
1705521600,2024-01-17 23:00:00,2024-01-17,23:00:00,1629,0,0,0,1,0,229.8,227.5,150.0,0.1,January,Wednesday,23,Local,0
1705522500,2024-01-17 23:15:00,2024-01-17,23:15:00,1630,1,0,0,1,0,224.6,226.9,300.0,0.1,January,Wednesday,23,Local,0
1705523400,2024-01-17 23:30:00,2024-01-17,23:30:00,1631,0,0,0,1,0,236.9,235.4,150.0,0.1,January,Wednesday,23,Local,0
1705524300,2024-01-17 23:45:00,2024-01-17,23:45:00,1632,1,0,0,0,0,227.7,229.0,150.0,0.1,January,Wednesday,23,Local,0
1705525200,2024-01-18 00:00:00,2024-01-18,00:00:00,1633,0,0,0,1,0,224.2,225.6,150.0,0.1,January,Thursday,0,Local,0
1705526100,2024-01-18 00:15:00,2024-01-18,00:15:00,1634,0,0,0,1,0,227.4,230.6,150.0,0.1,January,Thursday,0,Local,0
1705527000,2024-01-18 00:30:00,2024-01-18,00:30:00,1635,0,0,0,1,0,233.7,233.4,150.0,0.1,January,Thursday,0,Local,0
1705527900,2024-01-18 00:45:00,2024-01-18,00:45:00,1636,0,0,0,1,0,228.5,230.9,150.0,0.1,January,Thursday,0,Local,0
1705528800,2024-01-18 01:00:00,2024-01-18,01:00:00,1637,0,0,0,1,0,226.9,228.2,150.0,0.1,January,Thursday,1,Local,0
1705529700,2024-01-18 01:15:00,2024-01-18,01:15:00,1638,0,0,0,1,0,229.9,229.6,150.0,0.1,January,Thursday,1,Local,0
1705530600,2024-01-18 01:30:00,2024-01-18,01:30:00,1639,0,0,0,1,0,231.9,233.1,150.0,0.1,January,Thursday,1,Local,0
1705531500,2024-01-18 01:45:00,2024-01-18,01:45:00,1640,0,0,0,0,0,232.5,231.6,0.0,0.1,January,Thursday,1,Local,0
1705532400,2024-01-18 02:00:00,2024-01-18,02:00:00,1641,0,0,0,1,0,229.9,230.7,150.0,0.1,January,Thursday,2,Local,0
1705533300,2024-01-18 02:15:00,2024-01-18,02:15:00,1642,0,0,0,1,0,230.7,231.2,150.0,0.1,January,Thursday,2,Local,0
1705534200,2024-01-18 02:30:00,2024-01-18,02:30:00,1643,0,0,0,1,0,231.0,229.2,150.0,0.1,January,Thursday,2,Local,0
1705535100,2024-01-18 02:45:00,2024-01-18,02:45:00,1644,0,0,0,1,0,230.8,231.2,150.0,0.1,January,Thursday,2,Local,0
1705536000,2024-01-18 03:00:00,2024-01-18,03:00:00,1645,0,0,0,1,0,225.3,225.5,150.0,0.1,January,Thursday,3,Local,0
1705536900,2024-01-18 03:15:00,2024-01-18,03:15:00,1646,0,0,0,0,0,229.1,230.6,0.0,0.1,January,Thursday,3,Local,0
1705537800,2024-01-18 03:30:00,2024-01-18,03:30:00,1647,0,0,0,1,0,228.6,226.8,1150.0,0.3719,January,Thursday,3,Local,0
1705538700,2024-01-18 03:45:00,2024-01-18,03:45:00,1648,0,0,0,0,0,229.8,231.6,0.0,0.1,January,Thursday,3,Local,0
1705539600,2024-01-18 04:00:00,2024-01-18,04:00:00,1649,0,0,0,1,0,229.1,231.9,150.0,0.1,January,Thursday,4,Local,0
1705540500,2024-01-18 04:15:00,2024-01-18,04:15:00,1650,0,0,0,1,0,225.3,225.8,150.0,0.1,January,Thursday,4,Local,0
1705541400,2024-01-18 04:30:00,2024-01-18,04:30:00,1651,0,0,0,1,0,228.8,226.3,150.0,0.1,January,Thursday,4,Local,0
1705542300,2024-01-18 04:45:00,2024-01-18,04:45:00,1652,0,0,0,0,0,229.2,227.8,0.0,0.1,January,Thursday,4,Local,0
1705543200,2024-01-18 05:00:00,2024-01-18,05:00:00,1653,0,0,0,1,0,229.1,228.2,150.0,0.1,January,Thursday,5,Local,0
1705544100,2024-01-18 05:15:00,2024-01-18,05:15:00,1654,0,0,0,1,0,229.9,227.7,150.0,0.1,January,Thursday,5,Local,0
1705545000,2024-01-18 05:30:00,2024-01-18,05:30:00,1655,0,0,0,1,0,229.5,231.3,150.0,0.1,January,Thursday,5,Local,0
1705545900,2024-01-18 05:45:00,2024-01-18,05:45:00,1656,0,0,0,0,0,233.6,235.1,0.0,0.1,January,Thursday,5,Local,0
1705546800,2024-01-18 06:00:00,2024-01-18,06:00:00,1657,1,0,0,1,1,229.2,231.5,1500.0,0.489,January,Thursday,6,Local,0
1705547700,2024-01-18 06:15:00,2024-01-18,06:15:00,1658,0,0,0,1,0,231.4,231.3,150.0,0.1,January,Thursday,6,Local,0
1705548600,2024-01-18 06:30:00,2024-01-18,06:30:00,1659,0,0,0,1,0,232.1,229.7,150.0,0.1,January,Thursday,6,Local,0
1705549500,2024-01-18 06:45:00,2024-01-18,06:45:00,1660,0,0,0,0,0,233.8,234.5,0.0,0.1,January,Thursday,6,Local,0
1705550400,2024-01-18 07:00:00,2024-01-18,07:00:00,1661,0,0,0,1,0,228.6,225.5,150.0,0.1,January,Thursday,7,Local,0
1705551300,2024-01-18 07:15:00,2024-01-18,07:15:00,1662,0,0,0,1,0,230.0,226.3,150.0,0.1,January,Thursday,7,Local,0
1705552200,2024-01-18 07:30:00,2024-01-18,07:30:00,1663,0,0,1,1,0,233.1,233.3,3150.0,0.963,January,Thursday,7,Local,0
1705553100,2024-01-18 07:45:00,2024-01-18,07:45:00,1664,0,0,1,0,0,227.7,227.6,3000.0,1.0648,January,Thursday,7,Local,0
1705554000,2024-01-18 08:00:00,2024-01-18,08:00:00,1665,0,0,0,1,0,232.1,232.6,150.0,0.1,January,Thursday,8,Local,0
1705554900,2024-01-18 08:15:00,2024-01-18,08:15:00,1666,0,0,0,1,0,228.5,227.4,150.0,0.1,January,Thursday,8,Local,0
1705555800,2024-01-18 08:30:00,2024-01-18,08:30:00,1667,1,0,0,1,1,229.8,231.3,1500.0,0.4895,January,Thursday,8,Local,0
1705556700,2024-01-18 08:45:00,2024-01-18,08:45:00,1668,0,0,0,0,0,231.6,233.2,0.0,0.1,January,Thursday,8,Local,0
1705557600,2024-01-18 09:00:00,2024-01-18,09:00:00,1669,0,0,0,0,0,231.4,227.4,0.0,0.1,January,Thursday,9,Local,0
1705558500,2024-01-18 09:15:00,2024-01-18,09:15:00,1670,0,1,0,1,0,228.9,230.2,2650.0,0.7514,January,Thursday,9,Local,0
1705559400,2024-01-18 09:30:00,2024-01-18,09:30:00,1671,0,0,0,1,0,228.5,226.4,150.0,0.1,January,Thursday,9,Local,0
1705560300,2024-01-18 09:45:00,2024-01-18,09:45:00,1672,0,0,0,1,0,234.0,234.4,150.0,0.1,January,Thursday,9,Local,0
1705561200,2024-01-18 10:00:00,2024-01-18,10:00:00,1673,0,0,0,1,0,233.3,234.0,150.0,0.1,January,Thursday,10,Local,0
1705562100,2024-01-18 10:15:00,2024-01-18,10:15:00,1674,0,0,0,1,0,230.1,230.3,150.0,0.1,January,Thursday,10,Local,0
1705563000,2024-01-18 10:30:00,2024-01-18,10:30:00,1675,0,0,0,1,0,230.4,233.4,150.0,0.1,January,Thursday,10,Local,0
1705563900,2024-01-18 10:45:00,2024-01-18,10:45:00,1676,0,0,0,0,0,226.4,223.1,0.0,0.1,January,Thursday,10,Local,0
1705564800,2024-01-18 11:00:00,2024-01-18,11:00:00,1677,0,0,0,1,0,237.0,236.7,150.0,0.1,January,Thursday,11,Local,0
1705565700,2024-01-18 11:15:00,2024-01-18,11:15:00,1678,0,0,0,1,0,230.2,228.9,150.0,0.1,January,Thursday,11,Local,0
1705566600,2024-01-18 11:30:00,2024-01-18,11:30:00,1679,0,0,0,1,0,226.9,228.4,150.0,0.1,January,Thursday,11,Local,0
1705567500,2024-01-18 11:45:00,2024-01-18,11:45:00,1680,0,0,0,0,0,231.8,232.4,0.0,0.1,January,Thursday,11,Local,0
1705568400,2024-01-18 12:00:00,2024-01-18,12:00:00,1681,0,0,0,1,0,234.0,232.8,150.0,0.1,January,Thursday,12,Local,0
1705569300,2024-01-18 12:15:00,2024-01-18,12:15:00,1682,1,0,0,1,0,229.9,230.6,300.0,0.1,January,Thursday,12,Local,0
1705570200,2024-01-18 12:30:00,2024-01-18,12:30:00,1683,0,0,0,1,0,225.1,227.7,150.0,0.1,January,Thursday,12,Local,0
1705571100,2024-01-18 12:45:00,2024-01-18,12:45:00,1684,0,1,0,0,1,233.5,233.6,3700.0,1.1323,January,Thursday,12,Local,0
1705572000,2024-01-18 13:00:00,2024-01-18,13:00:00,1685,0,0,0,0,0,231.2,230.7,1500.0,0.4974,January,Thursday,13,Local,0
1705572900,2024-01-18 13:15:00,2024-01-18,13:15:00,1686,0,0,0,1,0,231.2,228.1,150.0,0.1,January,Thursday,13,Local,0
1705573800,2024-01-18 13:30:00,2024-01-18,13:30:00,1687,0,1,0,1,0,228.9,228.8,2650.0,0.871,January,Thursday,13,Local,0
1705574700,2024-01-18 13:45:00,2024-01-18,13:45:00,1688,0,0,0,0,1,230.7,234.0,1200.0,0.3561,January,Thursday,13,Local,0
1705575600,2024-01-18 14:00:00,2024-01-18,14:00:00,1689,0,0,0,1,0,231.9,229.2,150.0,0.1,January,Thursday,14,Local,0
1705576500,2024-01-18 14:15:00,2024-01-18,14:15:00,1690,0,1,0,1,0,230.8,228.1,2650.0,0.8545,January,Thursday,14,Local,0
1705577400,2024-01-18 14:30:00,2024-01-18,14:30:00,1691,0,0,0,1,0,226.5,225.7,150.0,0.1,January,Thursday,14,Local,0
1705578300,2024-01-18 14:45:00,2024-01-18,14:45:00,1692,0,0,0,0,0,233.0,231.9,0.0,0.1,January,Thursday,14,Local,0
1705579200,2024-01-18 15:00:00,2024-01-18,15:00:00,1693,0,0,0,1,0,227.4,227.5,150.0,0.1,January,Thursday,15,Local,0
1705580100,2024-01-18 15:15:00,2024-01-18,15:15:00,1694,0,0,0,1,1,229.7,230.9,1350.0,0.4759,January,Thursday,15,Local,0
1705581000,2024-01-18 15:30:00,2024-01-18,15:30:00,1695,0,0,0,1,0,234.1,236.4,150.0,0.1,January,Thursday,15,Local,0
1705581900,2024-01-18 15:45:00,2024-01-18,15:45:00,1696,0,0,0,0,1,233.9,235.1,1200.0,0.3447,January,Thursday,15,Local,0
1705582800,2024-01-18 16:00:00,2024-01-18,16:00:00,1697,0,0,0,1,0,231.7,233.8,150.0,0.1,January,Thursday,16,Local,0
1705583700,2024-01-18 16:15:00,2024-01-18,16:15:00,1698,0,1,1,1,0,227.1,226.7,5650.0,1.3635,January,Thursday,16,Local,0
1705584600,2024-01-18 16:30:00,2024-01-18,16:30:00,1699,0,0,0,1,0,227.9,228.6,150.0,0.1,January,Thursday,16,Local,0
1705585500,2024-01-18 16:45:00,2024-01-18,16:45:00,1700,0,0,0,0,0,227.6,230.7,0.0,0.1,January,Thursday,16,Local,0
1705586400,2024-01-18 17:00:00,2024-01-18,17:00:00,1701,0,1,1,1,0,234.8,232.3,5650.0,1.7186,January,Thursday,17,Local,0
1705587300,2024-01-18 17:15:00,2024-01-18,17:15:00,1702,0,1,1,1,0,233.0,232.8,5650.0,1.6402,January,Thursday,17,Local,0
1705588200,2024-01-18 17:30:00,2024-01-18,17:30:00,1703,1,0,0,1,0,232.7,232.8,300.0,0.1,January,Thursday,17,Local,0
1705589100,2024-01-18 17:45:00,2024-01-18,17:45:00,1704,0,0,1,0,1,232.5,234.1,4200.0,1.2263,January,Thursday,17,Local,0
1705590000,2024-01-18 18:00:00,2024-01-18,18:00:00,1705,1,0,0,1,0,222.4,219.8,300.0,0.1005,January,Thursday,18,Local,0
1705590900,2024-01-18 18:15:00,2024-01-18,18:15:00,1706,1,1,0,1,0,230.5,232.3,2800.0,0.8252,January,Thursday,18,Local,0
1705591800,2024-01-18 18:30:00,2024-01-18,18:30:00,1707,0,0,1,1,1,226.7,228.1,4350.0,1.3641,January,Thursday,18,Local,0
1705592700,2024-01-18 18:45:00,2024-01-18,18:45:00,1708,1,0,1,0,0,225.1,228.4,3150.0,0.9517,January,Thursday,18,Local,0
1705593600,2024-01-18 19:00:00,2024-01-18,19:00:00,1709,1,0,0,0,1,232.9,233.0,1350.0,0.4043,January,Thursday,19,Local,0
1705594500,2024-01-18 19:15:00,2024-01-18,19:15:00,1710,1,0,0,1,1,230.0,229.0,1500.0,0.5039,January,Thursday,19,Local,0
1705595400,2024-01-18 19:30:00,2024-01-18,19:30:00,1711,1,1,0,1,1,233.2,232.2,4000.0,1.3738,January,Thursday,19,Local,0
1705596300,2024-01-18 19:45:00,2024-01-18,19:45:00,1712,1,0,0,0,0,234.1,234.4,150.0,0.1,January,Thursday,19,Local,0
1705597200,2024-01-18 20:00:00,2024-01-18,20:00:00,1713,1,0,0,1,0,229.3,228.4,300.0,0.1,January,Thursday,20,Local,0
1705598100,2024-01-18 20:15:00,2024-01-18,20:15:00,1714,1,0,0,0,0,236.0,235.6,2150.0,0.5693,January,Thursday,20,Local,0
1705599000,2024-01-18 20:30:00,2024-01-18,20:30:00,1715,1,0,0,0,0,225.7,226.1,150.0,0.1,January,Thursday,20,Local,0
1705599900,2024-01-18 20:45:00,2024-01-18,20:45:00,1716,1,0,0,0,0,231.3,232.1,150.0,0.1,January,Thursday,20,Local,0
1705600800,2024-01-18 21:00:00,2024-01-18,21:00:00,1717,1,0,0,1,0,226.4,227.8,300.0,0.1,January,Thursday,21,Local,0
1705601700,2024-01-18 21:15:00,2024-01-18,21:15:00,1718,1,0,0,1,0,232.5,233.9,300.0,0.1,January,Thursday,21,Local,0
1705602600,2024-01-18 21:30:00,2024-01-18,21:30:00,1719,0,0,0,1,0,228.7,228.0,150.0,0.1,January,Thursday,21,Local,0
1705603500,2024-01-18 21:45:00,2024-01-18,21:45:00,1720,1,0,0,0,0,230.8,230.7,150.0,0.1,January,Thursday,21,Local,0
1705604400,2024-01-18 22:00:00,2024-01-18,22:00:00,1721,0,0,0,1,0,228.7,233.6,150.0,0.1,January,Thursday,22,Local,0
1705605300,2024-01-18 22:15:00,2024-01-18,22:15:00,1722,1,0,0,1,0,230.7,230.8,300.0,0.1,January,Thursday,22,Local,0
1705606200,2024-01-18 22:30:00,2024-01-18,22:30:00,1723,0,0,0,0,0,228.4,227.4,0.0,0.1,January,Thursday,22,Local,0
1705607100,2024-01-18 22:45:00,2024-01-18,22:45:00,1724,0,0,0,0,0,230.4,230.3,0.0,0.1,January,Thursday,22,Local,0
1705608000,2024-01-18 23:00:00,2024-01-18,23:00:00,1725,1,0,0,1,0,229.2,231.1,300.0,0.1,January,Thursday,23,Local,0
1705608900,2024-01-18 23:15:00,2024-01-18,23:15:00,1726,0,0,0,1,0,227.4,226.6,150.0,0.1,January,Thursday,23,Local,0
1705609800,2024-01-18 23:30:00,2024-01-18,23:30:00,1727,0,0,0,1,0,231.7,235.6,150.0,0.1,January,Thursday,23,Local,0
1705610700,2024-01-18 23:45:00,2024-01-18,23:45:00,1728,1,0,0,0,0,228.3,229.7,150.0,0.1,January,Thursday,23,Local,0
1705611600,2024-01-19 00:00:00,2024-01-19,00:00:00,1729,0,0,0,1,0,232.3,232.9,150.0,0.1,January,Friday,0,Local,0
1705612500,2024-01-19 00:15:00,2024-01-19,00:15:00,1730,0,0,0,1,0,233.1,231.2,150.0,0.1,January,Friday,0,Local,0
1705613400,2024-01-19 00:30:00,2024-01-19,00:30:00,1731,0,0,0,1,0,227.1,223.3,150.0,0.1,January,Friday,0,Local,0
1705614300,2024-01-19 00:45:00,2024-01-19,00:45:00,1732,1,0,0,0,0,226.5,229.0,150.0,0.1,January,Friday,0,Local,0
1705615200,2024-01-19 01:00:00,2024-01-19,01:00:00,1733,1,0,0,1,0,233.7,233.1,300.0,0.1,January,Friday,1,Local,0
1705616100,2024-01-19 01:15:00,2024-01-19,01:15:00,1734,0,0,0,1,0,233.6,230.3,150.0,0.1,January,Friday,1,Local,0
1705617000,2024-01-19 01:30:00,2024-01-19,01:30:00,1735,0,0,0,1,0,231.5,232.4,150.0,0.1,January,Friday,1,Local,0
1705617900,2024-01-19 01:45:00,2024-01-19,01:45:00,1736,0,0,0,0,0,228.1,232.2,0.0,0.1,January,Friday,1,Local,0
1705618800,2024-01-19 02:00:00,2024-01-19,02:00:00,1737,0,0,0,1,0,228.2,229.6,150.0,0.1,January,Friday,2,Local,0
1705619700,2024-01-19 02:15:00,2024-01-19,02:15:00,1738,0,0,0,1,0,233.1,236.2,150.0,0.1,January,Friday,2,Local,0
1705620600,2024-01-19 02:30:00,2024-01-19,02:30:00,1739,0,0,0,1,0,229.8,231.2,150.0,0.1,January,Friday,2,Local,0
1705621500,2024-01-19 02:45:00,2024-01-19,02:45:00,1740,0,0,0,0,0,228.8,228.1,0.0,0.1,January,Friday,2,Local,0
1705622400,2024-01-19 03:00:00,2024-01-19,03:00:00,1741,0,0,0,1,0,224.1,221.6,150.0,0.1,January,Friday,3,Local,0
1705623300,2024-01-19 03:15:00,2024-01-19,03:15:00,1742,0,0,0,1,0,229.3,225.9,150.0,0.1,January,Friday,3,Local,0
1705624200,2024-01-19 03:30:00,2024-01-19,03:30:00,1743,0,0,0,1,0,231.2,231.6,150.0,0.1,January,Friday,3,Local,0
1705625100,2024-01-19 03:45:00,2024-01-19,03:45:00,1744,0,0,0,0,0,231.0,230.7,0.0,0.1,January,Friday,3,Local,0
1705626000,2024-01-19 04:00:00,2024-01-19,04:00:00,1745,0,0,0,1,0,235.5,236.2,150.0,0.1,January,Friday,4,Local,0
1705626900,2024-01-19 04:15:00,2024-01-19,04:15:00,1746,0,0,0,1,0,230.6,233.6,150.0,0.1,January,Friday,4,Local,0
1705627800,2024-01-19 04:30:00,2024-01-19,04:30:00,1747,0,0,0,1,0,230.4,230.2,150.0,0.1,January,Friday,4,Local,0
1705628700,2024-01-19 04:45:00,2024-01-19,04:45:00,1748,0,0,0,0,0,227.2,227.9,2000.0,0.7244,January,Friday,4,Local,0
1705629600,2024-01-19 05:00:00,2024-01-19,05:00:00,1749,0,0,0,1,0,228.3,227.7,150.0,0.1,January,Friday,5,Local,0
1705630500,2024-01-19 05:15:00,2024-01-19,05:15:00,1750,0,0,0,1,0,232.4,233.6,150.0,0.1,January,Friday,5,Local,0
1705631400,2024-01-19 05:30:00,2024-01-19,05:30:00,1751,0,0,0,1,0,229.8,230.4,1650.0,0.6007,January,Friday,5,Local,0
1705632300,2024-01-19 05:45:00,2024-01-19,05:45:00,1752,0,0,0,1,0,233.1,235.0,150.0,0.1,January,Friday,5,Local,0
1705633200,2024-01-19 06:00:00,2024-01-19,06:00:00,1753,0,0,0,1,0,232.8,233.8,150.0,0.1,January,Friday,6,Local,0
1705634100,2024-01-19 06:15:00,2024-01-19,06:15:00,1754,0,0,0,1,0,233.3,235.3,150.0,0.1,January,Friday,6,Local,0
1705635000,2024-01-19 06:30:00,2024-01-19,06:30:00,1755,0,0,0,1,0,227.8,226.2,150.0,0.1,January,Friday,6,Local,0
1705635900,2024-01-19 06:45:00,2024-01-19,06:45:00,1756,0,0,0,0,0,230.8,233.1,0.0,0.1,January,Friday,6,Local,0
1705636800,2024-01-19 07:00:00,2024-01-19,07:00:00,1757,1,1,1,1,0,234.2,232.2,6800.0,2.2389,January,Friday,7,Local,0
1705637700,2024-01-19 07:15:00,2024-01-19,07:15:00,1758,0,0,0,1,0,227.3,229.6,950.0,0.3255,January,Friday,7,Local,0
1705638600,2024-01-19 07:30:00,2024-01-19,07:30:00,1759,0,0,0,1,0,230.6,229.8,150.0,0.1,January,Friday,7,Local,0
1705639500,2024-01-19 07:45:00,2024-01-19,07:45:00,1760,0,0,0,0,0,223.9,223.8,0.0,0.1,January,Friday,7,Local,0
1705640400,2024-01-19 08:00:00,2024-01-19,08:00:00,1761,1,0,0,1,0,228.5,233.0,300.0,0.1,January,Friday,8,Local,0
1705641300,2024-01-19 08:15:00,2024-01-19,08:15:00,1762,0,0,0,1,0,229.6,226.0,150.0,0.1,January,Friday,8,Local,0
1705642200,2024-01-19 08:30:00,2024-01-19,08:30:00,1763,0,0,0,1,0,226.0,228.1,150.0,0.1,January,Friday,8,Local,0
1705643100,2024-01-19 08:45:00,2024-01-19,08:45:00,1764,0,0,0,0,0,236.0,239.8,0.0,0.1,January,Friday,8,Local,0
1705644000,2024-01-19 09:00:00,2024-01-19,09:00:00,1765,0,0,0,0,0,225.3,228.3,0.0,0.1,January,Friday,9,Local,0
1705644900,2024-01-19 09:15:00,2024-01-19,09:15:00,1766,1,0,0,1,0,226.7,227.8,300.0,0.1011,January,Friday,9,Local,0
1705645800,2024-01-19 09:30:00,2024-01-19,09:30:00,1767,0,0,0,1,0,230.3,231.3,150.0,0.1,January,Friday,9,Local,0
1705646700,2024-01-19 09:45:00,2024-01-19,09:45:00,1768,0,0,0,0,0,231.7,233.7,0.0,0.1,January,Friday,9,Local,0
1705647600,2024-01-19 10:00:00,2024-01-19,10:00:00,1769,1,0,0,1,0,227.2,227.6,300.0,0.1,January,Friday,10,Local,0
1705648500,2024-01-19 10:15:00,2024-01-19,10:15:00,1770,0,0,0,1,0,225.9,223.7,150.0,0.1,January,Friday,10,Local,0
1705649400,2024-01-19 10:30:00,2024-01-19,10:30:00,1771,1,1,0,1,0,229.6,229.6,2800.0,0.8478,January,Friday,10,Local,0
1705650300,2024-01-19 10:45:00,2024-01-19,10:45:00,1772,1,0,0,0,0,235.7,235.3,150.0,0.1,January,Friday,10,Local,0
1705651200,2024-01-19 11:00:00,2024-01-19,11:00:00,1773,0,0,0,0,0,228.7,233.0,0.0,0.1,January,Friday,11,Local,0
1705652100,2024-01-19 11:15:00,2024-01-19,11:15:00,1774,0,1,0,0,0,226.1,227.1,2500.0,0.6339,January,Friday,11,Local,0
1705653000,2024-01-19 11:30:00,2024-01-19,11:30:00,1775,0,0,0,1,0,232.7,234.1,150.0,0.1,January,Friday,11,Local,0
1705653900,2024-01-19 11:45:00,2024-01-19,11:45:00,1776,0,0,0,0,0,227.7,225.1,0.0,0.1,January,Friday,11,Local,0
1705654800,2024-01-19 12:00:00,2024-01-19,12:00:00,1777,0,0,0,1,0,232.7,232.2,150.0,0.1,January,Friday,12,Local,0
1705655700,2024-01-19 12:15:00,2024-01-19,12:15:00,1778,0,1,0,1,0,234.4,233.5,2650.0,0.8324,January,Friday,12,Local,0
1705656600,2024-01-19 12:30:00,2024-01-19,12:30:00,1779,0,0,0,1,1,230.8,232.3,1350.0,0.4259,January,Friday,12,Local,0
1705657500,2024-01-19 12:45:00,2024-01-19,12:45:00,1780,0,0,0,0,1,228.7,229.9,1200.0,0.3653,January,Friday,12,Local,0
1705658400,2024-01-19 13:00:00,2024-01-19,13:00:00,1781,0,1,0,1,0,234.3,235.3,2650.0,0.801,January,Friday,13,Local,0
1705659300,2024-01-19 13:15:00,2024-01-19,13:15:00,1782,0,0,0,1,1,234.8,234.0,1350.0,0.3659,January,Friday,13,Local,0
1705660200,2024-01-19 13:30:00,2024-01-19,13:30:00,1783,0,0,0,1,0,232.6,233.3,150.0,0.1,January,Friday,13,Local,0
1705661100,2024-01-19 13:45:00,2024-01-19,13:45:00,1784,0,0,0,0,0,226.9,226.8,0.0,0.1,January,Friday,13,Local,0
1705662000,2024-01-19 14:00:00,2024-01-19,14:00:00,1785,0,0,0,1,0,229.7,228.3,150.0,0.1,January,Friday,14,Local,0
1705662900,2024-01-19 14:15:00,2024-01-19,14:15:00,1786,0,0,0,1,0,229.5,228.3,150.0,0.1,January,Friday,14,Local,0
1705663800,2024-01-19 14:30:00,2024-01-19,14:30:00,1787,0,0,0,1,0,231.3,228.2,150.0,0.1,January,Friday,14,Local,0
1705664700,2024-01-19 14:45:00,2024-01-19,14:45:00,1788,0,0,0,0,0,229.7,228.5,0.0,0.1,January,Friday,14,Local,0
1705665600,2024-01-19 15:00:00,2024-01-19,15:00:00,1789,0,0,0,1,0,232.8,236.1,150.0,0.1,January,Friday,15,Local,0
1705666500,2024-01-19 15:15:00,2024-01-19,15:15:00,1790,0,0,0,1,0,230.2,232.2,150.0,0.1,January,Friday,15,Local,0
1705667400,2024-01-19 15:30:00,2024-01-19,15:30:00,1791,1,0,0,1,0,233.5,234.8,300.0,0.1,January,Friday,15,Local,0
1705668300,2024-01-19 15:45:00,2024-01-19,15:45:00,1792,0,0,0,0,0,228.3,233.4,0.0,0.1,January,Friday,15,Local,0
1705669200,2024-01-19 16:00:00,2024-01-19,16:00:00,1793,0,0,0,1,0,230.7,230.1,150.0,0.1,January,Friday,16,Local,0
1705670100,2024-01-19 16:15:00,2024-01-19,16:15:00,1794,0,0,0,1,0,229.3,230.5,150.0,0.1,January,Friday,16,Local,0
1705671000,2024-01-19 16:30:00,2024-01-19,16:30:00,1795,1,1,0,1,0,225.1,221.8,2800.0,0.7678,January,Friday,16,Local,0
1705671900,2024-01-19 16:45:00,2024-01-19,16:45:00,1796,0,1,0,0,0,225.3,223.0,2500.0,0.7792,January,Friday,16,Local,0
1705672800,2024-01-19 17:00:00,2024-01-19,17:00:00,1797,0,0,1,1,0,227.1,225.0,3150.0,0.9327,January,Friday,17,Local,0
1705673700,2024-01-19 17:15:00,2024-01-19,17:15:00,1798,0,0,0,1,0,228.6,227.5,150.0,0.1,January,Friday,17,Local,0
1705674600,2024-01-19 17:30:00,2024-01-19,17:30:00,1799,0,0,0,1,0,229.7,235.7,150.0,0.1,January,Friday,17,Local,0
1705675500,2024-01-19 17:45:00,2024-01-19,17:45:00,1800,1,0,1,0,0,228.0,231.7,3150.0,0.8387,January,Friday,17,Local,0
1705676400,2024-01-19 18:00:00,2024-01-19,18:00:00,1801,1,0,0,1,1,235.6,238.3,1500.0,0.5314,January,Friday,18,Local,0
1705677300,2024-01-19 18:15:00,2024-01-19,18:15:00,1802,1,0,0,1,1,228.3,229.5,1500.0,0.4927,January,Friday,18,Local,0
1705678200,2024-01-19 18:30:00,2024-01-19,18:30:00,1803,0,0,1,1,0,232.5,233.6,3150.0,0.9638,January,Friday,18,Local,0
1705679100,2024-01-19 18:45:00,2024-01-19,18:45:00,1804,0,0,1,0,0,232.0,233.1,3000.0,0.9329,January,Friday,18,Local,0
1705680000,2024-01-19 19:00:00,2024-01-19,19:00:00,1805,1,0,1,0,1,228.9,228.8,4350.0,1.4681,January,Friday,19,Local,0
1705680900,2024-01-19 19:15:00,2024-01-19,19:15:00,1806,1,0,0,1,1,229.7,230.3,1500.0,0.5348,January,Friday,19,Local,0
1705681800,2024-01-19 19:30:00,2024-01-19,19:30:00,1807,1,0,0,0,0,229.9,231.2,150.0,0.1,January,Friday,19,Local,0
1705682700,2024-01-19 19:45:00,2024-01-19,19:45:00,1808,1,1,0,0,0,232.0,231.2,2650.0,0.7765,January,Friday,19,Local,0
1705683600,2024-01-19 20:00:00,2024-01-19,20:00:00,1809,1,0,0,1,0,228.6,226.8,300.0,0.1,January,Friday,20,Local,0
1705684500,2024-01-19 20:15:00,2024-01-19,20:15:00,1810,1,1,0,1,1,235.6,236.1,4000.0,1.3522,January,Friday,20,Local,0
1705685400,2024-01-19 20:30:00,2024-01-19,20:30:00,1811,1,0,0,1,0,228.4,225.4,300.0,0.1001,January,Friday,20,Local,0
1705686300,2024-01-19 20:45:00,2024-01-19,20:45:00,1812,0,0,0,0,0,231.8,234.2,0.0,0.1,January,Friday,20,Local,0
1705687200,2024-01-19 21:00:00,2024-01-19,21:00:00,1813,0,0,0,1,1,233.1,227.9,1350.0,0.4294,January,Friday,21,Local,0
1705688100,2024-01-19 21:15:00,2024-01-19,21:15:00,1814,1,0,0,1,0,227.8,230.4,300.0,0.1,January,Friday,21,Local,0
1705689000,2024-01-19 21:30:00,2024-01-19,21:30:00,1815,1,0,0,1,0,235.3,235.8,300.0,0.1,January,Friday,21,Local,0
1705689900,2024-01-19 21:45:00,2024-01-19,21:45:00,1816,0,0,0,0,0,226.8,225.3,0.0,0.1,January,Friday,21,Local,0
1705690800,2024-01-19 22:00:00,2024-01-19,22:00:00,1817,1,0,0,1,0,226.1,228.0,300.0,0.1,January,Friday,22,Local,0
1705691700,2024-01-19 22:15:00,2024-01-19,22:15:00,1818,0,0,0,1,0,229.4,225.0,150.0,0.1,January,Friday,22,Local,0
1705692600,2024-01-19 22:30:00,2024-01-19,22:30:00,1819,0,0,0,1,0,226.9,230.3,150.0,0.1,January,Friday,22,Local,0
1705693500,2024-01-19 22:45:00,2024-01-19,22:45:00,1820,1,0,0,0,0,230.4,230.8,150.0,0.1,January,Friday,22,Local,0
1705694400,2024-01-19 23:00:00,2024-01-19,23:00:00,1821,0,0,0,1,0,232.3,232.0,150.0,0.1,January,Friday,23,Local,0
1705695300,2024-01-19 23:15:00,2024-01-19,23:15:00,1822,0,0,0,1,0,234.1,236.8,150.0,0.1,January,Friday,23,Local,0
1705696200,2024-01-19 23:30:00,2024-01-19,23:30:00,1823,0,0,0,1,0,228.4,227.4,150.0,0.1,January,Friday,23,Local,0
1705697100,2024-01-19 23:45:00,2024-01-19,23:45:00,1824,0,0,0,1,0,232.7,233.7,150.0,0.1,January,Friday,23,Local,0
1705698000,2024-01-20 00:00:00,2024-01-20,00:00:00,1825,0,0,0,1,0,230.1,228.1,150.0,0.1,January,Saturday,0,Local,0
1705698900,2024-01-20 00:15:00,2024-01-20,00:15:00,1826,0,0,0,0,0,234.2,232.8,0.0,0.1,January,Saturday,0,Local,0
1705699800,2024-01-20 00:30:00,2024-01-20,00:30:00,1827,0,0,0,1,0,230.3,231.7,150.0,0.1,January,Saturday,0,Local,0
1705700700,2024-01-20 00:45:00,2024-01-20,00:45:00,1828,0,0,0,0,0,236.6,237.9,0.0,0.1,January,Saturday,0,Local,0
1705701600,2024-01-20 01:00:00,2024-01-20,01:00:00,1829,0,0,0,1,0,230.3,230.8,150.0,0.1,January,Saturday,1,Local,0
1705702500,2024-01-20 01:15:00,2024-01-20,01:15:00,1830,0,0,0,1,0,233.3,233.7,150.0,0.1,January,Saturday,1,Local,0
1705703400,2024-01-20 01:30:00,2024-01-20,01:30:00,1831,0,0,0,1,0,233.5,235.9,150.0,0.1,January,Saturday,1,Local,0
1705704300,2024-01-20 01:45:00,2024-01-20,01:45:00,1832,0,0,0,0,0,232.3,234.3,0.0,0.1,January,Saturday,1,Local,0
1705705200,2024-01-20 02:00:00,2024-01-20,02:00:00,1833,0,0,0,0,0,237.1,238.1,0.0,0.1,January,Saturday,2,Local,0
1705706100,2024-01-20 02:15:00,2024-01-20,02:15:00,1834,0,0,0,1,0,229.2,229.0,150.0,0.1,January,Saturday,2,Local,0
1705707000,2024-01-20 02:30:00,2024-01-20,02:30:00,1835,0,0,0,1,0,231.2,230.1,150.0,0.1,January,Saturday,2,Local,0
1705707900,2024-01-20 02:45:00,2024-01-20,02:45:00,1836,0,0,0,1,0,229.1,230.4,150.0,0.1,January,Saturday,2,Local,0
1705708800,2024-01-20 03:00:00,2024-01-20,03:00:00,1837,0,0,0,1,0,233.3,234.2,150.0,0.1,January,Saturday,3,Local,0
1705709700,2024-01-20 03:15:00,2024-01-20,03:15:00,1838,0,0,0,0,0,234.8,233.6,0.0,0.1,January,Saturday,3,Local,0
1705710600,2024-01-20 03:30:00,2024-01-20,03:30:00,1839,0,0,0,1,0,229.1,228.6,150.0,0.1,January,Saturday,3,Local,0
1705711500,2024-01-20 03:45:00,2024-01-20,03:45:00,1840,0,0,0,0,0,228.1,226.7,0.0,0.1,January,Saturday,3,Local,0
1705712400,2024-01-20 04:00:00,2024-01-20,04:00:00,1841,0,0,0,0,0,233.3,237.5,0.0,0.1,January,Saturday,4,Local,0
1705713300,2024-01-20 04:15:00,2024-01-20,04:15:00,1842,0,0,0,0,0,226.6,226.0,0.0,0.1,January,Saturday,4,Local,0
1705714200,2024-01-20 04:30:00,2024-01-20,04:30:00,1843,0,0,0,1,0,225.8,226.6,150.0,0.1,January,Saturday,4,Local,0
1705715100,2024-01-20 04:45:00,2024-01-20,04:45:00,1844,0,0,0,1,0,230.4,227.3,150.0,0.1,January,Saturday,4,Local,0
1705716000,2024-01-20 05:00:00,2024-01-20,05:00:00,1845,0,0,0,1,0,225.0,224.8,150.0,0.1,January,Saturday,5,Local,0
1705716900,2024-01-20 05:15:00,2024-01-20,05:15:00,1846,1,0,0,1,0,230.5,229.9,300.0,0.107,January,Saturday,5,Local,0
1705717800,2024-01-20 05:30:00,2024-01-20,05:30:00,1847,0,0,0,1,0,230.8,229.9,150.0,0.1,January,Saturday,5,Local,0
1705718700,2024-01-20 05:45:00,2024-01-20,05:45:00,1848,0,0,0,0,0,228.2,230.7,0.0,0.1,January,Saturday,5,Local,0
1705719600,2024-01-20 06:00:00,2024-01-20,06:00:00,1849,0,0,0,1,0,235.8,235.6,150.0,0.1,January,Saturday,6,Local,0
1705720500,2024-01-20 06:15:00,2024-01-20,06:15:00,1850,0,0,0,1,0,231.4,232.7,150.0,0.1,January,Saturday,6,Local,0
1705721400,2024-01-20 06:30:00,2024-01-20,06:30:00,1851,0,0,0,0,0,232.9,234.6,0.0,0.1,January,Saturday,6,Local,0
1705722300,2024-01-20 06:45:00,2024-01-20,06:45:00,1852,0,0,0,0,0,223.4,224.1,0.0,0.1,January,Saturday,6,Local,0
1705723200,2024-01-20 07:00:00,2024-01-20,07:00:00,1853,0,0,0,1,0,230.0,227.9,150.0,0.1,January,Saturday,7,Local,0
1705724100,2024-01-20 07:15:00,2024-01-20,07:15:00,1854,0,0,0,1,0,227.0,227.9,150.0,0.1,January,Saturday,7,Local,0
1705725000,2024-01-20 07:30:00,2024-01-20,07:30:00,1855,0,0,0,1,0,227.6,226.4,150.0,0.1,January,Saturday,7,Local,0
1705725900,2024-01-20 07:45:00,2024-01-20,07:45:00,1856,0,0,0,0,0,229.7,227.8,0.0,0.1,January,Saturday,7,Local,0
1705726800,2024-01-20 08:00:00,2024-01-20,08:00:00,1857,0,0,0,1,1,231.0,234.4,1350.0,0.4282,January,Saturday,8,Local,0
1705727700,2024-01-20 08:15:00,2024-01-20,08:15:00,1858,0,0,0,1,0,229.4,228.4,150.0,0.1,January,Saturday,8,Local,0
1705728600,2024-01-20 08:30:00,2024-01-20,08:30:00,1859,1,1,0,1,0,231.6,231.0,2800.0,0.8901,January,Saturday,8,Local,0
1705729500,2024-01-20 08:45:00,2024-01-20,08:45:00,1860,1,0,0,0,0,229.0,228.3,150.0,0.1,January,Saturday,8,Local,0
1705730400,2024-01-20 09:00:00,2024-01-20,09:00:00,1861,1,0,0,1,0,228.9,228.8,300.0,0.1,January,Saturday,9,Local,0
1705731300,2024-01-20 09:15:00,2024-01-20,09:15:00,1862,0,0,0,1,0,233.5,233.8,150.0,0.1,January,Saturday,9,Local,0
1705732200,2024-01-20 09:30:00,2024-01-20,09:30:00,1863,0,1,0,1,0,232.2,231.4,2650.0,0.7966,January,Saturday,9,Local,0
1705733100,2024-01-20 09:45:00,2024-01-20,09:45:00,1864,1,0,0,0,0,230.6,231.6,150.0,0.1,January,Saturday,9,Local,0
1705734000,2024-01-20 10:00:00,2024-01-20,10:00:00,1865,0,0,0,1,0,225.2,223.6,150.0,0.1,January,Saturday,10,Local,0
1705734900,2024-01-20 10:15:00,2024-01-20,10:15:00,1866,0,1,0,1,0,234.0,232.0,2650.0,0.8437,January,Saturday,10,Local,0
1705735800,2024-01-20 10:30:00,2024-01-20,10:30:00,1867,0,0,0,0,0,232.1,229.9,0.0,0.1,January,Saturday,10,Local,0
1705736700,2024-01-20 10:45:00,2024-01-20,10:45:00,1868,0,0,0,1,0,234.3,232.6,150.0,0.1,January,Saturday,10,Local,0
1705737600,2024-01-20 11:00:00,2024-01-20,11:00:00,1869,0,0,0,1,0,231.4,234.1,150.0,0.1,January,Saturday,11,Local,0
1705738500,2024-01-20 11:15:00,2024-01-20,11:15:00,1870,0,0,0,0,0,225.8,223.9,0.0,0.1,January,Saturday,11,Local,0
1705739400,2024-01-20 11:30:00,2024-01-20,11:30:00,1871,0,0,0,1,0,226.6,222.4,150.0,0.1,January,Saturday,11,Local,0
1705740300,2024-01-20 11:45:00,2024-01-20,11:45:00,1872,0,0,0,0,0,230.1,230.7,1500.0,0.4636,January,Saturday,11,Local,0
1705741200,2024-01-20 12:00:00,2024-01-20,12:00:00,1873,0,0,0,1,0,234.3,234.9,150.0,0.1,January,Saturday,12,Local,0
1705742100,2024-01-20 12:15:00,2024-01-20,12:15:00,1874,0,1,1,1,0,229.0,228.3,5650.0,1.5637,January,Saturday,12,Local,0
1705743000,2024-01-20 12:30:00,2024-01-20,12:30:00,1875,0,0,0,1,0,232.7,233.5,150.0,0.1,January,Saturday,12,Local,0
1705743900,2024-01-20 12:45:00,2024-01-20,12:45:00,1876,1,0,0,0,0,226.0,226.2,150.0,0.1,January,Saturday,12,Local,0
1705744800,2024-01-20 13:00:00,2024-01-20,13:00:00,1877,0,0,0,1,0,227.3,230.2,150.0,0.1,January,Saturday,13,Local,0
1705745700,2024-01-20 13:15:00,2024-01-20,13:15:00,1878,0,1,0,1,0,228.4,229.9,2650.0,0.8242,January,Saturday,13,Local,0
1705746600,2024-01-20 13:30:00,2024-01-20,13:30:00,1879,1,0,0,1,0,231.2,229.4,300.0,0.1,January,Saturday,13,Local,0
1705747500,2024-01-20 13:45:00,2024-01-20,13:45:00,1880,0,0,0,0,0,224.4,223.9,0.0,0.1,January,Saturday,13,Local,0
1705748400,2024-01-20 14:00:00,2024-01-20,14:00:00,1881,0,0,0,1,0,227.5,227.3,150.0,0.1,January,Saturday,14,Local,0
1705749300,2024-01-20 14:15:00,2024-01-20,14:15:00,1882,1,0,0,1,0,227.9,230.2,300.0,0.1141,January,Saturday,14,Local,0
1705750200,2024-01-20 14:30:00,2024-01-20,14:30:00,1883,0,0,0,1,0,231.9,231.7,150.0,0.1,January,Saturday,14,Local,0
1705751100,2024-01-20 14:45:00,2024-01-20,14:45:00,1884,0,0,0,0,0,229.7,228.3,0.0,0.1,January,Saturday,14,Local,0
1705752000,2024-01-20 15:00:00,2024-01-20,15:00:00,1885,0,0,0,0,0,227.1,226.7,0.0,0.1,January,Saturday,15,Local,0
1705752900,2024-01-20 15:15:00,2024-01-20,15:15:00,1886,0,1,0,1,0,230.1,229.5,2650.0,0.6681,January,Saturday,15,Local,0
1705753800,2024-01-20 15:30:00,2024-01-20,15:30:00,1887,0,0,0,1,0,230.0,226.7,150.0,0.1,January,Saturday,15,Local,0
1705754700,2024-01-20 15:45:00,2024-01-20,15:45:00,1888,1,1,0,0,0,229.3,226.7,2650.0,0.7966,January,Saturday,15,Local,0
1705755600,2024-01-20 16:00:00,2024-01-20,16:00:00,1889,0,1,0,1,0,229.2,228.8,2650.0,0.8012,January,Saturday,16,Local,0
1705756500,2024-01-20 16:15:00,2024-01-20,16:15:00,1890,0,0,0,1,0,228.2,226.0,150.0,0.1,January,Saturday,16,Local,0
1705757400,2024-01-20 16:30:00,2024-01-20,16:30:00,1891,0,1,0,0,0,228.6,228.0,2500.0,0.6422,January,Saturday,16,Local,0
1705758300,2024-01-20 16:45:00,2024-01-20,16:45:00,1892,0,0,1,0,0,233.3,235.5,3000.0,0.9726,January,Saturday,16,Local,0
1705759200,2024-01-20 17:00:00,2024-01-20,17:00:00,1893,0,0,0,1,0,232.1,232.8,150.0,0.1,January,Saturday,17,Local,0
1705760100,2024-01-20 17:15:00,2024-01-20,17:15:00,1894,0,0,1,1,0,231.0,227.8,3150.0,1.0979,January,Saturday,17,Local,0
1705761000,2024-01-20 17:30:00,2024-01-20,17:30:00,1895,0,1,0,1,1,225.6,224.4,3850.0,1.244,January,Saturday,17,Local,0
1705761900,2024-01-20 17:45:00,2024-01-20,17:45:00,1896,1,0,0,0,0,225.0,228.2,150.0,0.1,January,Saturday,17,Local,0
1705762800,2024-01-20 18:00:00,2024-01-20,18:00:00,1897,1,1,1,0,1,231.0,229.4,6850.0,1.7763,January,Saturday,18,Local,0
1705763700,2024-01-20 18:15:00,2024-01-20,18:15:00,1898,1,0,1,1,0,228.2,226.0,3800.0,1.1004,January,Saturday,18,Local,0
1705764600,2024-01-20 18:30:00,2024-01-20,18:30:00,1899,1,0,1,1,0,227.3,229.5,3300.0,0.8985,January,Saturday,18,Local,0
1705765500,2024-01-20 18:45:00,2024-01-20,18:45:00,1900,1,0,1,0,0,230.3,231.6,3150.0,1.0122,January,Saturday,18,Local,0
1705766400,2024-01-20 19:00:00,2024-01-20,19:00:00,1901,1,0,1,1,1,233.1,229.1,4500.0,1.5116,January,Saturday,19,Local,0
1705767300,2024-01-20 19:15:00,2024-01-20,19:15:00,1902,1,0,0,1,0,230.9,228.9,300.0,0.1083,January,Saturday,19,Local,0
1705768200,2024-01-20 19:30:00,2024-01-20,19:30:00,1903,1,0,0,1,1,223.8,219.0,1500.0,0.3887,January,Saturday,19,Local,0
1705769100,2024-01-20 19:45:00,2024-01-20,19:45:00,1904,1,0,0,0,0,227.6,226.5,150.0,0.1,January,Saturday,19,Local,0
1705770000,2024-01-20 20:00:00,2024-01-20,20:00:00,1905,1,0,0,1,0,225.1,223.6,300.0,0.1,January,Saturday,20,Local,0
1705770900,2024-01-20 20:15:00,2024-01-20,20:15:00,1906,1,0,1,1,0,229.1,231.7,3300.0,0.7654,January,Saturday,20,Local,0
1705771800,2024-01-20 20:30:00,2024-01-20,20:30:00,1907,1,0,1,1,0,231.7,232.5,3300.0,1.0362,January,Saturday,20,Local,0
1705772700,2024-01-20 20:45:00,2024-01-20,20:45:00,1908,1,0,1,0,0,234.2,231.5,3150.0,1.1107,January,Saturday,20,Local,0
1705773600,2024-01-20 21:00:00,2024-01-20,21:00:00,1909,1,0,1,1,1,232.8,233.4,4500.0,1.5952,January,Saturday,21,Local,0
1705774500,2024-01-20 21:15:00,2024-01-20,21:15:00,1910,1,0,1,1,0,227.8,225.9,3300.0,0.89,January,Saturday,21,Local,0
1705775400,2024-01-20 21:30:00,2024-01-20,21:30:00,1911,1,0,0,1,0,227.9,224.2,300.0,0.1,January,Saturday,21,Local,0
1705776300,2024-01-20 21:45:00,2024-01-20,21:45:00,1912,1,0,0,0,0,232.3,232.2,150.0,0.1,January,Saturday,21,Local,0
1705777200,2024-01-20 22:00:00,2024-01-20,22:00:00,1913,1,0,0,1,1,233.2,233.5,1500.0,1.088,January,Saturday,22,Local,1
1705778100,2024-01-20 22:15:00,2024-01-20,22:15:00,1914,1,0,1,1,0,233.2,231.0,3300.0,1.2082,January,Saturday,22,Local,0
1705779000,2024-01-20 22:30:00,2024-01-20,22:30:00,1915,1,0,0,1,1,229.1,230.2,1500.0,0.4508,January,Saturday,22,Local,0
1705779900,2024-01-20 22:45:00,2024-01-20,22:45:00,1916,0,0,0,0,0,232.9,232.3,0.0,0.1,January,Saturday,22,Local,0
1705780800,2024-01-20 23:00:00,2024-01-20,23:00:00,1917,1,0,0,1,0,227.4,229.5,300.0,0.1,January,Saturday,23,Local,0
1705781700,2024-01-20 23:15:00,2024-01-20,23:15:00,1918,0,0,0,1,0,232.7,232.6,650.0,0.1637,January,Saturday,23,Local,0
1705782600,2024-01-20 23:30:00,2024-01-20,23:30:00,1919,0,0,0,1,0,233.2,233.5,150.0,0.1,January,Saturday,23,Local,0
1705783500,2024-01-20 23:45:00,2024-01-20,23:45:00,1920,0,0,0,1,0,237.1,238.8,150.0,0.1,January,Saturday,23,Local,0
1705784400,2024-01-21 00:00:00,2024-01-21,00:00:00,1921,0,0,0,0,0,226.3,222.7,0.0,0.1,January,Sunday,0,Local,0
1705785300,2024-01-21 00:15:00,2024-01-21,00:15:00,1922,0,0,0,0,0,227.8,227.9,0.0,0.1,January,Sunday,0,Local,0
1705786200,2024-01-21 00:30:00,2024-01-21,00:30:00,1923,0,0,0,1,0,228.1,226.8,150.0,0.1,January,Sunday,0,Local,0
1705787100,2024-01-21 00:45:00,2024-01-21,00:45:00,1924,0,0,0,0,0,228.1,225.3,0.0,0.1,January,Sunday,0,Local,0
1705788000,2024-01-21 01:00:00,2024-01-21,01:00:00,1925,0,0,0,1,0,228.7,230.0,150.0,0.1,January,Sunday,1,Local,0
1705788900,2024-01-21 01:15:00,2024-01-21,01:15:00,1926,0,0,0,1,0,233.1,236.3,150.0,0.1,January,Sunday,1,Local,0
1705789800,2024-01-21 01:30:00,2024-01-21,01:30:00,1927,0,0,0,1,0,228.5,228.1,150.0,0.1,January,Sunday,1,Local,0
1705790700,2024-01-21 01:45:00,2024-01-21,01:45:00,1928,0,0,0,0,0,230.2,231.1,0.0,0.1,January,Sunday,1,Local,0
1705791600,2024-01-21 02:00:00,2024-01-21,02:00:00,1929,0,0,0,1,0,227.7,226.8,150.0,0.1,January,Sunday,2,Local,0
1705792500,2024-01-21 02:15:00,2024-01-21,02:15:00,1930,0,0,0,1,0,223.9,225.8,150.0,0.1,January,Sunday,2,Local,0
1705793400,2024-01-21 02:30:00,2024-01-21,02:30:00,1931,0,0,0,1,0,234.5,238.3,150.0,0.1,January,Sunday,2,Local,0
1705794300,2024-01-21 02:45:00,2024-01-21,02:45:00,1932,0,0,0,0,0,233.2,233.5,0.0,0.1,January,Sunday,2,Local,0
1705795200,2024-01-21 03:00:00,2024-01-21,03:00:00,1933,0,0,0,1,0,230.6,233.9,150.0,0.1,January,Sunday,3,Local,0
1705796100,2024-01-21 03:15:00,2024-01-21,03:15:00,1934,0,0,0,1,0,234.9,232.2,150.0,0.1,January,Sunday,3,Local,0
1705797000,2024-01-21 03:30:00,2024-01-21,03:30:00,1935,0,0,0,1,0,231.7,231.3,150.0,0.1,January,Sunday,3,Local,0
1705797900,2024-01-21 03:45:00,2024-01-21,03:45:00,1936,0,0,0,0,0,233.7,233.2,0.0,0.1,January,Sunday,3,Local,0
1705798800,2024-01-21 04:00:00,2024-01-21,04:00:00,1937,0,0,0,1,0,230.5,230.4,150.0,0.1,January,Sunday,4,Local,0
1705799700,2024-01-21 04:15:00,2024-01-21,04:15:00,1938,0,0,0,1,0,228.8,230.4,150.0,0.1,January,Sunday,4,Local,0
1705800600,2024-01-21 04:30:00,2024-01-21,04:30:00,1939,0,0,0,1,0,228.7,227.8,150.0,0.1,January,Sunday,4,Local,0
1705801500,2024-01-21 04:45:00,2024-01-21,04:45:00,1940,0,0,0,0,0,233.9,237.1,0.0,0.1,January,Sunday,4,Local,0
1705802400,2024-01-21 05:00:00,2024-01-21,05:00:00,1941,0,0,0,1,0,228.1,226.8,1650.0,0.5758,January,Sunday,5,Local,0
1705803300,2024-01-21 05:15:00,2024-01-21,05:15:00,1942,0,0,0,1,0,233.9,233.5,150.0,0.1,January,Sunday,5,Local,0
1705804200,2024-01-21 05:30:00,2024-01-21,05:30:00,1943,0,0,0,1,0,231.5,231.0,150.0,0.1,January,Sunday,5,Local,0
1705805100,2024-01-21 05:45:00,2024-01-21,05:45:00,1944,0,0,0,0,0,228.6,227.5,0.0,0.1,January,Sunday,5,Local,0
1705806000,2024-01-21 06:00:00,2024-01-21,06:00:00,1945,0,0,0,1,0,234.2,233.5,150.0,0.1,January,Sunday,6,Local,0
1705806900,2024-01-21 06:15:00,2024-01-21,06:15:00,1946,0,0,0,1,0,229.5,228.7,150.0,0.1,January,Sunday,6,Local,0
1705807800,2024-01-21 06:30:00,2024-01-21,06:30:00,1947,0,0,0,1,0,235.0,234.6,150.0,0.1,January,Sunday,6,Local,0
1705808700,2024-01-21 06:45:00,2024-01-21,06:45:00,1948,0,0,0,0,0,229.6,230.1,2000.0,0.5395,January,Sunday,6,Local,0
1705809600,2024-01-21 07:00:00,2024-01-21,07:00:00,1949,0,0,0,1,0,224.3,224.3,150.0,0.1,January,Sunday,7,Local,0
1705810500,2024-01-21 07:15:00,2024-01-21,07:15:00,1950,1,0,0,1,0,230.1,228.9,300.0,0.1,January,Sunday,7,Local,0
1705811400,2024-01-21 07:30:00,2024-01-21,07:30:00,1951,0,0,0,1,1,228.5,228.6,1350.0,0.351,January,Sunday,7,Local,0
1705812300,2024-01-21 07:45:00,2024-01-21,07:45:00,1952,0,0,0,0,0,234.0,229.5,0.0,0.1,January,Sunday,7,Local,0
1705813200,2024-01-21 08:00:00,2024-01-21,08:00:00,1953,1,0,0,1,0,230.2,229.5,300.0,0.1,January,Sunday,8,Local,0
1705814100,2024-01-21 08:15:00,2024-01-21,08:15:00,1954,0,0,0,1,0,227.4,227.2,150.0,0.1,January,Sunday,8,Local,0
1705815000,2024-01-21 08:30:00,2024-01-21,08:30:00,1955,0,0,0,1,0,231.4,231.5,150.0,0.1,January,Sunday,8,Local,0
1705815900,2024-01-21 08:45:00,2024-01-21,08:45:00,1956,1,0,0,0,0,229.8,227.5,150.0,0.1,January,Sunday,8,Local,0
1705816800,2024-01-21 09:00:00,2024-01-21,09:00:00,1957,0,0,0,1,0,231.2,229.4,150.0,0.1,January,Sunday,9,Local,0
1705817700,2024-01-21 09:15:00,2024-01-21,09:15:00,1958,0,0,0,1,0,228.1,230.6,150.0,0.1,January,Sunday,9,Local,0
1705818600,2024-01-21 09:30:00,2024-01-21,09:30:00,1959,0,1,1,1,0,228.5,228.1,5650.0,1.7675,January,Sunday,9,Local,0
1705819500,2024-01-21 09:45:00,2024-01-21,09:45:00,1960,0,0,0,0,0,231.0,230.2,0.0,0.1,January,Sunday,9,Local,0
1705820400,2024-01-21 10:00:00,2024-01-21,10:00:00,1961,0,1,0,1,0,231.5,231.0,2650.0,0.852,January,Sunday,10,Local,0
1705821300,2024-01-21 10:15:00,2024-01-21,10:15:00,1962,0,0,0,1,0,230.4,228.3,150.0,0.1,January,Sunday,10,Local,0
1705822200,2024-01-21 10:30:00,2024-01-21,10:30:00,1963,0,0,0,1,0,227.8,229.0,150.0,0.1,January,Sunday,10,Local,0
1705823100,2024-01-21 10:45:00,2024-01-21,10:45:00,1964,0,0,0,1,0,230.9,232.8,150.0,0.1,January,Sunday,10,Local,0
1705824000,2024-01-21 11:00:00,2024-01-21,11:00:00,1965,0,1,0,1,0,229.8,228.5,2650.0,0.8502,January,Sunday,11,Local,0
1705824900,2024-01-21 11:15:00,2024-01-21,11:15:00,1966,0,0,0,1,0,231.7,229.1,150.0,0.1,January,Sunday,11,Local,0
1705825800,2024-01-21 11:30:00,2024-01-21,11:30:00,1967,1,0,0,1,0,229.9,231.0,300.0,0.1,January,Sunday,11,Local,0
1705826700,2024-01-21 11:45:00,2024-01-21,11:45:00,1968,0,0,0,0,0,229.0,228.9,0.0,0.1,January,Sunday,11,Local,0
1705827600,2024-01-21 12:00:00,2024-01-21,12:00:00,1969,0,1,0,1,0,227.3,229.8,2650.0,0.7784,January,Sunday,12,Local,0
1705828500,2024-01-21 12:15:00,2024-01-21,12:15:00,1970,0,0,0,1,0,228.4,226.9,150.0,0.1,January,Sunday,12,Local,0
1705829400,2024-01-21 12:30:00,2024-01-21,12:30:00,1971,0,0,0,0,0,231.5,232.2,0.0,0.1,January,Sunday,12,Local,0
1705830300,2024-01-21 12:45:00,2024-01-21,12:45:00,1972,0,0,1,0,0,226.9,228.7,3000.0,0.9011,January,Sunday,12,Local,0
1705831200,2024-01-21 13:00:00,2024-01-21,13:00:00,1973,1,0,0,1,0,231.2,232.1,300.0,0.1,January,Sunday,13,Local,0
1705832100,2024-01-21 13:15:00,2024-01-21,13:15:00,1974,0,0,0,1,0,230.4,228.9,150.0,0.1,January,Sunday,13,Local,0
1705833000,2024-01-21 13:30:00,2024-01-21,13:30:00,1975,0,0,0,0,0,233.7,232.5,0.0,0.1,January,Sunday,13,Local,0
1705833900,2024-01-21 13:45:00,2024-01-21,13:45:00,1976,0,0,1,0,0,229.7,228.4,3000.0,0.937,January,Sunday,13,Local,0
1705834800,2024-01-21 14:00:00,2024-01-21,14:00:00,1977,0,0,0,1,0,229.3,225.9,150.0,0.1,January,Sunday,14,Local,0
1705835700,2024-01-21 14:15:00,2024-01-21,14:15:00,1978,0,0,0,1,0,232.3,230.1,150.0,0.1,January,Sunday,14,Local,0
1705836600,2024-01-21 14:30:00,2024-01-21,14:30:00,1979,0,0,0,1,0,228.5,229.7,150.0,0.1,January,Sunday,14,Local,0
1705837500,2024-01-21 14:45:00,2024-01-21,14:45:00,1980,0,0,0,0,0,230.2,231.1,0.0,0.1,January,Sunday,14,Local,0
1705838400,2024-01-21 15:00:00,2024-01-21,15:00:00,1981,0,1,0,1,1,228.9,228.9,3850.0,1.3342,January,Sunday,15,Local,0
1705839300,2024-01-21 15:15:00,2024-01-21,15:15:00,1982,0,0,0,1,0,226.1,226.4,150.0,0.1,January,Sunday,15,Local,0
1705840200,2024-01-21 15:30:00,2024-01-21,15:30:00,1983,0,1,0,1,0,227.1,228.2,2650.0,0.7201,January,Sunday,15,Local,0
1705841100,2024-01-21 15:45:00,2024-01-21,15:45:00,1984,0,1,0,0,0,228.6,230.8,2500.0,0.7021,January,Sunday,15,Local,0
1705842000,2024-01-21 16:00:00,2024-01-21,16:00:00,1985,0,1,0,1,0,231.2,233.3,2650.0,0.748,January,Sunday,16,Local,0
1705842900,2024-01-21 16:15:00,2024-01-21,16:15:00,1986,0,1,0,1,0,228.8,227.4,2650.0,0.7675,January,Sunday,16,Local,0
1705843800,2024-01-21 16:30:00,2024-01-21,16:30:00,1987,1,1,0,1,0,232.6,235.0,2800.0,0.8113,January,Sunday,16,Local,0
1705844700,2024-01-21 16:45:00,2024-01-21,16:45:00,1988,0,0,1,0,0,230.3,230.6,3000.0,0.9002,January,Sunday,16,Local,0
1705845600,2024-01-21 17:00:00,2024-01-21,17:00:00,1989,1,0,0,1,0,228.3,228.3,300.0,0.1,January,Sunday,17,Local,0
1705846500,2024-01-21 17:15:00,2024-01-21,17:15:00,1990,1,0,0,1,1,228.8,229.3,1500.0,0.4119,January,Sunday,17,Local,0
1705847400,2024-01-21 17:30:00,2024-01-21,17:30:00,1991,1,0,0,1,0,233.2,230.2,2300.0,0.7503,January,Sunday,17,Local,0
1705848300,2024-01-21 17:45:00,2024-01-21,17:45:00,1992,0,0,1,0,0,230.9,230.7,3000.0,0.9897,January,Sunday,17,Local,0
1705849200,2024-01-21 18:00:00,2024-01-21,18:00:00,1993,1,0,0,1,0,232.3,228.9,300.0,0.1,January,Sunday,18,Local,0
1705850100,2024-01-21 18:15:00,2024-01-21,18:15:00,1994,0,1,1,1,1,229.4,228.8,6850.0,2.3586,January,Sunday,18,Local,0
1705851000,2024-01-21 18:30:00,2024-01-21,18:30:00,1995,1,0,1,1,1,229.5,229.5,4500.0,1.3678,January,Sunday,18,Local,0
1705851900,2024-01-21 18:45:00,2024-01-21,18:45:00,1996,1,1,1,0,1,233.7,235.2,6850.0,2.062,January,Sunday,18,Local,0
1705852800,2024-01-21 19:00:00,2024-01-21,19:00:00,1997,1,0,0,0,0,237.0,237.2,150.0,0.1,January,Sunday,19,Local,0
1705853700,2024-01-21 19:15:00,2024-01-21,19:15:00,1998,1,0,1,1,0,231.3,233.9,3300.0,1.1125,January,Sunday,19,Local,0
1705854600,2024-01-21 19:30:00,2024-01-21,19:30:00,1999,1,0,1,0,1,236.4,237.6,4350.0,1.4102,January,Sunday,19,Local,0
1705855500,2024-01-21 19:45:00,2024-01-21,19:45:00,2000,1,0,1,0,1,229.7,229.7,4350.0,1.258,January,Sunday,19,Local,0
1705856400,2024-01-21 20:00:00,2024-01-21,20:00:00,2001,1,0,1,1,0,228.0,226.8,3300.0,0.964,January,Sunday,20,Local,0
1705857300,2024-01-21 20:15:00,2024-01-21,20:15:00,2002,1,0,0,1,0,233.5,230.3,300.0,0.1,January,Sunday,20,Local,0
1705858200,2024-01-21 20:30:00,2024-01-21,20:30:00,2003,1,0,1,1,1,229.0,227.0,4500.0,1.3667,January,Sunday,20,Local,0
1705859100,2024-01-21 20:45:00,2024-01-21,20:45:00,2004,1,0,0,0,0,224.2,225.2,150.0,0.1,January,Sunday,20,Local,0
1705860000,2024-01-21 21:00:00,2024-01-21,21:00:00,2005,1,0,0,1,0,230.0,228.5,300.0,0.1,January,Sunday,21,Local,0
1705860900,2024-01-21 21:15:00,2024-01-21,21:15:00,2006,1,0,0,1,0,227.6,229.7,300.0,0.1049,January,Sunday,21,Local,0
1705861800,2024-01-21 21:30:00,2024-01-21,21:30:00,2007,1,0,0,1,0,230.1,231.2,300.0,0.1,January,Sunday,21,Local,0
1705862700,2024-01-21 21:45:00,2024-01-21,21:45:00,2008,1,0,1,0,0,231.2,233.2,3150.0,0.9028,January,Sunday,21,Local,0
1705863600,2024-01-21 22:00:00,2024-01-21,22:00:00,2009,1,0,0,1,0,228.0,227.1,300.0,0.1,January,Sunday,22,Local,0
1705864500,2024-01-21 22:15:00,2024-01-21,22:15:00,2010,1,0,0,1,0,234.4,235.2,300.0,0.1025,January,Sunday,22,Local,0
1705865400,2024-01-21 22:30:00,2024-01-21,22:30:00,2011,1,0,1,1,0,230.8,232.5,3300.0,1.0079,January,Sunday,22,Local,0
1705866300,2024-01-21 22:45:00,2024-01-21,22:45:00,2012,1,0,1,0,0,232.0,233.7,3150.0,0.8488,January,Sunday,22,Local,0
1705867200,2024-01-21 23:00:00,2024-01-21,23:00:00,2013,0,0,0,1,0,227.4,228.7,150.0,0.1,January,Sunday,23,Local,0
1705868100,2024-01-21 23:15:00,2024-01-21,23:15:00,2014,1,0,0,1,1,233.6,232.9,1500.0,0.4214,January,Sunday,23,Local,0
1705869000,2024-01-21 23:30:00,2024-01-21,23:30:00,2015,1,0,0,1,0,235.1,235.0,300.0,0.1,January,Sunday,23,Local,0
1705869900,2024-01-21 23:45:00,2024-01-21,23:45:00,2016,0,0,0,1,0,231.7,234.3,150.0,0.1,January,Sunday,23,Local,0
1705870800,2024-01-22 00:00:00,2024-01-22,00:00:00,2017,0,0,0,1,0,233.3,231.3,150.0,0.1,January,Monday,0,Local,0
1705871700,2024-01-22 00:15:00,2024-01-22,00:15:00,2018,0,0,0,1,0,227.3,227.4,150.0,0.1,January,Monday,0,Local,0
1705872600,2024-01-22 00:30:00,2024-01-22,00:30:00,2019,0,0,0,1,0,228.5,228.7,150.0,0.1,January,Monday,0,Local,0
1705873500,2024-01-22 00:45:00,2024-01-22,00:45:00,2020,0,0,0,1,0,228.1,226.5,150.0,0.1,January,Monday,0,Local,0
1705874400,2024-01-22 01:00:00,2024-01-22,01:00:00,2021,0,0,0,1,0,232.5,233.3,150.0,0.1,January,Monday,1,Local,0
1705875300,2024-01-22 01:15:00,2024-01-22,01:15:00,2022,0,0,0,1,0,226.1,225.3,150.0,0.1,January,Monday,1,Local,0
1705876200,2024-01-22 01:30:00,2024-01-22,01:30:00,2023,0,0,0,1,0,235.4,233.0,1650.0,0.4121,January,Monday,1,Local,0
1705877100,2024-01-22 01:45:00,2024-01-22,01:45:00,2024,0,0,0,0,0,229.2,229.0,0.0,0.1,January,Monday,1,Local,0
1705878000,2024-01-22 02:00:00,2024-01-22,02:00:00,2025,0,0,0,1,0,228.7,229.4,150.0,0.1,January,Monday,2,Local,0
1705878900,2024-01-22 02:15:00,2024-01-22,02:15:00,2026,1,0,0,1,0,233.1,231.0,300.0,0.1,January,Monday,2,Local,0
1705879800,2024-01-22 02:30:00,2024-01-22,02:30:00,2027,0,0,0,1,0,232.9,237.3,150.0,0.1,January,Monday,2,Local,0
1705880700,2024-01-22 02:45:00,2024-01-22,02:45:00,2028,0,0,0,0,0,229.2,226.1,0.0,0.1,January,Monday,2,Local,0
1705881600,2024-01-22 03:00:00,2024-01-22,03:00:00,2029,0,0,0,1,0,231.1,233.1,150.0,0.1,January,Monday,3,Local,0
1705882500,2024-01-22 03:15:00,2024-01-22,03:15:00,2030,0,0,0,1,0,232.1,232.5,150.0,0.1,January,Monday,3,Local,0
1705883400,2024-01-22 03:30:00,2024-01-22,03:30:00,2031,0,0,0,1,0,236.4,236.0,150.0,0.1,January,Monday,3,Local,0
1705884300,2024-01-22 03:45:00,2024-01-22,03:45:00,2032,0,0,0,0,0,227.6,229.1,0.0,0.1,January,Monday,3,Local,0
1705885200,2024-01-22 04:00:00,2024-01-22,04:00:00,2033,0,0,0,1,0,227.1,225.0,150.0,0.1,January,Monday,4,Local,0
1705886100,2024-01-22 04:15:00,2024-01-22,04:15:00,2034,0,0,0,1,0,226.8,223.2,1150.0,0.3482,January,Monday,4,Local,0
1705887000,2024-01-22 04:30:00,2024-01-22,04:30:00,2035,0,0,0,1,0,228.8,226.5,150.0,0.1,January,Monday,4,Local,0
1705887900,2024-01-22 04:45:00,2024-01-22,04:45:00,2036,0,0,0,0,0,223.0,224.1,0.0,0.1,January,Monday,4,Local,0
1705888800,2024-01-22 05:00:00,2024-01-22,05:00:00,2037,0,0,0,1,0,228.8,228.8,150.0,0.1,January,Monday,5,Local,0
1705889700,2024-01-22 05:15:00,2024-01-22,05:15:00,2038,0,0,0,1,0,227.1,223.3,150.0,0.1,January,Monday,5,Local,0
1705890600,2024-01-22 05:30:00,2024-01-22,05:30:00,2039,0,0,0,0,0,235.6,236.3,0.0,0.1,January,Monday,5,Local,0
1705891500,2024-01-22 05:45:00,2024-01-22,05:45:00,2040,0,0,0,0,0,231.5,230.6,0.0,0.1,January,Monday,5,Local,0
1705892400,2024-01-22 06:00:00,2024-01-22,06:00:00,2041,0,0,0,1,0,224.3,219.7,150.0,0.1,January,Monday,6,Local,0
1705893300,2024-01-22 06:15:00,2024-01-22,06:15:00,2042,0,0,0,1,0,228.4,226.9,150.0,0.1,January,Monday,6,Local,0
1705894200,2024-01-22 06:30:00,2024-01-22,06:30:00,2043,0,0,0,1,0,230.0,228.0,150.0,0.1,January,Monday,6,Local,0
1705895100,2024-01-22 06:45:00,2024-01-22,06:45:00,2044,0,0,0,0,0,225.3,225.1,0.0,0.1,January,Monday,6,Local,0
1705896000,2024-01-22 07:00:00,2024-01-22,07:00:00,2045,0,0,0,1,0,235.4,233.4,150.0,0.1,January,Monday,7,Local,0
1705896900,2024-01-22 07:15:00,2024-01-22,07:15:00,2046,0,0,0,1,0,228.1,230.9,150.0,0.1,January,Monday,7,Local,0
1705897800,2024-01-22 07:30:00,2024-01-22,07:30:00,2047,0,0,0,1,0,220.3,219.5,150.0,0.1,January,Monday,7,Local,0
1705898700,2024-01-22 07:45:00,2024-01-22,07:45:00,2048,0,0,0,0,0,231.9,231.3,0.0,0.1,January,Monday,7,Local,0
1705899600,2024-01-22 08:00:00,2024-01-22,08:00:00,2049,0,0,0,1,0,235.5,236.1,150.0,0.1,January,Monday,8,Local,0
1705900500,2024-01-22 08:15:00,2024-01-22,08:15:00,2050,0,0,0,1,0,233.5,230.6,150.0,0.1,January,Monday,8,Local,0
1705901400,2024-01-22 08:30:00,2024-01-22,08:30:00,2051,0,0,0,1,0,230.3,233.7,150.0,0.1,January,Monday,8,Local,0
1705902300,2024-01-22 08:45:00,2024-01-22,08:45:00,2052,0,1,0,0,0,229.1,229.7,2500.0,0.7704,January,Monday,8,Local,0
1705903200,2024-01-22 09:00:00,2024-01-22,09:00:00,2053,0,0,0,1,0,233.8,230.1,150.0,0.1,January,Monday,9,Local,0
1705904100,2024-01-22 09:15:00,2024-01-22,09:15:00,2054,0,0,0,1,0,232.7,236.3,150.0,0.1,January,Monday,9,Local,0
1705905000,2024-01-22 09:30:00,2024-01-22,09:30:00,2055,0,0,0,1,0,226.9,229.1,150.0,0.1,January,Monday,9,Local,0
1705905900,2024-01-22 09:45:00,2024-01-22,09:45:00,2056,0,0,0,0,0,231.8,231.8,0.0,0.1,January,Monday,9,Local,0
1705906800,2024-01-22 10:00:00,2024-01-22,10:00:00,2057,1,1,0,1,0,233.1,236.6,2800.0,0.8242,January,Monday,10,Local,0
1705907700,2024-01-22 10:15:00,2024-01-22,10:15:00,2058,0,0,0,1,0,227.8,226.2,150.0,0.1,January,Monday,10,Local,0
1705908600,2024-01-22 10:30:00,2024-01-22,10:30:00,2059,0,0,0,0,0,227.9,227.0,0.0,0.1,January,Monday,10,Local,0
1705909500,2024-01-22 10:45:00,2024-01-22,10:45:00,2060,0,0,0,0,0,227.1,224.6,0.0,0.1,January,Monday,10,Local,0
1705910400,2024-01-22 11:00:00,2024-01-22,11:00:00,2061,0,0,1,1,0,228.0,230.0,3150.0,0.8651,January,Monday,11,Local,0
1705911300,2024-01-22 11:15:00,2024-01-22,11:15:00,2062,0,0,0,1,0,229.5,230.3,150.0,0.1,January,Monday,11,Local,0
1705912200,2024-01-22 11:30:00,2024-01-22,11:30:00,2063,0,0,0,1,0,233.9,232.5,150.0,0.1,January,Monday,11,Local,0
1705913100,2024-01-22 11:45:00,2024-01-22,11:45:00,2064,0,0,0,0,0,227.5,225.7,0.0,0.1,January,Monday,11,Local,0
1705914000,2024-01-22 12:00:00,2024-01-22,12:00:00,2065,0,0,0,1,0,228.5,232.1,950.0,0.2576,January,Monday,12,Local,0
1705914900,2024-01-22 12:15:00,2024-01-22,12:15:00,2066,0,0,0,1,0,230.3,230.2,150.0,0.1,January,Monday,12,Local,0
1705915800,2024-01-22 12:30:00,2024-01-22,12:30:00,2067,0,0,0,1,0,233.0,233.8,150.0,0.1,January,Monday,12,Local,0
1705916700,2024-01-22 12:45:00,2024-01-22,12:45:00,2068,0,1,1,0,1,228.3,226.4,6700.0,2.308,January,Monday,12,Local,0
1705917600,2024-01-22 13:00:00,2024-01-22,13:00:00,2069,0,0,0,1,0,228.4,228.8,150.0,0.1,January,Monday,13,Local,0
1705918500,2024-01-22 13:15:00,2024-01-22,13:15:00,2070,0,0,0,1,0,229.0,229.1,150.0,0.1,January,Monday,13,Local,0
1705919400,2024-01-22 13:30:00,2024-01-22,13:30:00,2071,1,1,0,1,0,227.1,227.4,2800.0,0.7318,January,Monday,13,Local,0
1705920300,2024-01-22 13:45:00,2024-01-22,13:45:00,2072,0,0,0,0,0,227.9,227.1,0.0,0.1,January,Monday,13,Local,0
1705921200,2024-01-22 14:00:00,2024-01-22,14:00:00,2073,0,0,0,1,0,228.9,228.5,150.0,0.1,January,Monday,14,Local,0
1705922100,2024-01-22 14:15:00,2024-01-22,14:15:00,2074,0,0,0,1,0,229.5,230.4,150.0,0.1,January,Monday,14,Local,0
1705923000,2024-01-22 14:30:00,2024-01-22,14:30:00,2075,0,0,0,1,0,232.4,234.3,150.0,0.1,January,Monday,14,Local,0
1705923900,2024-01-22 14:45:00,2024-01-22,14:45:00,2076,0,1,0,0,0,229.6,226.5,2500.0,0.6306,January,Monday,14,Local,0
1705924800,2024-01-22 15:00:00,2024-01-22,15:00:00,2077,1,0,0,1,0,225.7,225.6,300.0,0.1,January,Monday,15,Local,0
1705925700,2024-01-22 15:15:00,2024-01-22,15:15:00,2078,0,1,0,1,0,229.3,232.3,2650.0,0.8169,January,Monday,15,Local,0
1705926600,2024-01-22 15:30:00,2024-01-22,15:30:00,2079,0,0,0,1,0,228.8,225.5,150.0,0.1,January,Monday,15,Local,0
1705927500,2024-01-22 15:45:00,2024-01-22,15:45:00,2080,0,0,0,0,0,232.4,232.6,0.0,0.1,January,Monday,15,Local,0
1705928400,2024-01-22 16:00:00,2024-01-22,16:00:00,2081,0,0,0,1,1,233.3,233.4,1350.0,0.4167,January,Monday,16,Local,0
1705929300,2024-01-22 16:15:00,2024-01-22,16:15:00,2082,0,0,0,0,0,229.2,229.6,0.0,0.1,January,Monday,16,Local,0
1705930200,2024-01-22 16:30:00,2024-01-22,16:30:00,2083,0,0,0,1,0,231.2,232.5,150.0,0.1,January,Monday,16,Local,0
1705931100,2024-01-22 16:45:00,2024-01-22,16:45:00,2084,0,1,0,0,0,224.6,225.7,2500.0,0.688,January,Monday,16,Local,0
1705932000,2024-01-22 17:00:00,2024-01-22,17:00:00,2085,0,0,0,1,0,229.7,232.0,150.0,0.1,January,Monday,17,Local,0
1705932900,2024-01-22 17:15:00,2024-01-22,17:15:00,2086,0,0,0,1,0,230.1,225.9,150.0,0.1,January,Monday,17,Local,0
1705933800,2024-01-22 17:30:00,2024-01-22,17:30:00,2087,0,0,1,0,0,232.4,234.2,3000.0,0.9332,January,Monday,17,Local,0
1705934700,2024-01-22 17:45:00,2024-01-22,17:45:00,2088,1,0,0,0,0,234.2,234.6,150.0,0.1,January,Monday,17,Local,0
1705935600,2024-01-22 18:00:00,2024-01-22,18:00:00,2089,1,0,0,1,0,228.5,230.1,300.0,0.1,January,Monday,18,Local,0
1705936500,2024-01-22 18:15:00,2024-01-22,18:15:00,2090,0,0,1,1,0,226.0,224.1,3150.0,0.7696,January,Monday,18,Local,0
1705937400,2024-01-22 18:30:00,2024-01-22,18:30:00,2091,1,1,1,0,0,229.3,229.5,5650.0,1.7563,January,Monday,18,Local,0
1705938300,2024-01-22 18:45:00,2024-01-22,18:45:00,2092,1,0,0,0,1,227.0,228.7,1350.0,0.3972,January,Monday,18,Local,0
1705939200,2024-01-22 19:00:00,2024-01-22,19:00:00,2093,1,0,0,1,0,229.5,231.5,300.0,0.1,January,Monday,19,Local,0
1705940100,2024-01-22 19:15:00,2024-01-22,19:15:00,2094,0,0,1,1,0,229.9,235.1,3150.0,1.0561,January,Monday,19,Local,0
1705941000,2024-01-22 19:30:00,2024-01-22,19:30:00,2095,1,0,0,0,1,235.4,232.8,1350.0,0.4086,January,Monday,19,Local,0
1705941900,2024-01-22 19:45:00,2024-01-22,19:45:00,2096,1,0,0,0,0,224.7,222.1,150.0,0.1,January,Monday,19,Local,0
1705942800,2024-01-22 20:00:00,2024-01-22,20:00:00,2097,1,0,0,1,0,228.4,227.7,300.0,0.1,January,Monday,20,Local,0
1705943700,2024-01-22 20:15:00,2024-01-22,20:15:00,2098,1,0,1,1,0,229.4,229.8,3300.0,0.8303,January,Monday,20,Local,0
1705944600,2024-01-22 20:30:00,2024-01-22,20:30:00,2099,1,1,0,1,0,229.5,231.6,2800.0,0.849,January,Monday,20,Local,0
1705945500,2024-01-22 20:45:00,2024-01-22,20:45:00,2100,1,0,0,1,1,230.6,233.2,1500.0,0.4757,January,Monday,20,Local,0
1705946400,2024-01-22 21:00:00,2024-01-22,21:00:00,2101,1,0,0,1,0,229.2,228.7,300.0,0.1,January,Monday,21,Local,0
1705947300,2024-01-22 21:15:00,2024-01-22,21:15:00,2102,1,0,0,1,0,231.4,231.4,300.0,0.1,January,Monday,21,Local,0
1705948200,2024-01-22 21:30:00,2024-01-22,21:30:00,2103,1,0,0,1,0,224.8,229.0,300.0,0.1,January,Monday,21,Local,0
1705949100,2024-01-22 21:45:00,2024-01-22,21:45:00,2104,1,0,0,0,0,230.6,227.5,150.0,0.1,January,Monday,21,Local,0
1705950000,2024-01-22 22:00:00,2024-01-22,22:00:00,2105,1,0,0,1,0,231.1,231.3,300.0,0.1,January,Monday,22,Local,0
1705950900,2024-01-22 22:15:00,2024-01-22,22:15:00,2106,1,0,0,1,0,230.4,228.7,300.0,0.1,January,Monday,22,Local,0
1705951800,2024-01-22 22:30:00,2024-01-22,22:30:00,2107,0,0,0,1,0,231.7,230.0,1150.0,0.2906,January,Monday,22,Local,0
1705952700,2024-01-22 22:45:00,2024-01-22,22:45:00,2108,1,0,0,0,0,223.2,221.9,150.0,0.1,January,Monday,22,Local,0
1705953600,2024-01-22 23:00:00,2024-01-22,23:00:00,2109,0,0,0,1,0,230.6,230.7,150.0,0.1,January,Monday,23,Local,0
1705954500,2024-01-22 23:15:00,2024-01-22,23:15:00,2110,0,0,0,1,0,229.9,232.7,150.0,0.1,January,Monday,23,Local,0
1705955400,2024-01-22 23:30:00,2024-01-22,23:30:00,2111,1,0,0,1,1,230.8,234.4,1500.0,0.3948,January,Monday,23,Local,0
1705956300,2024-01-22 23:45:00,2024-01-22,23:45:00,2112,0,0,0,0,0,226.2,230.5,0.0,0.1,January,Monday,23,Local,0
1705957200,2024-01-23 00:00:00,2024-01-23,00:00:00,2113,0,0,0,1,0,229.9,228.6,150.0,0.1,January,Tuesday,0,Local,0
1705958100,2024-01-23 00:15:00,2024-01-23,00:15:00,2114,0,0,0,1,0,234.0,232.9,150.0,0.1,January,Tuesday,0,Local,0
1705959000,2024-01-23 00:30:00,2024-01-23,00:30:00,2115,0,0,0,1,0,227.7,226.5,150.0,0.1,January,Tuesday,0,Local,0
1705959900,2024-01-23 00:45:00,2024-01-23,00:45:00,2116,0,0,0,0,0,226.8,225.6,0.0,0.1,January,Tuesday,0,Local,0
1705960800,2024-01-23 01:00:00,2024-01-23,01:00:00,2117,0,0,0,1,0,228.4,230.6,150.0,0.1,January,Tuesday,1,Local,0
1705961700,2024-01-23 01:15:00,2024-01-23,01:15:00,2118,0,0,0,1,0,229.2,227.2,150.0,0.1,January,Tuesday,1,Local,0
1705962600,2024-01-23 01:30:00,2024-01-23,01:30:00,2119,0,0,0,1,0,231.4,232.2,150.0,0.1,January,Tuesday,1,Local,0
1705963500,2024-01-23 01:45:00,2024-01-23,01:45:00,2120,0,0,0,0,0,230.4,230.8,0.0,0.1,January,Tuesday,1,Local,0
1705964400,2024-01-23 02:00:00,2024-01-23,02:00:00,2121,0,0,0,1,0,229.7,229.2,150.0,0.1,January,Tuesday,2,Local,0
1705965300,2024-01-23 02:15:00,2024-01-23,02:15:00,2122,0,0,0,1,0,232.2,236.4,150.0,0.1,January,Tuesday,2,Local,0
1705966200,2024-01-23 02:30:00,2024-01-23,02:30:00,2123,0,0,0,1,0,227.8,226.9,150.0,0.1,January,Tuesday,2,Local,0
1705967100,2024-01-23 02:45:00,2024-01-23,02:45:00,2124,0,0,0,0,0,232.4,231.4,0.0,0.1,January,Tuesday,2,Local,0
1705968000,2024-01-23 03:00:00,2024-01-23,03:00:00,2125,0,0,0,1,0,228.7,231.4,150.0,0.1,January,Tuesday,3,Local,0
1705968900,2024-01-23 03:15:00,2024-01-23,03:15:00,2126,0,0,0,1,0,232.5,233.5,150.0,0.1,January,Tuesday,3,Local,0
1705969800,2024-01-23 03:30:00,2024-01-23,03:30:00,2127,0,0,0,1,0,226.5,223.2,150.0,0.1,January,Tuesday,3,Local,0
1705970700,2024-01-23 03:45:00,2024-01-23,03:45:00,2128,0,0,0,0,0,235.7,238.5,0.0,0.1,January,Tuesday,3,Local,0
1705971600,2024-01-23 04:00:00,2024-01-23,04:00:00,2129,0,0,0,1,0,237.0,234.3,150.0,0.1,January,Tuesday,4,Local,0
1705972500,2024-01-23 04:15:00,2024-01-23,04:15:00,2130,0,0,0,1,0,227.7,225.4,150.0,0.1,January,Tuesday,4,Local,0
1705973400,2024-01-23 04:30:00,2024-01-23,04:30:00,2131,0,0,0,0,0,226.8,227.6,0.0,0.1,January,Tuesday,4,Local,0
1705974300,2024-01-23 04:45:00,2024-01-23,04:45:00,2132,0,0,0,0,0,225.3,227.1,0.0,0.1,January,Tuesday,4,Local,0
1705975200,2024-01-23 05:00:00,2024-01-23,05:00:00,2133,0,0,0,0,0,226.6,225.7,0.0,0.1,January,Tuesday,5,Local,0
1705976100,2024-01-23 05:15:00,2024-01-23,05:15:00,2134,0,0,0,1,0,228.9,230.4,150.0,0.1,January,Tuesday,5,Local,0
1705977000,2024-01-23 05:30:00,2024-01-23,05:30:00,2135,0,0,0,1,0,231.4,232.4,150.0,0.1,January,Tuesday,5,Local,0
1705977900,2024-01-23 05:45:00,2024-01-23,05:45:00,2136,0,0,0,0,0,226.5,226.5,0.0,0.1,January,Tuesday,5,Local,0
1705978800,2024-01-23 06:00:00,2024-01-23,06:00:00,2137,0,0,0,1,0,236.0,233.7,150.0,0.1,January,Tuesday,6,Local,0
1705979700,2024-01-23 06:15:00,2024-01-23,06:15:00,2138,0,0,0,1,0,230.4,229.2,150.0,0.1,January,Tuesday,6,Local,0
1705980600,2024-01-23 06:30:00,2024-01-23,06:30:00,2139,0,0,0,1,0,225.6,228.4,150.0,0.1,January,Tuesday,6,Local,0
1705981500,2024-01-23 06:45:00,2024-01-23,06:45:00,2140,0,0,0,0,0,227.7,230.2,0.0,0.1,January,Tuesday,6,Local,0
1705982400,2024-01-23 07:00:00,2024-01-23,07:00:00,2141,0,0,0,1,0,237.1,235.2,2150.0,0.6771,January,Tuesday,7,Local,0
1705983300,2024-01-23 07:15:00,2024-01-23,07:15:00,2142,0,0,0,1,0,231.6,233.8,150.0,0.1,January,Tuesday,7,Local,0
1705984200,2024-01-23 07:30:00,2024-01-23,07:30:00,2143,0,1,0,1,0,229.6,228.1,4150.0,1.3385,January,Tuesday,7,Local,0
1705985100,2024-01-23 07:45:00,2024-01-23,07:45:00,2144,0,0,0,0,0,236.7,239.1,0.0,0.1,January,Tuesday,7,Local,0
1705986000,2024-01-23 08:00:00,2024-01-23,08:00:00,2145,0,0,0,1,0,229.9,228.4,150.0,0.1,January,Tuesday,8,Local,0
1705986900,2024-01-23 08:15:00,2024-01-23,08:15:00,2146,0,0,0,0,1,225.9,224.1,1200.0,0.3599,January,Tuesday,8,Local,0
1705987800,2024-01-23 08:30:00,2024-01-23,08:30:00,2147,0,0,0,1,1,230.6,232.4,1350.0,0.3249,January,Tuesday,8,Local,0
1705988700,2024-01-23 08:45:00,2024-01-23,08:45:00,2148,0,0,0,1,0,227.3,227.1,150.0,0.1,January,Tuesday,8,Local,0
1705989600,2024-01-23 09:00:00,2024-01-23,09:00:00,2149,0,0,0,1,0,228.7,227.2,150.0,0.1,January,Tuesday,9,Local,0
1705990500,2024-01-23 09:15:00,2024-01-23,09:15:00,2150,0,0,0,0,0,232.5,234.5,0.0,0.1,January,Tuesday,9,Local,0
1705991400,2024-01-23 09:30:00,2024-01-23,09:30:00,2151,0,0,0,1,0,229.2,230.7,150.0,0.1,January,Tuesday,9,Local,0
1705992300,2024-01-23 09:45:00,2024-01-23,09:45:00,2152,0,0,1,0,0,229.4,229.4,3000.0,1.0082,January,Tuesday,9,Local,0
1705993200,2024-01-23 10:00:00,2024-01-23,10:00:00,2153,0,1,0,1,0,235.2,235.5,2650.0,0.7285,January,Tuesday,10,Local,0
1705994100,2024-01-23 10:15:00,2024-01-23,10:15:00,2154,0,0,0,0,0,226.0,229.8,0.0,0.1,January,Tuesday,10,Local,0
1705995000,2024-01-23 10:30:00,2024-01-23,10:30:00,2155,0,1,0,1,0,228.3,228.5,2650.0,0.7179,January,Tuesday,10,Local,0
1705995900,2024-01-23 10:45:00,2024-01-23,10:45:00,2156,0,0,0,0,0,230.7,229.2,0.0,0.1,January,Tuesday,10,Local,0
1705996800,2024-01-23 11:00:00,2024-01-23,11:00:00,2157,0,0,0,1,0,228.5,224.4,950.0,0.3249,January,Tuesday,11,Local,0
1705997700,2024-01-23 11:15:00,2024-01-23,11:15:00,2158,0,0,1,1,0,235.0,236.6,3150.0,0.9787,January,Tuesday,11,Local,0
1705998600,2024-01-23 11:30:00,2024-01-23,11:30:00,2159,0,0,0,1,0,232.0,234.4,150.0,0.1,January,Tuesday,11,Local,0
1705999500,2024-01-23 11:45:00,2024-01-23,11:45:00,2160,0,0,0,0,0,231.3,235.2,0.0,0.1,January,Tuesday,11,Local,0
1706000400,2024-01-23 12:00:00,2024-01-23,12:00:00,2161,0,0,0,1,0,233.1,231.4,2150.0,0.6121,January,Tuesday,12,Local,0
1706001300,2024-01-23 12:15:00,2024-01-23,12:15:00,2162,0,0,0,1,0,222.3,223.1,150.0,0.1,January,Tuesday,12,Local,0
1706002200,2024-01-23 12:30:00,2024-01-23,12:30:00,2163,0,0,0,1,0,224.6,222.3,150.0,0.1,January,Tuesday,12,Local,0
1706003100,2024-01-23 12:45:00,2024-01-23,12:45:00,2164,0,0,0,0,0,230.1,230.5,0.0,0.1,January,Tuesday,12,Local,0
1706004000,2024-01-23 13:00:00,2024-01-23,13:00:00,2165,0,0,0,1,0,228.4,226.3,150.0,0.1,January,Tuesday,13,Local,0
1706004900,2024-01-23 13:15:00,2024-01-23,13:15:00,2166,0,0,0,1,0,235.6,236.0,150.0,0.1,January,Tuesday,13,Local,0
1706005800,2024-01-23 13:30:00,2024-01-23,13:30:00,2167,0,0,0,1,0,229.4,227.4,150.0,0.1,January,Tuesday,13,Local,0
1706006700,2024-01-23 13:45:00,2024-01-23,13:45:00,2168,0,0,0,0,0,232.0,232.5,0.0,0.1,January,Tuesday,13,Local,0
1706007600,2024-01-23 14:00:00,2024-01-23,14:00:00,2169,0,0,0,1,0,224.4,223.8,150.0,0.1,January,Tuesday,14,Local,0
1706008500,2024-01-23 14:15:00,2024-01-23,14:15:00,2170,0,1,0,1,0,227.4,229.1,2650.0,0.8756,January,Tuesday,14,Local,0
1706009400,2024-01-23 14:30:00,2024-01-23,14:30:00,2171,1,0,0,1,0,225.8,226.9,300.0,0.1007,January,Tuesday,14,Local,0
1706010300,2024-01-23 14:45:00,2024-01-23,14:45:00,2172,0,0,0,0,0,230.8,227.1,0.0,0.1,January,Tuesday,14,Local,0
1706011200,2024-01-23 15:00:00,2024-01-23,15:00:00,2173,0,0,0,1,0,232.3,230.4,150.0,0.1,January,Tuesday,15,Local,0
1706012100,2024-01-23 15:15:00,2024-01-23,15:15:00,2174,0,0,0,1,0,231.0,231.3,150.0,0.1,January,Tuesday,15,Local,0
1706013000,2024-01-23 15:30:00,2024-01-23,15:30:00,2175,0,0,0,1,0,226.4,223.5,150.0,0.1,January,Tuesday,15,Local,0
1706013900,2024-01-23 15:45:00,2024-01-23,15:45:00,2176,0,0,0,0,0,228.4,226.9,0.0,0.1,January,Tuesday,15,Local,0
1706014800,2024-01-23 16:00:00,2024-01-23,16:00:00,2177,1,1,0,1,0,236.2,235.8,2800.0,0.825,January,Tuesday,16,Local,0
1706015700,2024-01-23 16:15:00,2024-01-23,16:15:00,2178,0,1,0,1,0,227.6,229.1,2650.0,0.8796,January,Tuesday,16,Local,0
1706016600,2024-01-23 16:30:00,2024-01-23,16:30:00,2179,0,0,0,1,0,226.1,224.6,150.0,0.1,January,Tuesday,16,Local,0
1706017500,2024-01-23 16:45:00,2024-01-23,16:45:00,2180,0,0,0,0,0,226.0,228.8,0.0,0.1,January,Tuesday,16,Local,0
1706018400,2024-01-23 17:00:00,2024-01-23,17:00:00,2181,0,0,1,1,0,228.5,227.4,3150.0,0.8517,January,Tuesday,17,Local,0
1706019300,2024-01-23 17:15:00,2024-01-23,17:15:00,2182,0,1,0,1,1,230.2,229.5,3850.0,0.9024,January,Tuesday,17,Local,0
1706020200,2024-01-23 17:30:00,2024-01-23,17:30:00,2183,0,1,1,1,0,231.4,231.6,5650.0,1.7717,January,Tuesday,17,Local,0
1706021100,2024-01-23 17:45:00,2024-01-23,17:45:00,2184,0,0,0,0,0,228.0,227.3,0.0,0.1,January,Tuesday,17,Local,0
1706022000,2024-01-23 18:00:00,2024-01-23,18:00:00,2185,0,0,1,1,0,226.5,228.8,3150.0,0.9395,January,Tuesday,18,Local,0
1706022900,2024-01-23 18:15:00,2024-01-23,18:15:00,2186,1,0,1,1,0,229.8,231.9,3300.0,0.8311,January,Tuesday,18,Local,0
1706023800,2024-01-23 18:30:00,2024-01-23,18:30:00,2187,1,0,0,1,0,229.3,229.6,300.0,0.104,January,Tuesday,18,Local,0
1706024700,2024-01-23 18:45:00,2024-01-23,18:45:00,2188,0,0,0,0,0,232.7,229.8,0.0,0.1,January,Tuesday,18,Local,0
1706025600,2024-01-23 19:00:00,2024-01-23,19:00:00,2189,1,0,0,1,0,229.0,229.3,300.0,0.1,January,Tuesday,19,Local,0
1706026500,2024-01-23 19:15:00,2024-01-23,19:15:00,2190,1,0,0,0,0,224.3,225.9,150.0,0.1,January,Tuesday,19,Local,0
1706027400,2024-01-23 19:30:00,2024-01-23,19:30:00,2191,1,0,0,1,0,228.7,227.9,300.0,0.1071,January,Tuesday,19,Local,0
1706028300,2024-01-23 19:45:00,2024-01-23,19:45:00,2192,1,1,1,0,0,228.3,228.8,5650.0,1.6336,January,Tuesday,19,Local,0
1706029200,2024-01-23 20:00:00,2024-01-23,20:00:00,2193,1,0,0,1,0,233.5,236.0,300.0,0.1,January,Tuesday,20,Local,0
1706030100,2024-01-23 20:15:00,2024-01-23,20:15:00,2194,1,0,0,1,0,231.3,232.0,300.0,0.1028,January,Tuesday,20,Local,0
1706031000,2024-01-23 20:30:00,2024-01-23,20:30:00,2195,1,0,0,1,0,227.4,232.0,300.0,0.1,January,Tuesday,20,Local,0
1706031900,2024-01-23 20:45:00,2024-01-23,20:45:00,2196,1,0,0,0,1,230.3,229.4,1350.0,0.488,January,Tuesday,20,Local,0
1706032800,2024-01-23 21:00:00,2024-01-23,21:00:00,2197,1,0,1,1,0,230.6,229.2,3300.0,0.991,January,Tuesday,21,Local,0
1706033700,2024-01-23 21:15:00,2024-01-23,21:15:00,2198,0,0,0,1,0,234.2,232.1,150.0,0.1,January,Tuesday,21,Local,0
1706034600,2024-01-23 21:30:00,2024-01-23,21:30:00,2199,1,0,0,1,0,234.1,236.5,300.0,0.1,January,Tuesday,21,Local,0
1706035500,2024-01-23 21:45:00,2024-01-23,21:45:00,2200,1,0,0,0,1,229.4,232.0,1350.0,0.4457,January,Tuesday,21,Local,0
1706036400,2024-01-23 22:00:00,2024-01-23,22:00:00,2201,0,0,0,1,0,227.3,227.8,150.0,0.1,January,Tuesday,22,Local,0
1706037300,2024-01-23 22:15:00,2024-01-23,22:15:00,2202,1,0,0,1,0,231.9,230.4,1800.0,0.5377,January,Tuesday,22,Local,0
1706038200,2024-01-23 22:30:00,2024-01-23,22:30:00,2203,1,0,0,1,0,232.3,230.8,300.0,0.1,January,Tuesday,22,Local,0
1706039100,2024-01-23 22:45:00,2024-01-23,22:45:00,2204,1,0,0,0,0,232.1,233.9,150.0,0.1,January,Tuesday,22,Local,0
1706040000,2024-01-23 23:00:00,2024-01-23,23:00:00,2205,1,0,0,1,0,227.7,224.9,300.0,0.1038,January,Tuesday,23,Local,0
1706040900,2024-01-23 23:15:00,2024-01-23,23:15:00,2206,0,0,0,1,0,229.9,229.3,150.0,0.2028,January,Tuesday,23,Local,1
1706041800,2024-01-23 23:30:00,2024-01-23,23:30:00,2207,0,0,0,1,0,227.7,228.8,150.0,0.1,January,Tuesday,23,Local,0
1706042700,2024-01-23 23:45:00,2024-01-23,23:45:00,2208,0,0,0,0,0,225.2,226.8,0.0,0.1,January,Tuesday,23,Local,0
1706043600,2024-01-24 00:00:00,2024-01-24,00:00:00,2209,0,0,0,1,0,226.9,224.4,150.0,0.1,January,Wednesday,0,Local,0
1706044500,2024-01-24 00:15:00,2024-01-24,00:15:00,2210,0,0,0,1,0,230.0,231.7,150.0,0.1,January,Wednesday,0,Local,0
1706045400,2024-01-24 00:30:00,2024-01-24,00:30:00,2211,0,0,0,1,0,231.8,231.8,150.0,0.1,January,Wednesday,0,Local,0
1706046300,2024-01-24 00:45:00,2024-01-24,00:45:00,2212,0,0,0,0,0,227.3,227.5,0.0,0.1,January,Wednesday,0,Local,0
1706047200,2024-01-24 01:00:00,2024-01-24,01:00:00,2213,0,0,0,1,0,232.2,228.5,150.0,0.1,January,Wednesday,1,Local,0
1706048100,2024-01-24 01:15:00,2024-01-24,01:15:00,2214,0,0,0,1,0,225.7,222.1,150.0,0.1,January,Wednesday,1,Local,0
1706049000,2024-01-24 01:30:00,2024-01-24,01:30:00,2215,0,0,0,1,0,225.8,227.0,150.0,0.1,January,Wednesday,1,Local,0
1706049900,2024-01-24 01:45:00,2024-01-24,01:45:00,2216,0,0,0,0,0,224.2,224.7,0.0,0.1,January,Wednesday,1,Local,0
1706050800,2024-01-24 02:00:00,2024-01-24,02:00:00,2217,0,0,0,1,0,232.9,235.1,150.0,0.1,January,Wednesday,2,Local,0
1706051700,2024-01-24 02:15:00,2024-01-24,02:15:00,2218,0,0,0,1,0,229.2,228.2,150.0,0.1,January,Wednesday,2,Local,0
1706052600,2024-01-24 02:30:00,2024-01-24,02:30:00,2219,0,0,0,1,0,226.6,228.5,150.0,0.1,January,Wednesday,2,Local,0
1706053500,2024-01-24 02:45:00,2024-01-24,02:45:00,2220,0,0,0,0,0,227.1,227.2,0.0,0.1,January,Wednesday,2,Local,0
1706054400,2024-01-24 03:00:00,2024-01-24,03:00:00,2221,0,0,0,0,0,227.6,227.9,0.0,0.1,January,Wednesday,3,Local,0
1706055300,2024-01-24 03:15:00,2024-01-24,03:15:00,2222,0,0,0,0,0,225.9,226.2,0.0,0.1,January,Wednesday,3,Local,0
1706056200,2024-01-24 03:30:00,2024-01-24,03:30:00,2223,0,0,0,1,0,229.5,227.9,150.0,0.1,January,Wednesday,3,Local,0
1706057100,2024-01-24 03:45:00,2024-01-24,03:45:00,2224,0,0,0,0,0,232.8,233.5,0.0,0.1,January,Wednesday,3,Local,0
1706058000,2024-01-24 04:00:00,2024-01-24,04:00:00,2225,0,0,0,1,0,230.3,231.4,150.0,0.1,January,Wednesday,4,Local,0
1706058900,2024-01-24 04:15:00,2024-01-24,04:15:00,2226,0,0,0,1,0,227.8,226.3,150.0,0.1,January,Wednesday,4,Local,0
1706059800,2024-01-24 04:30:00,2024-01-24,04:30:00,2227,0,0,0,1,0,228.1,225.9,150.0,0.1,January,Wednesday,4,Local,0
1706060700,2024-01-24 04:45:00,2024-01-24,04:45:00,2228,0,0,0,0,0,231.1,231.1,0.0,0.1,January,Wednesday,4,Local,0
1706061600,2024-01-24 05:00:00,2024-01-24,05:00:00,2229,0,0,0,1,0,224.6,226.7,150.0,0.1,January,Wednesday,5,Local,0
1706062500,2024-01-24 05:15:00,2024-01-24,05:15:00,2230,0,0,0,1,0,227.9,228.9,150.0,0.1,January,Wednesday,5,Local,0
1706063400,2024-01-24 05:30:00,2024-01-24,05:30:00,2231,0,0,0,1,0,227.1,228.2,150.0,0.1,January,Wednesday,5,Local,0
1706064300,2024-01-24 05:45:00,2024-01-24,05:45:00,2232,0,0,0,0,0,227.1,229.5,0.0,0.1,January,Wednesday,5,Local,0
1706065200,2024-01-24 06:00:00,2024-01-24,06:00:00,2233,0,0,0,1,0,228.9,231.0,150.0,0.1,January,Wednesday,6,Local,0
1706066100,2024-01-24 06:15:00,2024-01-24,06:15:00,2234,0,0,0,1,0,229.2,225.2,650.0,0.1908,January,Wednesday,6,Local,0
1706067000,2024-01-24 06:30:00,2024-01-24,06:30:00,2235,0,0,0,1,0,230.9,229.5,150.0,0.1,January,Wednesday,6,Local,0
1706067900,2024-01-24 06:45:00,2024-01-24,06:45:00,2236,0,0,0,0,0,227.3,221.5,0.0,0.1,January,Wednesday,6,Local,0
1706068800,2024-01-24 07:00:00,2024-01-24,07:00:00,2237,1,0,0,1,0,228.5,228.3,300.0,0.1097,January,Wednesday,7,Local,0
1706069700,2024-01-24 07:15:00,2024-01-24,07:15:00,2238,0,0,0,1,0,227.5,231.2,150.0,0.1,January,Wednesday,7,Local,0
1706070600,2024-01-24 07:30:00,2024-01-24,07:30:00,2239,0,0,0,1,0,228.4,227.1,150.0,0.1,January,Wednesday,7,Local,0
1706071500,2024-01-24 07:45:00,2024-01-24,07:45:00,2240,0,0,0,1,0,227.3,228.5,150.0,0.1,January,Wednesday,7,Local,0
1706072400,2024-01-24 08:00:00,2024-01-24,08:00:00,2241,0,0,0,1,0,232.0,233.2,150.0,0.1,January,Wednesday,8,Local,0
1706073300,2024-01-24 08:15:00,2024-01-24,08:15:00,2242,1,0,0,1,0,227.1,225.3,300.0,0.1,January,Wednesday,8,Local,0
1706074200,2024-01-24 08:30:00,2024-01-24,08:30:00,2243,0,0,0,1,0,232.6,230.6,150.0,0.1,January,Wednesday,8,Local,0
1706075100,2024-01-24 08:45:00,2024-01-24,08:45:00,2244,0,0,0,0,0,232.5,236.1,0.0,0.1,January,Wednesday,8,Local,0
1706076000,2024-01-24 09:00:00,2024-01-24,09:00:00,2245,0,0,0,1,0,232.0,232.0,150.0,0.1,January,Wednesday,9,Local,0
1706076900,2024-01-24 09:15:00,2024-01-24,09:15:00,2246,0,0,1,1,0,227.7,227.2,3150.0,1.0038,January,Wednesday,9,Local,0
1706077800,2024-01-24 09:30:00,2024-01-24,09:30:00,2247,0,0,0,1,0,227.5,224.3,150.0,0.1,January,Wednesday,9,Local,0
1706078700,2024-01-24 09:45:00,2024-01-24,09:45:00,2248,0,1,0,0,0,230.2,231.1,2500.0,0.7817,January,Wednesday,9,Local,0
1706079600,2024-01-24 10:00:00,2024-01-24,10:00:00,2249,0,0,0,1,0,223.1,225.8,2150.0,0.6594,January,Wednesday,10,Local,0
1706080500,2024-01-24 10:15:00,2024-01-24,10:15:00,2250,0,0,0,1,0,227.4,225.9,150.0,0.1,January,Wednesday,10,Local,0
1706081400,2024-01-24 10:30:00,2024-01-24,10:30:00,2251,0,0,0,1,0,235.2,233.8,150.0,0.1,January,Wednesday,10,Local,0
1706082300,2024-01-24 10:45:00,2024-01-24,10:45:00,2252,0,0,0,0,0,224.4,225.4,500.0,0.1725,January,Wednesday,10,Local,0
1706083200,2024-01-24 11:00:00,2024-01-24,11:00:00,2253,0,0,0,1,0,228.2,229.7,150.0,0.1,January,Wednesday,11,Local,0
1706084100,2024-01-24 11:15:00,2024-01-24,11:15:00,2254,0,0,0,1,0,231.5,230.8,150.0,0.1,January,Wednesday,11,Local,0
1706085000,2024-01-24 11:30:00,2024-01-24,11:30:00,2255,0,0,0,0,0,227.6,230.5,0.0,0.1,January,Wednesday,11,Local,0
1706085900,2024-01-24 11:45:00,2024-01-24,11:45:00,2256,0,0,0,0,0,228.0,228.4,0.0,0.1,January,Wednesday,11,Local,0
1706086800,2024-01-24 12:00:00,2024-01-24,12:00:00,2257,0,0,0,1,1,233.5,232.0,1350.0,0.4055,January,Wednesday,12,Local,0
1706087700,2024-01-24 12:15:00,2024-01-24,12:15:00,2258,0,0,0,1,0,232.5,233.3,150.0,0.1,January,Wednesday,12,Local,0
1706088600,2024-01-24 12:30:00,2024-01-24,12:30:00,2259,0,0,0,1,1,233.2,235.6,1350.0,0.4127,January,Wednesday,12,Local,0
1706089500,2024-01-24 12:45:00,2024-01-24,12:45:00,2260,0,0,0,0,1,235.4,235.4,1200.0,0.7363,January,Wednesday,12,Local,1
1706090400,2024-01-24 13:00:00,2024-01-24,13:00:00,2261,0,0,0,1,0,230.2,232.2,150.0,0.1,January,Wednesday,13,Local,0
1706091300,2024-01-24 13:15:00,2024-01-24,13:15:00,2262,0,0,0,1,0,231.6,229.9,150.0,0.1,January,Wednesday,13,Local,0
1706092200,2024-01-24 13:30:00,2024-01-24,13:30:00,2263,0,0,0,1,0,234.1,234.0,150.0,0.1,January,Wednesday,13,Local,0
1706093100,2024-01-24 13:45:00,2024-01-24,13:45:00,2264,0,0,0,0,0,226.4,226.3,0.0,0.1,January,Wednesday,13,Local,0
1706094000,2024-01-24 14:00:00,2024-01-24,14:00:00,2265,0,0,0,1,0,226.4,229.1,150.0,0.1,January,Wednesday,14,Local,0
1706094900,2024-01-24 14:15:00,2024-01-24,14:15:00,2266,0,1,0,1,0,230.5,231.6,4150.0,1.4358,January,Wednesday,14,Local,0
1706095800,2024-01-24 14:30:00,2024-01-24,14:30:00,2267,0,0,0,1,0,227.9,229.9,150.0,0.1,January,Wednesday,14,Local,0
1706096700,2024-01-24 14:45:00,2024-01-24,14:45:00,2268,0,1,0,0,0,227.0,226.2,2500.0,0.8125,January,Wednesday,14,Local,0
1706097600,2024-01-24 15:00:00,2024-01-24,15:00:00,2269,0,0,0,1,0,231.4,232.3,150.0,0.1,January,Wednesday,15,Local,0
1706098500,2024-01-24 15:15:00,2024-01-24,15:15:00,2270,0,0,0,1,0,231.2,232.5,150.0,0.1,January,Wednesday,15,Local,0
1706099400,2024-01-24 15:30:00,2024-01-24,15:30:00,2271,0,0,0,1,0,238.1,241.6,150.0,0.1,January,Wednesday,15,Local,0
1706100300,2024-01-24 15:45:00,2024-01-24,15:45:00,2272,0,0,0,0,0,231.7,232.5,0.0,0.1,January,Wednesday,15,Local,0
1706101200,2024-01-24 16:00:00,2024-01-24,16:00:00,2273,0,0,0,1,0,225.8,226.1,1150.0,0.31,January,Wednesday,16,Local,0
1706102100,2024-01-24 16:15:00,2024-01-24,16:15:00,2274,0,0,0,1,0,233.4,234.4,150.0,0.1,January,Wednesday,16,Local,0
1706103000,2024-01-24 16:30:00,2024-01-24,16:30:00,2275,0,0,0,1,1,229.8,231.6,1350.0,0.401,January,Wednesday,16,Local,0
1706103900,2024-01-24 16:45:00,2024-01-24,16:45:00,2276,0,0,0,0,0,228.1,229.3,0.0,0.1,January,Wednesday,16,Local,0
1706104800,2024-01-24 17:00:00,2024-01-24,17:00:00,2277,0,0,0,1,0,233.4,237.2,150.0,0.1,January,Wednesday,17,Local,0
1706105700,2024-01-24 17:15:00,2024-01-24,17:15:00,2278,0,0,0,1,0,227.7,228.9,150.0,0.1,January,Wednesday,17,Local,0
1706106600,2024-01-24 17:30:00,2024-01-24,17:30:00,2279,0,0,0,1,0,226.4,226.6,2150.0,0.6372,January,Wednesday,17,Local,0
1706107500,2024-01-24 17:45:00,2024-01-24,17:45:00,2280,0,0,0,0,0,230.3,231.6,1000.0,0.2644,January,Wednesday,17,Local,0
1706108400,2024-01-24 18:00:00,2024-01-24,18:00:00,2281,1,1,0,1,1,227.8,226.9,4500.0,1.4491,January,Wednesday,18,Local,0
1706109300,2024-01-24 18:15:00,2024-01-24,18:15:00,2282,0,1,0,1,0,233.4,234.9,2650.0,0.7093,January,Wednesday,18,Local,0
1706110200,2024-01-24 18:30:00,2024-01-24,18:30:00,2283,0,0,1,1,1,232.2,230.6,4350.0,1.4619,January,Wednesday,18,Local,0
1706111100,2024-01-24 18:45:00,2024-01-24,18:45:00,2284,0,0,0,0,0,226.3,228.5,0.0,0.1,January,Wednesday,18,Local,0
1706112000,2024-01-24 19:00:00,2024-01-24,19:00:00,2285,1,0,0,1,1,230.5,230.3,1500.0,0.4957,January,Wednesday,19,Local,0
1706112900,2024-01-24 19:15:00,2024-01-24,19:15:00,2286,1,0,1,1,1,232.6,231.9,4500.0,1.4203,January,Wednesday,19,Local,0
1706113800,2024-01-24 19:30:00,2024-01-24,19:30:00,2287,0,0,1,1,0,235.5,234.7,3150.0,0.8814,January,Wednesday,19,Local,0
1706114700,2024-01-24 19:45:00,2024-01-24,19:45:00,2288,0,0,0,0,1,226.4,226.6,1200.0,0.3204,January,Wednesday,19,Local,0
1706115600,2024-01-24 20:00:00,2024-01-24,20:00:00,2289,1,0,0,1,0,227.0,228.7,300.0,0.1065,January,Wednesday,20,Local,0
1706116500,2024-01-24 20:15:00,2024-01-24,20:15:00,2290,1,0,0,1,0,230.1,229.8,1800.0,0.5355,January,Wednesday,20,Local,0
1706117400,2024-01-24 20:30:00,2024-01-24,20:30:00,2291,1,0,1,1,0,222.8,221.1,3300.0,1.1474,January,Wednesday,20,Local,0
1706118300,2024-01-24 20:45:00,2024-01-24,20:45:00,2292,1,0,0,0,0,229.8,229.1,150.0,0.1,January,Wednesday,20,Local,0
1706119200,2024-01-24 21:00:00,2024-01-24,21:00:00,2293,1,0,0,1,0,230.9,230.2,300.0,0.1,January,Wednesday,21,Local,0
1706120100,2024-01-24 21:15:00,2024-01-24,21:15:00,2294,0,0,1,0,0,232.2,230.6,3000.0,1.0626,January,Wednesday,21,Local,0
1706121000,2024-01-24 21:30:00,2024-01-24,21:30:00,2295,1,0,0,1,0,231.1,232.0,300.0,0.1,January,Wednesday,21,Local,0
1706121900,2024-01-24 21:45:00,2024-01-24,21:45:00,2296,1,0,0,0,0,231.5,234.3,150.0,0.1,January,Wednesday,21,Local,0
1706122800,2024-01-24 22:00:00,2024-01-24,22:00:00,2297,1,0,0,1,0,233.7,232.6,300.0,0.1,January,Wednesday,22,Local,0
1706123700,2024-01-24 22:15:00,2024-01-24,22:15:00,2298,1,0,0,1,0,228.4,230.8,300.0,0.1,January,Wednesday,22,Local,0
1706124600,2024-01-24 22:30:00,2024-01-24,22:30:00,2299,0,0,1,1,0,230.9,228.2,3150.0,0.8872,January,Wednesday,22,Local,0
1706125500,2024-01-24 22:45:00,2024-01-24,22:45:00,2300,0,0,0,1,0,230.3,230.5,150.0,0.1,January,Wednesday,22,Local,0
1706126400,2024-01-24 23:00:00,2024-01-24,23:00:00,2301,0,0,0,1,0,223.8,226.6,150.0,0.1,January,Wednesday,23,Local,0
1706127300,2024-01-24 23:15:00,2024-01-24,23:15:00,2302,0,0,0,1,0,233.2,231.6,150.0,0.1,January,Wednesday,23,Local,0
1706128200,2024-01-24 23:30:00,2024-01-24,23:30:00,2303,1,0,0,0,0,234.0,233.8,150.0,0.1,January,Wednesday,23,Local,0
1706129100,2024-01-24 23:45:00,2024-01-24,23:45:00,2304,0,0,0,0,0,228.6,227.6,0.0,0.1,January,Wednesday,23,Local,0
1706130000,2024-01-25 00:00:00,2024-01-25,00:00:00,2305,0,0,0,1,0,227.0,227.9,150.0,0.1,January,Thursday,0,Local,0
1706130900,2024-01-25 00:15:00,2024-01-25,00:15:00,2306,0,0,0,1,0,228.2,228.0,150.0,0.1,January,Thursday,0,Local,0
1706131800,2024-01-25 00:30:00,2024-01-25,00:30:00,2307,0,0,0,1,0,231.0,229.2,150.0,0.1,January,Thursday,0,Local,0
1706132700,2024-01-25 00:45:00,2024-01-25,00:45:00,2308,0,0,0,0,0,227.6,226.6,0.0,0.1,January,Thursday,0,Local,0
1706133600,2024-01-25 01:00:00,2024-01-25,01:00:00,2309,0,0,0,1,0,227.2,226.3,150.0,0.1,January,Thursday,1,Local,0
1706134500,2024-01-25 01:15:00,2024-01-25,01:15:00,2310,0,0,0,0,0,234.2,238.9,0.0,0.1,January,Thursday,1,Local,0
1706135400,2024-01-25 01:30:00,2024-01-25,01:30:00,2311,0,0,0,1,0,225.6,225.8,150.0,0.1,January,Thursday,1,Local,0
1706136300,2024-01-25 01:45:00,2024-01-25,01:45:00,2312,0,0,0,0,0,234.4,232.7,0.0,0.1,January,Thursday,1,Local,0
1706137200,2024-01-25 02:00:00,2024-01-25,02:00:00,2313,0,0,0,0,0,228.7,227.2,0.0,0.1,January,Thursday,2,Local,0
1706138100,2024-01-25 02:15:00,2024-01-25,02:15:00,2314,0,0,0,0,0,226.1,228.2,2000.0,0.7501,January,Thursday,2,Local,0
1706139000,2024-01-25 02:30:00,2024-01-25,02:30:00,2315,0,0,0,1,0,227.5,227.8,150.0,0.1,January,Thursday,2,Local,0
1706139900,2024-01-25 02:45:00,2024-01-25,02:45:00,2316,0,0,0,0,0,227.9,230.6,0.0,0.1,January,Thursday,2,Local,0
1706140800,2024-01-25 03:00:00,2024-01-25,03:00:00,2317,0,0,0,1,0,225.2,225.9,150.0,0.1,January,Thursday,3,Local,0
1706141700,2024-01-25 03:15:00,2024-01-25,03:15:00,2318,0,0,0,1,0,231.6,229.3,150.0,0.1,January,Thursday,3,Local,0
1706142600,2024-01-25 03:30:00,2024-01-25,03:30:00,2319,0,0,0,1,0,227.3,229.9,150.0,0.1,January,Thursday,3,Local,0
1706143500,2024-01-25 03:45:00,2024-01-25,03:45:00,2320,0,0,0,0,0,223.1,224.5,0.0,0.1,January,Thursday,3,Local,0
1706144400,2024-01-25 04:00:00,2024-01-25,04:00:00,2321,0,0,0,1,0,235.5,235.8,150.0,0.1,January,Thursday,4,Local,0
1706145300,2024-01-25 04:15:00,2024-01-25,04:15:00,2322,0,0,0,1,0,230.8,229.1,150.0,0.1,January,Thursday,4,Local,0
1706146200,2024-01-25 04:30:00,2024-01-25,04:30:00,2323,0,0,0,1,0,232.8,233.4,150.0,0.1,January,Thursday,4,Local,0
1706147100,2024-01-25 04:45:00,2024-01-25,04:45:00,2324,0,0,0,0,0,225.1,224.8,0.0,0.1,January,Thursday,4,Local,0
1706148000,2024-01-25 05:00:00,2024-01-25,05:00:00,2325,0,0,0,1,0,226.0,224.8,150.0,0.1,January,Thursday,5,Local,0
1706148900,2024-01-25 05:15:00,2024-01-25,05:15:00,2326,0,0,0,1,0,229.7,230.0,150.0,0.1,January,Thursday,5,Local,0
1706149800,2024-01-25 05:30:00,2024-01-25,05:30:00,2327,0,0,0,1,0,225.7,224.5,150.0,0.1,January,Thursday,5,Local,0
1706150700,2024-01-25 05:45:00,2024-01-25,05:45:00,2328,0,0,0,0,0,228.2,228.9,0.0,0.1,January,Thursday,5,Local,0
1706151600,2024-01-25 06:00:00,2024-01-25,06:00:00,2329,0,0,0,1,0,224.8,226.3,150.0,0.1,January,Thursday,6,Local,0
1706152500,2024-01-25 06:15:00,2024-01-25,06:15:00,2330,0,0,0,1,0,233.0,233.4,150.0,0.1,January,Thursday,6,Local,0
1706153400,2024-01-25 06:30:00,2024-01-25,06:30:00,2331,0,0,0,1,0,233.9,236.0,150.0,0.1,January,Thursday,6,Local,0
1706154300,2024-01-25 06:45:00,2024-01-25,06:45:00,2332,0,0,0,0,0,234.7,232.6,0.0,0.1,January,Thursday,6,Local,0
1706155200,2024-01-25 07:00:00,2024-01-25,07:00:00,2333,0,0,0,1,0,223.7,225.7,150.0,0.1,January,Thursday,7,Local,0
1706156100,2024-01-25 07:15:00,2024-01-25,07:15:00,2334,0,0,0,1,0,235.3,234.3,150.0,0.1,January,Thursday,7,Local,0
1706157000,2024-01-25 07:30:00,2024-01-25,07:30:00,2335,0,0,0,1,0,230.8,230.1,150.0,0.1,January,Thursday,7,Local,0
1706157900,2024-01-25 07:45:00,2024-01-25,07:45:00,2336,0,0,1,0,0,225.5,221.6,3000.0,0.9775,January,Thursday,7,Local,0
1706158800,2024-01-25 08:00:00,2024-01-25,08:00:00,2337,0,0,0,1,1,227.6,226.2,1350.0,0.3505,January,Thursday,8,Local,0
1706159700,2024-01-25 08:15:00,2024-01-25,08:15:00,2338,0,0,0,1,0,228.5,229.4,150.0,0.1,January,Thursday,8,Local,0
1706160600,2024-01-25 08:30:00,2024-01-25,08:30:00,2339,0,0,0,1,0,230.0,231.2,150.0,0.1,January,Thursday,8,Local,0
1706161500,2024-01-25 08:45:00,2024-01-25,08:45:00,2340,0,0,0,0,0,228.3,229.3,0.0,0.1,January,Thursday,8,Local,0
1706162400,2024-01-25 09:00:00,2024-01-25,09:00:00,2341,0,1,0,1,0,229.4,230.0,2650.0,0.8309,January,Thursday,9,Local,0
1706163300,2024-01-25 09:15:00,2024-01-25,09:15:00,2342,0,0,0,1,0,231.6,233.8,150.0,0.1,January,Thursday,9,Local,0
1706164200,2024-01-25 09:30:00,2024-01-25,09:30:00,2343,0,0,0,1,0,233.0,233.0,150.0,0.1,January,Thursday,9,Local,0
1706165100,2024-01-25 09:45:00,2024-01-25,09:45:00,2344,0,0,0,0,0,234.9,232.1,0.0,0.1,January,Thursday,9,Local,0
1706166000,2024-01-25 10:00:00,2024-01-25,10:00:00,2345,0,1,0,1,0,231.6,235.6,2650.0,0.8117,January,Thursday,10,Local,0
1706166900,2024-01-25 10:15:00,2024-01-25,10:15:00,2346,0,0,0,1,0,228.3,231.7,150.0,0.1,January,Thursday,10,Local,0
1706167800,2024-01-25 10:30:00,2024-01-25,10:30:00,2347,0,1,0,1,0,223.8,223.8,2650.0,0.7533,January,Thursday,10,Local,0
1706168700,2024-01-25 10:45:00,2024-01-25,10:45:00,2348,0,0,0,0,1,232.1,231.1,1700.0,0.5706,January,Thursday,10,Local,0
1706169600,2024-01-25 11:00:00,2024-01-25,11:00:00,2349,0,0,0,1,0,227.0,229.3,150.0,0.1,January,Thursday,11,Local,0
1706170500,2024-01-25 11:15:00,2024-01-25,11:15:00,2350,0,0,0,1,0,226.4,229.0,150.0,0.1,January,Thursday,11,Local,0
1706171400,2024-01-25 11:30:00,2024-01-25,11:30:00,2351,0,0,1,1,0,232.8,233.2,3150.0,3.2683,January,Thursday,11,Remote,1
1706172300,2024-01-25 11:45:00,2024-01-25,11:45:00,2352,0,0,0,0,0,225.4,228.0,0.0,0.1,January,Thursday,11,Local,0
1706173200,2024-01-25 12:00:00,2024-01-25,12:00:00,2353,0,1,0,1,0,228.3,229.3,2650.0,0.8874,January,Thursday,12,Local,0
1706174100,2024-01-25 12:15:00,2024-01-25,12:15:00,2354,0,1,0,0,0,233.5,232.8,2500.0,0.763,January,Thursday,12,Local,0
1706175000,2024-01-25 12:30:00,2024-01-25,12:30:00,2355,0,0,0,1,0,226.1,229.9,150.0,0.1,January,Thursday,12,Local,0
1706175900,2024-01-25 12:45:00,2024-01-25,12:45:00,2356,0,0,0,0,0,230.9,232.4,0.0,0.1,January,Thursday,12,Local,0
1706176800,2024-01-25 13:00:00,2024-01-25,13:00:00,2357,0,0,0,0,0,228.7,223.8,0.0,0.1,January,Thursday,13,Local,0
1706177700,2024-01-25 13:15:00,2024-01-25,13:15:00,2358,0,0,0,1,0,230.6,232.6,150.0,0.1,January,Thursday,13,Local,0
1706178600,2024-01-25 13:30:00,2024-01-25,13:30:00,2359,0,0,0,1,0,234.4,237.1,150.0,0.1,January,Thursday,13,Local,0
1706179500,2024-01-25 13:45:00,2024-01-25,13:45:00,2360,0,0,0,0,0,232.3,231.9,0.0,0.1,January,Thursday,13,Local,0
1706180400,2024-01-25 14:00:00,2024-01-25,14:00:00,2361,0,1,0,1,1,229.8,226.4,3850.0,1.0601,January,Thursday,14,Local,0
1706181300,2024-01-25 14:15:00,2024-01-25,14:15:00,2362,0,0,0,0,0,230.4,229.2,0.0,0.1,January,Thursday,14,Local,0
1706182200,2024-01-25 14:30:00,2024-01-25,14:30:00,2363,0,0,0,1,0,231.3,233.2,150.0,0.1,January,Thursday,14,Local,0
1706183100,2024-01-25 14:45:00,2024-01-25,14:45:00,2364,1,0,0,1,0,231.0,232.4,300.0,0.1,January,Thursday,14,Local,0
1706184000,2024-01-25 15:00:00,2024-01-25,15:00:00,2365,0,0,0,1,0,230.1,230.6,150.0,0.1,January,Thursday,15,Local,0
1706184900,2024-01-25 15:15:00,2024-01-25,15:15:00,2366,0,0,0,1,0,230.6,229.6,150.0,0.1,January,Thursday,15,Local,0
1706185800,2024-01-25 15:30:00,2024-01-25,15:30:00,2367,0,1,0,1,0,228.7,231.5,2650.0,0.7898,January,Thursday,15,Local,0
1706186700,2024-01-25 15:45:00,2024-01-25,15:45:00,2368,0,0,0,0,0,227.2,226.1,0.0,0.1,January,Thursday,15,Local,0
1706187600,2024-01-25 16:00:00,2024-01-25,16:00:00,2369,1,0,0,1,0,234.2,233.9,300.0,0.1,January,Thursday,16,Local,0
1706188500,2024-01-25 16:15:00,2024-01-25,16:15:00,2370,0,1,0,1,0,233.6,232.7,2650.0,0.7466,January,Thursday,16,Local,0
1706189400,2024-01-25 16:30:00,2024-01-25,16:30:00,2371,0,1,0,1,1,229.4,228.1,3850.0,1.0663,January,Thursday,16,Local,0
1706190300,2024-01-25 16:45:00,2024-01-25,16:45:00,2372,0,1,0,0,0,229.3,227.8,2500.0,0.7174,January,Thursday,16,Local,0
1706191200,2024-01-25 17:00:00,2024-01-25,17:00:00,2373,0,0,0,1,0,229.9,232.3,150.0,0.1,January,Thursday,17,Local,0
1706192100,2024-01-25 17:15:00,2024-01-25,17:15:00,2374,0,0,0,1,0,226.8,223.7,150.0,0.1,January,Thursday,17,Local,0
1706193000,2024-01-25 17:30:00,2024-01-25,17:30:00,2375,0,1,0,1,0,226.5,225.4,2650.0,0.8587,January,Thursday,17,Local,0
1706193900,2024-01-25 17:45:00,2024-01-25,17:45:00,2376,0,0,0,0,0,233.1,235.1,0.0,0.1,January,Thursday,17,Local,0
1706194800,2024-01-25 18:00:00,2024-01-25,18:00:00,2377,1,0,1,1,0,225.3,225.1,4100.0,1.082,January,Thursday,18,Local,0
1706195700,2024-01-25 18:15:00,2024-01-25,18:15:00,2378,1,0,0,1,0,235.6,236.1,300.0,0.1,January,Thursday,18,Local,0
1706196600,2024-01-25 18:30:00,2024-01-25,18:30:00,2379,1,0,1,1,0,231.1,227.2,3300.0,1.014,January,Thursday,18,Local,0
1706197500,2024-01-25 18:45:00,2024-01-25,18:45:00,2380,0,0,0,0,0,229.5,231.9,0.0,0.1,January,Thursday,18,Local,0
1706198400,2024-01-25 19:00:00,2024-01-25,19:00:00,2381,1,0,1,1,0,226.6,226.7,3300.0,1.1141,January,Thursday,19,Local,0
1706199300,2024-01-25 19:15:00,2024-01-25,19:15:00,2382,1,0,0,1,0,236.0,237.1,300.0,0.1,January,Thursday,19,Local,0
1706200200,2024-01-25 19:30:00,2024-01-25,19:30:00,2383,0,1,0,1,1,232.0,233.0,4650.0,1.2507,January,Thursday,19,Local,0
1706201100,2024-01-25 19:45:00,2024-01-25,19:45:00,2384,1,0,1,0,0,231.1,230.4,3150.0,0.7137,January,Thursday,19,Local,0
1706202000,2024-01-25 20:00:00,2024-01-25,20:00:00,2385,1,0,0,1,0,232.4,232.7,300.0,0.1,January,Thursday,20,Local,0
1706202900,2024-01-25 20:15:00,2024-01-25,20:15:00,2386,0,0,1,1,1,233.4,234.6,4350.0,1.2045,January,Thursday,20,Local,0
1706203800,2024-01-25 20:30:00,2024-01-25,20:30:00,2387,1,0,0,1,0,230.5,231.6,300.0,0.1,January,Thursday,20,Local,0
1706204700,2024-01-25 20:45:00,2024-01-25,20:45:00,2388,1,0,0,0,0,231.1,227.7,150.0,0.1,January,Thursday,20,Local,0
1706205600,2024-01-25 21:00:00,2024-01-25,21:00:00,2389,1,0,0,1,1,227.3,227.3,1500.0,0.3309,January,Thursday,21,Local,0
1706206500,2024-01-25 21:15:00,2024-01-25,21:15:00,2390,1,0,0,1,0,229.9,226.8,300.0,0.1,January,Thursday,21,Local,0
1706207400,2024-01-25 21:30:00,2024-01-25,21:30:00,2391,1,1,0,1,0,227.7,227.8,2800.0,0.8117,January,Thursday,21,Local,0
1706208300,2024-01-25 21:45:00,2024-01-25,21:45:00,2392,1,0,0,0,0,232.7,233.3,150.0,0.1,January,Thursday,21,Local,0
1706209200,2024-01-25 22:00:00,2024-01-25,22:00:00,2393,1,0,0,1,0,227.3,227.1,300.0,0.1,January,Thursday,22,Local,0
1706210100,2024-01-25 22:15:00,2024-01-25,22:15:00,2394,0,0,1,1,1,230.6,228.2,4350.0,1.2989,January,Thursday,22,Local,0
1706211000,2024-01-25 22:30:00,2024-01-25,22:30:00,2395,1,0,0,1,1,234.1,234.5,1500.0,0.4189,January,Thursday,22,Local,0
1706211900,2024-01-25 22:45:00,2024-01-25,22:45:00,2396,0,0,0,0,0,231.0,230.0,0.0,0.1,January,Thursday,22,Local,0
1706212800,2024-01-25 23:00:00,2024-01-25,23:00:00,2397,0,0,0,1,0,225.8,226.0,150.0,0.1,January,Thursday,23,Local,0
1706213700,2024-01-25 23:15:00,2024-01-25,23:15:00,2398,1,0,0,1,0,227.3,233.1,300.0,0.1,January,Thursday,23,Local,0
1706214600,2024-01-25 23:30:00,2024-01-25,23:30:00,2399,1,0,0,1,0,237.2,233.9,300.0,0.1,January,Thursday,23,Local,0
1706215500,2024-01-25 23:45:00,2024-01-25,23:45:00,2400,0,0,0,1,0,229.6,233.2,150.0,0.1,January,Thursday,23,Local,0
1706216400,2024-01-26 00:00:00,2024-01-26,00:00:00,2401,0,0,0,1,0,230.8,233.5,150.0,0.1,January,Friday,0,Local,0
1706217300,2024-01-26 00:15:00,2024-01-26,00:15:00,2402,0,0,0,1,0,233.7,234.8,150.0,0.1,January,Friday,0,Local,0
1706218200,2024-01-26 00:30:00,2024-01-26,00:30:00,2403,1,0,0,1,0,235.8,236.7,300.0,0.1,January,Friday,0,Local,0
1706219100,2024-01-26 00:45:00,2024-01-26,00:45:00,2404,0,0,0,0,0,229.7,230.3,0.0,0.1,January,Friday,0,Local,0
1706220000,2024-01-26 01:00:00,2024-01-26,01:00:00,2405,0,0,0,1,0,233.0,230.0,150.0,0.1,January,Friday,1,Local,0
1706220900,2024-01-26 01:15:00,2024-01-26,01:15:00,2406,0,0,0,1,0,229.3,230.6,150.0,0.1,January,Friday,1,Local,0
1706221800,2024-01-26 01:30:00,2024-01-26,01:30:00,2407,0,0,0,1,0,222.1,222.7,150.0,0.1,January,Friday,1,Local,0
1706222700,2024-01-26 01:45:00,2024-01-26,01:45:00,2408,0,0,0,0,0,229.8,231.3,0.0,0.1,January,Friday,1,Local,0
1706223600,2024-01-26 02:00:00,2024-01-26,02:00:00,2409,0,0,0,0,0,227.5,226.3,0.0,0.1,January,Friday,2,Local,0
1706224500,2024-01-26 02:15:00,2024-01-26,02:15:00,2410,0,0,0,1,0,233.8,234.0,150.0,0.1,January,Friday,2,Local,0
1706225400,2024-01-26 02:30:00,2024-01-26,02:30:00,2411,0,0,0,1,0,228.9,226.8,150.0,0.1,January,Friday,2,Local,0
1706226300,2024-01-26 02:45:00,2024-01-26,02:45:00,2412,0,0,0,0,0,228.4,224.6,0.0,0.1,January,Friday,2,Local,0
1706227200,2024-01-26 03:00:00,2024-01-26,03:00:00,2413,0,0,0,1,0,226.3,226.0,150.0,0.1,January,Friday,3,Local,0
1706228100,2024-01-26 03:15:00,2024-01-26,03:15:00,2414,0,0,0,1,0,235.3,233.0,150.0,0.1,January,Friday,3,Local,0
1706229000,2024-01-26 03:30:00,2024-01-26,03:30:00,2415,0,0,0,1,0,229.8,233.1,150.0,0.1,January,Friday,3,Local,0
1706229900,2024-01-26 03:45:00,2024-01-26,03:45:00,2416,0,0,0,0,0,231.5,233.9,0.0,0.1,January,Friday,3,Local,0
1706230800,2024-01-26 04:00:00,2024-01-26,04:00:00,2417,0,0,0,1,0,229.7,230.2,150.0,0.1,January,Friday,4,Local,0
1706231700,2024-01-26 04:15:00,2024-01-26,04:15:00,2418,0,0,0,0,0,229.4,230.7,0.0,0.1,January,Friday,4,Local,0
1706232600,2024-01-26 04:30:00,2024-01-26,04:30:00,2419,0,0,0,1,0,230.7,228.0,150.0,0.1,January,Friday,4,Local,0
1706233500,2024-01-26 04:45:00,2024-01-26,04:45:00,2420,0,0,0,0,0,226.6,225.8,0.0,0.1,January,Friday,4,Local,0
1706234400,2024-01-26 05:00:00,2024-01-26,05:00:00,2421,0,0,0,1,0,228.2,230.5,150.0,0.1,January,Friday,5,Local,0
1706235300,2024-01-26 05:15:00,2024-01-26,05:15:00,2422,0,0,0,1,0,233.0,237.1,150.0,0.1,January,Friday,5,Local,0
1706236200,2024-01-26 05:30:00,2024-01-26,05:30:00,2423,0,0,0,1,0,230.0,231.5,150.0,0.1,January,Friday,5,Local,0
1706237100,2024-01-26 05:45:00,2024-01-26,05:45:00,2424,0,0,0,0,0,228.7,231.7,0.0,0.1,January,Friday,5,Local,0
1706238000,2024-01-26 06:00:00,2024-01-26,06:00:00,2425,1,0,0,1,0,229.1,225.9,300.0,0.1,January,Friday,6,Local,0
1706238900,2024-01-26 06:15:00,2024-01-26,06:15:00,2426,0,0,0,1,0,231.0,230.7,150.0,0.1,January,Friday,6,Local,0
1706239800,2024-01-26 06:30:00,2024-01-26,06:30:00,2427,0,0,0,1,1,229.6,230.2,1350.0,0.4132,January,Friday,6,Local,0
1706240700,2024-01-26 06:45:00,2024-01-26,06:45:00,2428,0,0,0,0,0,235.7,237.3,0.0,0.1,January,Friday,6,Local,0
1706241600,2024-01-26 07:00:00,2024-01-26,07:00:00,2429,0,0,0,1,0,223.6,223.1,150.0,0.1,January,Friday,7,Local,0
1706242500,2024-01-26 07:15:00,2024-01-26,07:15:00,2430,0,0,0,1,0,230.9,232.0,150.0,0.1,January,Friday,7,Local,0
1706243400,2024-01-26 07:30:00,2024-01-26,07:30:00,2431,1,0,0,1,0,233.0,231.0,300.0,0.1,January,Friday,7,Local,0
1706244300,2024-01-26 07:45:00,2024-01-26,07:45:00,2432,0,0,0,0,0,229.9,231.4,0.0,0.1,January,Friday,7,Local,0
1706245200,2024-01-26 08:00:00,2024-01-26,08:00:00,2433,0,0,0,1,0,230.1,230.8,150.0,0.1,January,Friday,8,Local,0
1706246100,2024-01-26 08:15:00,2024-01-26,08:15:00,2434,1,0,0,1,0,227.6,229.0,300.0,0.1,January,Friday,8,Local,0
1706247000,2024-01-26 08:30:00,2024-01-26,08:30:00,2435,0,0,0,1,0,229.3,229.3,150.0,0.1,January,Friday,8,Local,0
1706247900,2024-01-26 08:45:00,2024-01-26,08:45:00,2436,0,0,0,0,0,231.4,231.6,0.0,0.1,January,Friday,8,Local,0
1706248800,2024-01-26 09:00:00,2024-01-26,09:00:00,2437,0,0,0,0,0,229.4,228.2,0.0,0.1,January,Friday,9,Local,0
1706249700,2024-01-26 09:15:00,2024-01-26,09:15:00,2438,0,0,1,0,0,226.7,228.7,3500.0,1.0268,January,Friday,9,Local,0
1706250600,2024-01-26 09:30:00,2024-01-26,09:30:00,2439,0,0,0,1,0,228.5,228.9,150.0,0.1,January,Friday,9,Local,0
1706251500,2024-01-26 09:45:00,2024-01-26,09:45:00,2440,0,0,0,0,0,229.1,227.8,0.0,0.1,January,Friday,9,Local,0
1706252400,2024-01-26 10:00:00,2024-01-26,10:00:00,2441,0,0,0,1,0,230.1,229.4,150.0,0.1,January,Friday,10,Local,0
1706253300,2024-01-26 10:15:00,2024-01-26,10:15:00,2442,0,0,0,1,0,226.6,227.8,150.0,0.1,January,Friday,10,Local,0
1706254200,2024-01-26 10:30:00,2024-01-26,10:30:00,2443,0,1,0,1,0,226.4,228.2,2650.0,0.851,January,Friday,10,Local,0
1706255100,2024-01-26 10:45:00,2024-01-26,10:45:00,2444,0,0,0,0,0,228.0,225.1,0.0,0.1,January,Friday,10,Local,0
1706256000,2024-01-26 11:00:00,2024-01-26,11:00:00,2445,0,0,0,0,0,221.4,222.8,0.0,0.1,January,Friday,11,Local,0
1706256900,2024-01-26 11:15:00,2024-01-26,11:15:00,2446,1,0,0,1,0,227.8,228.5,300.0,0.1128,January,Friday,11,Local,0
1706257800,2024-01-26 11:30:00,2024-01-26,11:30:00,2447,0,0,0,1,0,225.5,223.9,150.0,0.1,January,Friday,11,Local,0
1706258700,2024-01-26 11:45:00,2024-01-26,11:45:00,2448,0,0,0,0,0,224.5,227.0,0.0,0.1,January,Friday,11,Local,0
1706259600,2024-01-26 12:00:00,2024-01-26,12:00:00,2449,0,0,0,0,0,230.4,228.0,0.0,0.1,January,Friday,12,Local,0
1706260500,2024-01-26 12:15:00,2024-01-26,12:15:00,2450,0,0,0,1,0,232.9,232.7,150.0,0.1,January,Friday,12,Local,0
1706261400,2024-01-26 12:30:00,2024-01-26,12:30:00,2451,0,0,1,1,1,229.8,228.7,5850.0,1.8446,January,Friday,12,Local,0
1706262300,2024-01-26 12:45:00,2024-01-26,12:45:00,2452,0,0,0,0,0,228.6,227.7,0.0,0.1,January,Friday,12,Local,0
1706263200,2024-01-26 13:00:00,2024-01-26,13:00:00,2453,0,1,1,1,0,228.7,228.7,5650.0,1.4596,January,Friday,13,Local,0
1706264100,2024-01-26 13:15:00,2024-01-26,13:15:00,2454,0,0,0,1,1,227.1,227.9,1350.0,0.3631,January,Friday,13,Local,0
1706265000,2024-01-26 13:30:00,2024-01-26,13:30:00,2455,0,0,0,1,0,225.4,224.1,150.0,0.1,January,Friday,13,Local,0
1706265900,2024-01-26 13:45:00,2024-01-26,13:45:00,2456,0,0,1,1,0,230.1,231.3,3150.0,0.854,January,Friday,13,Local,0
1706266800,2024-01-26 14:00:00,2024-01-26,14:00:00,2457,0,0,0,1,0,230.8,231.2,150.0,0.1,January,Friday,14,Local,0
1706267700,2024-01-26 14:15:00,2024-01-26,14:15:00,2458,0,0,0,0,0,229.8,231.0,0.0,0.1,January,Friday,14,Local,0
1706268600,2024-01-26 14:30:00,2024-01-26,14:30:00,2459,0,0,0,1,1,228.7,225.7,1350.0,0.4467,January,Friday,14,Local,0
1706269500,2024-01-26 14:45:00,2024-01-26,14:45:00,2460,0,0,0,0,0,231.5,232.5,0.0,0.1,January,Friday,14,Local,0
1706270400,2024-01-26 15:00:00,2024-01-26,15:00:00,2461,1,0,0,1,0,225.8,223.5,300.0,0.1,January,Friday,15,Local,0
1706271300,2024-01-26 15:15:00,2024-01-26,15:15:00,2462,0,1,0,1,0,232.4,236.1,2650.0,0.8385,January,Friday,15,Local,0
1706272200,2024-01-26 15:30:00,2024-01-26,15:30:00,2463,1,0,0,1,0,233.6,234.7,300.0,0.1,January,Friday,15,Local,0
1706273100,2024-01-26 15:45:00,2024-01-26,15:45:00,2464,0,0,0,0,0,234.6,230.9,0.0,0.1,January,Friday,15,Local,0
1706274000,2024-01-26 16:00:00,2024-01-26,16:00:00,2465,0,0,0,1,0,236.0,235.6,150.0,0.1,January,Friday,16,Local,0
1706274900,2024-01-26 16:15:00,2024-01-26,16:15:00,2466,0,0,0,1,0,228.8,231.8,150.0,0.2685,January,Friday,16,Local,1
1706275800,2024-01-26 16:30:00,2024-01-26,16:30:00,2467,0,0,1,1,0,232.1,233.5,3150.0,0.9422,January,Friday,16,Local,0
1706276700,2024-01-26 16:45:00,2024-01-26,16:45:00,2468,0,0,1,1,0,227.0,228.0,3150.0,1.0846,January,Friday,16,Local,0
1706277600,2024-01-26 17:00:00,2024-01-26,17:00:00,2469,0,0,0,1,1,228.7,226.0,1350.0,0.4628,January,Friday,17,Local,0
1706278500,2024-01-26 17:15:00,2024-01-26,17:15:00,2470,0,0,1,1,0,233.4,233.4,3150.0,1.096,January,Friday,17,Local,0
1706279400,2024-01-26 17:30:00,2024-01-26,17:30:00,2471,1,0,0,1,1,229.5,231.3,1500.0,0.4671,January,Friday,17,Local,0
1706280300,2024-01-26 17:45:00,2024-01-26,17:45:00,2472,0,1,0,0,1,225.3,225.8,3700.0,1.0804,January,Friday,17,Local,0
1706281200,2024-01-26 18:00:00,2024-01-26,18:00:00,2473,0,0,1,1,0,228.6,228.8,3150.0,0.8035,January,Friday,18,Local,0
1706282100,2024-01-26 18:15:00,2024-01-26,18:15:00,2474,0,0,0,1,1,229.1,230.5,1350.0,0.3862,January,Friday,18,Local,0
1706283000,2024-01-26 18:30:00,2024-01-26,18:30:00,2475,0,0,0,0,0,225.4,224.9,0.0,0.1,January,Friday,18,Local,0
1706283900,2024-01-26 18:45:00,2024-01-26,18:45:00,2476,1,0,1,0,0,233.6,230.9,3150.0,0.9471,January,Friday,18,Local,0
1706284800,2024-01-26 19:00:00,2024-01-26,19:00:00,2477,1,0,0,1,0,227.8,228.0,300.0,0.1,January,Friday,19,Local,0
1706285700,2024-01-26 19:15:00,2024-01-26,19:15:00,2478,0,0,1,1,0,233.3,231.6,3150.0,1.058,January,Friday,19,Local,0
1706286600,2024-01-26 19:30:00,2024-01-26,19:30:00,2479,1,0,1,1,0,227.9,228.7,3300.0,1.0227,January,Friday,19,Local,0
1706287500,2024-01-26 19:45:00,2024-01-26,19:45:00,2480,1,0,0,0,0,229.9,231.0,150.0,0.1,January,Friday,19,Local,0
1706288400,2024-01-26 20:00:00,2024-01-26,20:00:00,2481,1,0,1,1,0,225.4,227.3,3300.0,0.8172,January,Friday,20,Local,0
1706289300,2024-01-26 20:15:00,2024-01-26,20:15:00,2482,1,0,0,1,0,226.6,226.9,300.0,0.1,January,Friday,20,Local,0
1706290200,2024-01-26 20:30:00,2024-01-26,20:30:00,2483,1,0,1,1,0,233.7,232.2,3300.0,0.8708,January,Friday,20,Local,0
1706291100,2024-01-26 20:45:00,2024-01-26,20:45:00,2484,1,0,1,0,1,229.0,227.4,4350.0,1.2787,January,Friday,20,Local,0
1706292000,2024-01-26 21:00:00,2024-01-26,21:00:00,2485,1,1,0,1,0,228.8,226.9,2800.0,0.7173,January,Friday,21,Local,0
1706292900,2024-01-26 21:15:00,2024-01-26,21:15:00,2486,0,0,0,1,1,225.1,224.5,1350.0,0.3725,January,Friday,21,Local,0
1706293800,2024-01-26 21:30:00,2024-01-26,21:30:00,2487,1,1,0,1,0,227.4,227.4,2800.0,0.8305,January,Friday,21,Local,0
1706294700,2024-01-26 21:45:00,2024-01-26,21:45:00,2488,1,0,0,0,0,232.5,233.1,150.0,0.1,January,Friday,21,Local,0
1706295600,2024-01-26 22:00:00,2024-01-26,22:00:00,2489,0,0,1,1,1,224.9,226.4,4350.0,1.5876,January,Friday,22,Local,0
1706296500,2024-01-26 22:15:00,2024-01-26,22:15:00,2490,0,0,0,1,0,228.4,228.0,150.0,0.1,January,Friday,22,Local,0
1706297400,2024-01-26 22:30:00,2024-01-26,22:30:00,2491,1,0,1,1,0,228.6,228.0,3300.0,0.8211,January,Friday,22,Local,0
1706298300,2024-01-26 22:45:00,2024-01-26,22:45:00,2492,1,0,0,0,0,233.0,233.1,150.0,0.1,January,Friday,22,Local,0
1706299200,2024-01-26 23:00:00,2024-01-26,23:00:00,2493,1,0,0,1,0,233.6,231.2,300.0,0.1,January,Friday,23,Local,0
1706300100,2024-01-26 23:15:00,2024-01-26,23:15:00,2494,0,0,0,0,0,229.1,229.4,0.0,0.1,January,Friday,23,Local,0
1706301000,2024-01-26 23:30:00,2024-01-26,23:30:00,2495,0,0,0,1,0,225.7,222.6,150.0,0.1,January,Friday,23,Local,0
1706301900,2024-01-26 23:45:00,2024-01-26,23:45:00,2496,0,0,0,0,0,227.2,229.9,0.0,0.1,January,Friday,23,Local,0
1706302800,2024-01-27 00:00:00,2024-01-27,00:00:00,2497,0,0,0,1,0,225.1,224.9,1150.0,0.3481,January,Saturday,0,Local,0
1706303700,2024-01-27 00:15:00,2024-01-27,00:15:00,2498,0,0,0,1,0,233.3,230.2,150.0,0.1,January,Saturday,0,Local,0
1706304600,2024-01-27 00:30:00,2024-01-27,00:30:00,2499,0,0,0,0,0,233.2,234.0,0.0,0.1,January,Saturday,0,Local,0
1706305500,2024-01-27 00:45:00,2024-01-27,00:45:00,2500,0,0,0,0,0,229.6,229.5,0.0,0.1,January,Saturday,0,Local,0
1706306400,2024-01-27 01:00:00,2024-01-27,01:00:00,2501,0,0,0,0,0,225.8,225.3,0.0,0.1,January,Saturday,1,Local,0
1706307300,2024-01-27 01:15:00,2024-01-27,01:15:00,2502,0,0,0,1,0,228.9,226.4,150.0,0.1,January,Saturday,1,Local,0
1706308200,2024-01-27 01:30:00,2024-01-27,01:30:00,2503,0,0,0,1,0,228.8,232.3,150.0,0.1,January,Saturday,1,Local,0
1706309100,2024-01-27 01:45:00,2024-01-27,01:45:00,2504,0,0,0,0,0,232.6,232.2,0.0,0.1,January,Saturday,1,Local,0
1706310000,2024-01-27 02:00:00,2024-01-27,02:00:00,2505,0,0,0,0,0,231.6,231.9,0.0,0.1,January,Saturday,2,Local,0
1706310900,2024-01-27 02:15:00,2024-01-27,02:15:00,2506,0,0,0,1,0,226.9,229.0,150.0,0.1,January,Saturday,2,Local,0
1706311800,2024-01-27 02:30:00,2024-01-27,02:30:00,2507,0,0,0,1,0,231.7,234.2,150.0,0.1,January,Saturday,2,Local,0
1706312700,2024-01-27 02:45:00,2024-01-27,02:45:00,2508,0,0,0,0,0,229.4,234.3,0.0,0.1,January,Saturday,2,Local,0
1706313600,2024-01-27 03:00:00,2024-01-27,03:00:00,2509,0,0,0,1,0,230.8,229.3,150.0,0.1,January,Saturday,3,Local,0
1706314500,2024-01-27 03:15:00,2024-01-27,03:15:00,2510,0,0,0,1,0,234.0,229.2,150.0,0.1,January,Saturday,3,Local,0
1706315400,2024-01-27 03:30:00,2024-01-27,03:30:00,2511,0,0,0,1,0,232.2,227.1,150.0,0.1,January,Saturday,3,Local,0
1706316300,2024-01-27 03:45:00,2024-01-27,03:45:00,2512,0,0,0,0,0,228.7,226.9,0.0,0.1,January,Saturday,3,Local,0
1706317200,2024-01-27 04:00:00,2024-01-27,04:00:00,2513,0,0,0,1,0,231.6,230.2,150.0,0.1,January,Saturday,4,Local,0
1706318100,2024-01-27 04:15:00,2024-01-27,04:15:00,2514,0,0,0,1,0,236.0,235.0,150.0,0.1,January,Saturday,4,Local,0
1706319000,2024-01-27 04:30:00,2024-01-27,04:30:00,2515,0,0,0,1,0,230.3,228.5,150.0,0.1,January,Saturday,4,Local,0
1706319900,2024-01-27 04:45:00,2024-01-27,04:45:00,2516,0,0,0,0,0,228.2,225.8,0.0,0.1,January,Saturday,4,Local,0
1706320800,2024-01-27 05:00:00,2024-01-27,05:00:00,2517,0,0,0,0,0,231.1,229.1,0.0,0.1,January,Saturday,5,Local,0
1706321700,2024-01-27 05:15:00,2024-01-27,05:15:00,2518,0,0,0,1,0,225.4,226.9,150.0,0.1,January,Saturday,5,Local,0
1706322600,2024-01-27 05:30:00,2024-01-27,05:30:00,2519,0,0,0,1,0,232.0,233.6,150.0,0.1,January,Saturday,5,Local,0
1706323500,2024-01-27 05:45:00,2024-01-27,05:45:00,2520,0,0,0,0,0,235.6,236.8,0.0,0.1,January,Saturday,5,Local,0
1706324400,2024-01-27 06:00:00,2024-01-27,06:00:00,2521,0,0,0,1,0,229.7,228.8,150.0,0.1,January,Saturday,6,Local,0
1706325300,2024-01-27 06:15:00,2024-01-27,06:15:00,2522,0,0,0,1,0,228.5,228.3,150.0,0.1,January,Saturday,6,Local,0
1706326200,2024-01-27 06:30:00,2024-01-27,06:30:00,2523,0,1,0,1,0,230.0,227.8,2650.0,0.8268,January,Saturday,6,Local,0
1706327100,2024-01-27 06:45:00,2024-01-27,06:45:00,2524,0,0,0,0,0,231.6,229.7,0.0,0.1,January,Saturday,6,Local,0
1706328000,2024-01-27 07:00:00,2024-01-27,07:00:00,2525,0,0,0,1,1,222.8,224.1,1350.0,0.4023,January,Saturday,7,Local,0
1706328900,2024-01-27 07:15:00,2024-01-27,07:15:00,2526,0,1,0,1,0,230.1,229.8,2650.0,0.8249,January,Saturday,7,Local,0
1706329800,2024-01-27 07:30:00,2024-01-27,07:30:00,2527,0,0,0,0,1,229.8,233.1,1200.0,0.3866,January,Saturday,7,Local,0
1706330700,2024-01-27 07:45:00,2024-01-27,07:45:00,2528,0,0,0,0,0,227.9,222.8,0.0,0.1,January,Saturday,7,Local,0
1706331600,2024-01-27 08:00:00,2024-01-27,08:00:00,2529,1,0,1,1,0,233.8,232.4,3300.0,1.0221,January,Saturday,8,Local,0
1706332500,2024-01-27 08:15:00,2024-01-27,08:15:00,2530,0,0,0,1,0,231.0,231.3,150.0,0.1,January,Saturday,8,Local,0
1706333400,2024-01-27 08:30:00,2024-01-27,08:30:00,2531,1,0,0,1,0,228.7,228.3,300.0,0.1035,January,Saturday,8,Local,0
1706334300,2024-01-27 08:45:00,2024-01-27,08:45:00,2532,0,0,0,0,0,232.0,234.2,0.0,0.1,January,Saturday,8,Local,0
1706335200,2024-01-27 09:00:00,2024-01-27,09:00:00,2533,1,0,0,1,0,230.2,232.1,300.0,0.1,January,Saturday,9,Local,0
1706336100,2024-01-27 09:15:00,2024-01-27,09:15:00,2534,0,0,0,1,0,224.9,222.8,150.0,0.1,January,Saturday,9,Local,0
1706337000,2024-01-27 09:30:00,2024-01-27,09:30:00,2535,0,0,0,1,0,228.1,228.2,150.0,0.1,January,Saturday,9,Local,0
1706337900,2024-01-27 09:45:00,2024-01-27,09:45:00,2536,0,0,0,1,0,230.5,231.2,950.0,0.3077,January,Saturday,9,Local,0
1706338800,2024-01-27 10:00:00,2024-01-27,10:00:00,2537,0,0,0,1,0,228.7,224.8,150.0,0.1,January,Saturday,10,Local,0
1706339700,2024-01-27 10:15:00,2024-01-27,10:15:00,2538,0,0,0,1,0,229.1,230.1,150.0,0.1,January,Saturday,10,Local,0
1706340600,2024-01-27 10:30:00,2024-01-27,10:30:00,2539,0,0,0,1,0,230.0,225.8,150.0,0.1,January,Saturday,10,Local,0
1706341500,2024-01-27 10:45:00,2024-01-27,10:45:00,2540,0,0,0,0,0,233.0,232.8,0.0,0.1,January,Saturday,10,Local,0
1706342400,2024-01-27 11:00:00,2024-01-27,11:00:00,2541,0,0,0,1,0,227.9,227.0,150.0,0.1,January,Saturday,11,Local,0
1706343300,2024-01-27 11:15:00,2024-01-27,11:15:00,2542,0,0,0,1,0,226.3,231.1,150.0,0.1,January,Saturday,11,Local,0
1706344200,2024-01-27 11:30:00,2024-01-27,11:30:00,2543,0,0,0,1,0,231.5,230.5,150.0,0.1,January,Saturday,11,Local,0
1706345100,2024-01-27 11:45:00,2024-01-27,11:45:00,2544,1,1,0,0,0,232.2,230.8,2650.0,0.7336,January,Saturday,11,Local,0
1706346000,2024-01-27 12:00:00,2024-01-27,12:00:00,2545,0,0,0,1,0,236.2,240.4,150.0,0.1,January,Saturday,12,Local,0
1706346900,2024-01-27 12:15:00,2024-01-27,12:15:00,2546,0,0,0,1,0,234.5,235.5,150.0,0.1,January,Saturday,12,Local,0
1706347800,2024-01-27 12:30:00,2024-01-27,12:30:00,2547,0,0,0,0,0,234.1,234.6,0.0,0.1,January,Saturday,12,Local,0
1706348700,2024-01-27 12:45:00,2024-01-27,12:45:00,2548,0,0,0,0,0,224.9,227.1,0.0,0.1,January,Saturday,12,Local,0
1706349600,2024-01-27 13:00:00,2024-01-27,13:00:00,2549,0,0,0,1,0,232.5,228.0,150.0,0.1,January,Saturday,13,Local,0
1706350500,2024-01-27 13:15:00,2024-01-27,13:15:00,2550,0,0,1,1,0,231.9,231.5,3150.0,1.0156,January,Saturday,13,Local,0
1706351400,2024-01-27 13:30:00,2024-01-27,13:30:00,2551,0,0,1,1,0,229.8,229.8,3150.0,0.8752,January,Saturday,13,Local,0
1706352300,2024-01-27 13:45:00,2024-01-27,13:45:00,2552,1,0,0,0,0,232.0,231.7,150.0,0.1,January,Saturday,13,Local,0
1706353200,2024-01-27 14:00:00,2024-01-27,14:00:00,2553,0,0,0,1,0,228.1,229.9,150.0,0.1,January,Saturday,14,Local,0
1706354100,2024-01-27 14:15:00,2024-01-27,14:15:00,2554,0,1,0,1,0,229.5,230.2,2650.0,0.851,January,Saturday,14,Local,0
1706355000,2024-01-27 14:30:00,2024-01-27,14:30:00,2555,0,0,0,1,0,227.7,223.3,150.0,0.1,January,Saturday,14,Local,0
1706355900,2024-01-27 14:45:00,2024-01-27,14:45:00,2556,0,0,0,0,0,229.0,230.6,0.0,0.1,January,Saturday,14,Local,0
1706356800,2024-01-27 15:00:00,2024-01-27,15:00:00,2557,1,0,0,1,0,232.4,232.1,300.0,0.1,January,Saturday,15,Local,0
1706357700,2024-01-27 15:15:00,2024-01-27,15:15:00,2558,0,0,0,1,0,223.8,221.0,150.0,0.1,January,Saturday,15,Local,0
1706358600,2024-01-27 15:30:00,2024-01-27,15:30:00,2559,0,0,1,1,0,229.8,228.0,3150.0,0.8213,January,Saturday,15,Local,0
1706359500,2024-01-27 15:45:00,2024-01-27,15:45:00,2560,0,0,0,0,0,229.3,228.2,0.0,0.1,January,Saturday,15,Local,0
1706360400,2024-01-27 16:00:00,2024-01-27,16:00:00,2561,0,0,0,1,0,230.7,229.3,150.0,0.1,January,Saturday,16,Local,0
1706361300,2024-01-27 16:15:00,2024-01-27,16:15:00,2562,0,0,0,1,0,228.5,228.4,150.0,0.1,January,Saturday,16,Local,0
1706362200,2024-01-27 16:30:00,2024-01-27,16:30:00,2563,0,1,0,1,0,230.2,225.5,2650.0,0.7811,January,Saturday,16,Local,0
1706363100,2024-01-27 16:45:00,2024-01-27,16:45:00,2564,0,0,0,0,0,230.4,231.9,0.0,0.1,January,Saturday,16,Local,0
1706364000,2024-01-27 17:00:00,2024-01-27,17:00:00,2565,0,1,0,1,0,228.1,232.2,2650.0,0.8292,January,Saturday,17,Local,0
1706364900,2024-01-27 17:15:00,2024-01-27,17:15:00,2566,1,0,0,0,0,229.7,226.7,150.0,0.1,January,Saturday,17,Local,0
1706365800,2024-01-27 17:30:00,2024-01-27,17:30:00,2567,0,1,0,0,0,237.2,240.5,2500.0,0.8299,January,Saturday,17,Local,0
1706366700,2024-01-27 17:45:00,2024-01-27,17:45:00,2568,0,1,1,0,0,228.6,232.0,5500.0,1.4984,January,Saturday,17,Local,0
1706367600,2024-01-27 18:00:00,2024-01-27,18:00:00,2569,1,1,0,1,1,233.0,234.1,4000.0,1.0327,January,Saturday,18,Local,0
1706368500,2024-01-27 18:15:00,2024-01-27,18:15:00,2570,1,0,1,1,0,230.2,230.6,3300.0,1.1286,January,Saturday,18,Local,0
1706369400,2024-01-27 18:30:00,2024-01-27,18:30:00,2571,0,0,0,1,0,232.3,232.7,150.0,0.1,January,Saturday,18,Local,0
1706370300,2024-01-27 18:45:00,2024-01-27,18:45:00,2572,1,0,1,0,0,227.8,228.0,3150.0,1.0334,January,Saturday,18,Local,0
1706371200,2024-01-27 19:00:00,2024-01-27,19:00:00,2573,1,0,1,0,0,228.0,228.3,3150.0,1.0051,January,Saturday,19,Local,0
1706372100,2024-01-27 19:15:00,2024-01-27,19:15:00,2574,1,0,1,1,0,233.4,232.6,3300.0,1.0396,January,Saturday,19,Local,0
1706373000,2024-01-27 19:30:00,2024-01-27,19:30:00,2575,1,0,0,1,0,230.2,232.1,300.0,0.1,January,Saturday,19,Local,0
1706373900,2024-01-27 19:45:00,2024-01-27,19:45:00,2576,1,1,0,0,0,227.5,226.8,2650.0,0.8634,January,Saturday,19,Local,0
1706374800,2024-01-27 20:00:00,2024-01-27,20:00:00,2577,1,0,0,1,1,236.2,236.0,1500.0,0.5051,January,Saturday,20,Local,0
1706375700,2024-01-27 20:15:00,2024-01-27,20:15:00,2578,1,1,1,1,0,228.5,226.3,5800.0,1.6603,January,Saturday,20,Local,0
1706376600,2024-01-27 20:30:00,2024-01-27,20:30:00,2579,1,0,1,1,0,237.0,233.6,3300.0,0.9664,January,Saturday,20,Local,0
1706377500,2024-01-27 20:45:00,2024-01-27,20:45:00,2580,1,1,1,1,1,231.5,229.6,7000.0,2.1816,January,Saturday,20,Local,0
1706378400,2024-01-27 21:00:00,2024-01-27,21:00:00,2581,1,0,0,1,0,234.5,232.9,300.0,0.1,January,Saturday,21,Local,0
1706379300,2024-01-27 21:15:00,2024-01-27,21:15:00,2582,1,0,0,0,0,229.2,228.8,150.0,0.1,January,Saturday,21,Local,0
1706380200,2024-01-27 21:30:00,2024-01-27,21:30:00,2583,1,0,1,1,1,230.6,234.3,4500.0,1.418,January,Saturday,21,Local,0
1706381100,2024-01-27 21:45:00,2024-01-27,21:45:00,2584,1,0,1,0,0,232.3,229.5,3150.0,0.9271,January,Saturday,21,Local,0
1706382000,2024-01-27 22:00:00,2024-01-27,22:00:00,2585,1,0,0,0,1,233.7,236.8,1350.0,0.4257,January,Saturday,22,Local,0
1706382900,2024-01-27 22:15:00,2024-01-27,22:15:00,2586,1,0,0,1,0,230.8,228.2,300.0,0.1,January,Saturday,22,Local,0
1706383800,2024-01-27 22:30:00,2024-01-27,22:30:00,2587,1,0,0,0,0,228.1,229.4,150.0,0.1,January,Saturday,22,Local,0
1706384700,2024-01-27 22:45:00,2024-01-27,22:45:00,2588,1,0,0,0,0,231.7,225.7,150.0,0.1,January,Saturday,22,Local,0
1706385600,2024-01-27 23:00:00,2024-01-27,23:00:00,2589,0,0,0,0,0,230.0,230.8,0.0,0.2233,January,Saturday,23,Local,1
1706386500,2024-01-27 23:15:00,2024-01-27,23:15:00,2590,1,0,0,1,0,236.5,234.2,300.0,0.1028,January,Saturday,23,Local,0
1706387400,2024-01-27 23:30:00,2024-01-27,23:30:00,2591,0,0,0,1,0,229.5,226.7,150.0,0.1,January,Saturday,23,Local,0
1706388300,2024-01-27 23:45:00,2024-01-27,23:45:00,2592,1,0,0,0,0,229.3,232.1,150.0,0.1,January,Saturday,23,Local,0
1706389200,2024-01-28 00:00:00,2024-01-28,00:00:00,2593,0,0,0,1,0,233.8,233.2,150.0,0.1,January,Sunday,0,Local,0
1706390100,2024-01-28 00:15:00,2024-01-28,00:15:00,2594,0,0,0,1,0,226.2,228.8,150.0,0.1,January,Sunday,0,Local,0
1706391000,2024-01-28 00:30:00,2024-01-28,00:30:00,2595,0,0,0,1,0,231.3,229.2,150.0,0.1,January,Sunday,0,Local,0
1706391900,2024-01-28 00:45:00,2024-01-28,00:45:00,2596,0,0,0,1,0,232.0,230.8,150.0,0.1,January,Sunday,0,Local,0
1706392800,2024-01-28 01:00:00,2024-01-28,01:00:00,2597,0,0,0,1,0,230.7,229.8,150.0,0.1,January,Sunday,1,Local,0
1706393700,2024-01-28 01:15:00,2024-01-28,01:15:00,2598,0,0,0,0,0,227.7,224.9,0.0,0.1,January,Sunday,1,Local,0
1706394600,2024-01-28 01:30:00,2024-01-28,01:30:00,2599,0,0,0,1,0,229.7,230.5,150.0,0.1,January,Sunday,1,Local,0
1706395500,2024-01-28 01:45:00,2024-01-28,01:45:00,2600,0,0,0,0,0,229.1,231.2,0.0,0.1,January,Sunday,1,Local,0
1706396400,2024-01-28 02:00:00,2024-01-28,02:00:00,2601,0,0,0,1,0,228.6,228.4,150.0,0.1,January,Sunday,2,Local,0
1706397300,2024-01-28 02:15:00,2024-01-28,02:15:00,2602,0,0,0,1,0,231.6,230.8,150.0,0.1,January,Sunday,2,Local,0
1706398200,2024-01-28 02:30:00,2024-01-28,02:30:00,2603,0,0,0,1,0,227.6,227.0,150.0,0.1,January,Sunday,2,Local,0
1706399100,2024-01-28 02:45:00,2024-01-28,02:45:00,2604,0,0,0,0,0,229.9,229.8,0.0,0.1,January,Sunday,2,Local,0
1706400000,2024-01-28 03:00:00,2024-01-28,03:00:00,2605,0,0,0,1,0,230.8,230.2,150.0,0.1,January,Sunday,3,Local,0
1706400900,2024-01-28 03:15:00,2024-01-28,03:15:00,2606,0,0,0,1,0,234.1,231.8,2150.0,0.7449,January,Sunday,3,Local,0
1706401800,2024-01-28 03:30:00,2024-01-28,03:30:00,2607,0,0,0,1,0,230.0,229.8,150.0,0.1,January,Sunday,3,Local,0
1706402700,2024-01-28 03:45:00,2024-01-28,03:45:00,2608,0,0,0,1,0,228.6,232.4,150.0,0.2332,January,Sunday,3,Local,1
1706403600,2024-01-28 04:00:00,2024-01-28,04:00:00,2609,0,0,0,0,0,232.9,234.5,0.0,0.1,January,Sunday,4,Local,0
1706404500,2024-01-28 04:15:00,2024-01-28,04:15:00,2610,0,0,0,1,0,229.5,229.3,150.0,0.1,January,Sunday,4,Local,0
1706405400,2024-01-28 04:30:00,2024-01-28,04:30:00,2611,0,0,0,1,0,231.0,225.7,150.0,0.1,January,Sunday,4,Local,0
1706406300,2024-01-28 04:45:00,2024-01-28,04:45:00,2612,0,0,0,0,0,228.5,228.7,0.0,0.1,January,Sunday,4,Local,0
1706407200,2024-01-28 05:00:00,2024-01-28,05:00:00,2613,0,0,0,1,0,232.7,232.7,150.0,0.1,January,Sunday,5,Local,0
1706408100,2024-01-28 05:15:00,2024-01-28,05:15:00,2614,0,0,0,1,0,235.9,237.5,150.0,0.1,January,Sunday,5,Local,0
1706409000,2024-01-28 05:30:00,2024-01-28,05:30:00,2615,0,0,0,0,0,229.6,229.7,0.0,0.1,January,Sunday,5,Local,0
1706409900,2024-01-28 05:45:00,2024-01-28,05:45:00,2616,0,0,0,0,0,224.2,224.7,0.0,0.1,January,Sunday,5,Local,0
1706410800,2024-01-28 06:00:00,2024-01-28,06:00:00,2617,0,0,0,1,0,235.8,235.9,150.0,0.1,January,Sunday,6,Local,0
1706411700,2024-01-28 06:15:00,2024-01-28,06:15:00,2618,0,0,0,1,0,229.4,229.4,150.0,0.1,January,Sunday,6,Local,0
1706412600,2024-01-28 06:30:00,2024-01-28,06:30:00,2619,0,0,0,1,0,228.9,230.2,150.0,0.1,January,Sunday,6,Local,0
1706413500,2024-01-28 06:45:00,2024-01-28,06:45:00,2620,0,0,0,0,0,229.4,227.6,0.0,0.1,January,Sunday,6,Local,0
1706414400,2024-01-28 07:00:00,2024-01-28,07:00:00,2621,0,0,1,0,0,226.3,225.1,3000.0,0.8037,January,Sunday,7,Local,0
1706415300,2024-01-28 07:15:00,2024-01-28,07:15:00,2622,0,0,0,1,0,232.2,233.1,150.0,0.1,January,Sunday,7,Local,0
1706416200,2024-01-28 07:30:00,2024-01-28,07:30:00,2623,0,0,0,1,0,229.0,228.9,150.0,0.1,January,Sunday,7,Local,0
1706417100,2024-01-28 07:45:00,2024-01-28,07:45:00,2624,0,0,0,0,0,231.2,232.0,0.0,0.1,January,Sunday,7,Local,0
1706418000,2024-01-28 08:00:00,2024-01-28,08:00:00,2625,0,1,0,1,0,227.3,226.1,2650.0,0.6808,January,Sunday,8,Local,0
1706418900,2024-01-28 08:15:00,2024-01-28,08:15:00,2626,0,1,0,1,0,221.4,218.2,2650.0,0.898,January,Sunday,8,Local,0
1706419800,2024-01-28 08:30:00,2024-01-28,08:30:00,2627,0,0,0,1,0,233.0,228.5,150.0,0.1,January,Sunday,8,Local,0
1706420700,2024-01-28 08:45:00,2024-01-28,08:45:00,2628,0,1,0,0,0,232.0,232.7,2500.0,0.757,January,Sunday,8,Local,0
1706421600,2024-01-28 09:00:00,2024-01-28,09:00:00,2629,0,0,0,0,0,227.3,226.9,0.0,0.1,January,Sunday,9,Local,0
1706422500,2024-01-28 09:15:00,2024-01-28,09:15:00,2630,0,0,0,1,0,232.1,231.5,150.0,0.1,January,Sunday,9,Local,0
1706423400,2024-01-28 09:30:00,2024-01-28,09:30:00,2631,0,0,0,1,0,227.1,224.4,950.0,0.2625,January,Sunday,9,Local,0
1706424300,2024-01-28 09:45:00,2024-01-28,09:45:00,2632,0,0,0,0,0,227.6,227.7,0.0,0.2739,January,Sunday,9,Local,1
1706425200,2024-01-28 10:00:00,2024-01-28,10:00:00,2633,1,0,0,1,0,229.2,229.0,300.0,0.1,January,Sunday,10,Local,0
1706426100,2024-01-28 10:15:00,2024-01-28,10:15:00,2634,0,0,0,0,0,224.3,226.9,0.0,0.1,January,Sunday,10,Local,0
1706427000,2024-01-28 10:30:00,2024-01-28,10:30:00,2635,0,0,0,1,0,231.7,229.1,150.0,0.1,January,Sunday,10,Local,0
1706427900,2024-01-28 10:45:00,2024-01-28,10:45:00,2636,0,0,0,0,0,231.3,233.4,0.0,0.1,January,Sunday,10,Local,0
1706428800,2024-01-28 11:00:00,2024-01-28,11:00:00,2637,0,0,0,1,0,227.6,228.2,150.0,0.1,January,Sunday,11,Local,0
1706429700,2024-01-28 11:15:00,2024-01-28,11:15:00,2638,0,0,0,1,0,230.5,233.7,150.0,0.1,January,Sunday,11,Local,0
1706430600,2024-01-28 11:30:00,2024-01-28,11:30:00,2639,0,0,0,1,0,228.0,227.4,150.0,0.1,January,Sunday,11,Local,0
1706431500,2024-01-28 11:45:00,2024-01-28,11:45:00,2640,0,0,0,0,0,228.2,227.4,0.0,0.1,January,Sunday,11,Local,0
1706432400,2024-01-28 12:00:00,2024-01-28,12:00:00,2641,0,0,0,1,0,226.5,227.1,150.0,0.1,January,Sunday,12,Local,0
1706433300,2024-01-28 12:15:00,2024-01-28,12:15:00,2642,1,0,1,1,0,229.5,233.3,3300.0,0.9619,January,Sunday,12,Local,0
1706434200,2024-01-28 12:30:00,2024-01-28,12:30:00,2643,0,1,0,1,0,233.0,232.3,2650.0,0.8047,January,Sunday,12,Local,0
1706435100,2024-01-28 12:45:00,2024-01-28,12:45:00,2644,0,0,0,0,0,236.0,234.5,0.0,0.1,January,Sunday,12,Local,0
1706436000,2024-01-28 13:00:00,2024-01-28,13:00:00,2645,0,0,1,1,0,231.9,232.4,3150.0,0.9755,January,Sunday,13,Local,0
1706436900,2024-01-28 13:15:00,2024-01-28,13:15:00,2646,0,0,0,1,0,230.7,232.4,150.0,0.1,January,Sunday,13,Local,0
1706437800,2024-01-28 13:30:00,2024-01-28,13:30:00,2647,1,0,0,1,0,231.4,231.4,300.0,0.1,January,Sunday,13,Local,0
1706438700,2024-01-28 13:45:00,2024-01-28,13:45:00,2648,1,1,1,0,0,232.8,231.7,5650.0,1.5335,January,Sunday,13,Local,0
1706439600,2024-01-28 14:00:00,2024-01-28,14:00:00,2649,1,0,0,1,0,237.8,235.9,300.0,0.1,January,Sunday,14,Local,0
1706440500,2024-01-28 14:15:00,2024-01-28,14:15:00,2650,0,1,0,1,0,234.8,233.4,2650.0,0.7798,January,Sunday,14,Local,0
1706441400,2024-01-28 14:30:00,2024-01-28,14:30:00,2651,0,0,1,1,0,230.9,229.1,3150.0,0.9159,January,Sunday,14,Local,0
1706442300,2024-01-28 14:45:00,2024-01-28,14:45:00,2652,0,0,0,0,0,231.8,228.9,0.0,0.1,January,Sunday,14,Local,0
1706443200,2024-01-28 15:00:00,2024-01-28,15:00:00,2653,0,0,0,0,0,235.5,236.0,0.0,0.1,January,Sunday,15,Local,0
1706444100,2024-01-28 15:15:00,2024-01-28,15:15:00,2654,0,0,0,1,0,229.9,229.7,150.0,0.1,January,Sunday,15,Local,0
1706445000,2024-01-28 15:30:00,2024-01-28,15:30:00,2655,0,0,0,1,0,235.4,231.4,150.0,0.1,January,Sunday,15,Local,0
1706445900,2024-01-28 15:45:00,2024-01-28,15:45:00,2656,1,0,0,0,0,226.4,228.0,150.0,0.1,January,Sunday,15,Local,0
1706446800,2024-01-28 16:00:00,2024-01-28,16:00:00,2657,0,0,0,0,1,230.9,232.1,1200.0,0.353,January,Sunday,16,Local,0
1706447700,2024-01-28 16:15:00,2024-01-28,16:15:00,2658,1,0,0,1,1,232.4,231.9,1500.0,0.4354,January,Sunday,16,Local,0
1706448600,2024-01-28 16:30:00,2024-01-28,16:30:00,2659,0,0,1,1,0,227.9,226.9,3150.0,0.9823,January,Sunday,16,Local,0
1706449500,2024-01-28 16:45:00,2024-01-28,16:45:00,2660,0,0,0,0,0,230.9,229.8,0.0,0.1,January,Sunday,16,Local,0
1706450400,2024-01-28 17:00:00,2024-01-28,17:00:00,2661,0,0,0,1,0,231.2,229.8,150.0,0.1,January,Sunday,17,Local,0
1706451300,2024-01-28 17:15:00,2024-01-28,17:15:00,2662,0,0,0,0,1,227.2,224.4,1200.0,0.3881,January,Sunday,17,Local,0
1706452200,2024-01-28 17:30:00,2024-01-28,17:30:00,2663,1,0,1,1,1,226.7,229.6,4500.0,1.3292,January,Sunday,17,Local,0
1706453100,2024-01-28 17:45:00,2024-01-28,17:45:00,2664,0,1,0,0,0,227.9,223.2,2500.0,0.6909,January,Sunday,17,Local,0
1706454000,2024-01-28 18:00:00,2024-01-28,18:00:00,2665,0,0,0,1,0,233.0,230.1,150.0,0.1,January,Sunday,18,Local,0
1706454900,2024-01-28 18:15:00,2024-01-28,18:15:00,2666,0,1,0,1,0,231.9,231.7,2650.0,0.9376,January,Sunday,18,Local,0
1706455800,2024-01-28 18:30:00,2024-01-28,18:30:00,2667,1,0,0,1,0,232.1,231.9,300.0,0.1,January,Sunday,18,Local,0
1706456700,2024-01-28 18:45:00,2024-01-28,18:45:00,2668,1,0,1,0,0,230.8,233.5,3150.0,1.0878,January,Sunday,18,Local,0
1706457600,2024-01-28 19:00:00,2024-01-28,19:00:00,2669,1,1,1,1,0,228.1,224.8,5800.0,1.8187,January,Sunday,19,Local,0
1706458500,2024-01-28 19:15:00,2024-01-28,19:15:00,2670,1,0,1,1,0,230.2,229.1,3300.0,0.9248,January,Sunday,19,Local,0
1706459400,2024-01-28 19:30:00,2024-01-28,19:30:00,2671,1,0,0,1,0,231.1,232.0,300.0,0.1,January,Sunday,19,Local,0
1706460300,2024-01-28 19:45:00,2024-01-28,19:45:00,2672,1,0,0,0,0,235.3,238.7,150.0,0.1,January,Sunday,19,Local,0
1706461200,2024-01-28 20:00:00,2024-01-28,20:00:00,2673,1,0,0,0,0,229.0,230.4,150.0,0.1,January,Sunday,20,Local,0
1706462100,2024-01-28 20:15:00,2024-01-28,20:15:00,2674,1,0,1,1,0,226.8,225.7,3300.0,0.8917,January,Sunday,20,Local,0
1706463000,2024-01-28 20:30:00,2024-01-28,20:30:00,2675,1,0,1,1,0,236.9,236.1,3800.0,1.1594,January,Sunday,20,Local,0
1706463900,2024-01-28 20:45:00,2024-01-28,20:45:00,2676,1,0,1,0,0,226.4,226.2,3150.0,0.8627,January,Sunday,20,Local,0
1706464800,2024-01-28 21:00:00,2024-01-28,21:00:00,2677,1,0,0,1,0,234.8,235.4,300.0,0.1,January,Sunday,21,Local,0
1706465700,2024-01-28 21:15:00,2024-01-28,21:15:00,2678,1,0,0,1,0,235.0,239.1,300.0,0.1,January,Sunday,21,Local,0
1706466600,2024-01-28 21:30:00,2024-01-28,21:30:00,2679,1,0,0,0,0,230.6,232.4,150.0,0.1,January,Sunday,21,Local,0
1706467500,2024-01-28 21:45:00,2024-01-28,21:45:00,2680,1,0,0,0,0,224.6,221.2,150.0,0.1,January,Sunday,21,Local,0
1706468400,2024-01-28 22:00:00,2024-01-28,22:00:00,2681,1,0,0,1,0,228.8,230.0,300.0,0.1,January,Sunday,22,Local,0
1706469300,2024-01-28 22:15:00,2024-01-28,22:15:00,2682,1,0,0,1,0,228.3,232.6,300.0,0.1,January,Sunday,22,Local,0
1706470200,2024-01-28 22:30:00,2024-01-28,22:30:00,2683,1,0,0,1,0,230.1,233.4,300.0,0.1,January,Sunday,22,Local,0
1706471100,2024-01-28 22:45:00,2024-01-28,22:45:00,2684,1,0,0,0,0,231.3,230.7,150.0,0.1,January,Sunday,22,Local,0
1706472000,2024-01-28 23:00:00,2024-01-28,23:00:00,2685,1,0,0,1,0,234.7,231.8,300.0,0.1,January,Sunday,23,Local,0
1706472900,2024-01-28 23:15:00,2024-01-28,23:15:00,2686,0,0,0,1,0,225.5,225.9,150.0,0.1,January,Sunday,23,Local,0
1706473800,2024-01-28 23:30:00,2024-01-28,23:30:00,2687,1,0,0,1,0,222.0,223.8,300.0,0.1091,January,Sunday,23,Local,0
1706474700,2024-01-28 23:45:00,2024-01-28,23:45:00,2688,1,0,0,0,0,231.5,233.8,150.0,0.1,January,Sunday,23,Local,0
1706475600,2024-01-29 00:00:00,2024-01-29,00:00:00,2689,0,0,0,1,0,228.9,230.7,150.0,0.1,January,Monday,0,Local,0
1706476500,2024-01-29 00:15:00,2024-01-29,00:15:00,2690,0,0,0,1,0,228.0,226.5,150.0,0.1,January,Monday,0,Local,0
1706477400,2024-01-29 00:30:00,2024-01-29,00:30:00,2691,0,0,0,1,0,230.0,231.5,150.0,0.1,January,Monday,0,Local,0
1706478300,2024-01-29 00:45:00,2024-01-29,00:45:00,2692,0,0,0,0,0,227.2,224.5,0.0,0.1,January,Monday,0,Local,0
1706479200,2024-01-29 01:00:00,2024-01-29,01:00:00,2693,0,0,0,1,0,230.9,229.1,150.0,0.1,January,Monday,1,Local,0
1706480100,2024-01-29 01:15:00,2024-01-29,01:15:00,2694,0,0,0,0,0,233.4,237.1,0.0,0.1,January,Monday,1,Local,0
1706481000,2024-01-29 01:30:00,2024-01-29,01:30:00,2695,0,0,0,1,0,226.9,227.4,150.0,0.1,January,Monday,1,Local,0
1706481900,2024-01-29 01:45:00,2024-01-29,01:45:00,2696,0,0,0,0,0,232.8,232.2,0.0,0.1,January,Monday,1,Local,0
1706482800,2024-01-29 02:00:00,2024-01-29,02:00:00,2697,0,0,0,1,0,232.3,230.4,150.0,0.1,January,Monday,2,Local,0
1706483700,2024-01-29 02:15:00,2024-01-29,02:15:00,2698,0,0,0,1,0,230.6,234.8,150.0,0.1,January,Monday,2,Local,0
1706484600,2024-01-29 02:30:00,2024-01-29,02:30:00,2699,0,0,0,1,0,229.4,229.4,150.0,0.1,January,Monday,2,Local,0
1706485500,2024-01-29 02:45:00,2024-01-29,02:45:00,2700,0,0,0,0,0,232.2,231.7,0.0,0.1,January,Monday,2,Local,0
1706486400,2024-01-29 03:00:00,2024-01-29,03:00:00,2701,0,0,0,1,0,235.1,235.6,150.0,0.1,January,Monday,3,Local,0
1706487300,2024-01-29 03:15:00,2024-01-29,03:15:00,2702,0,0,0,1,0,231.0,232.4,150.0,0.1,January,Monday,3,Local,0
1706488200,2024-01-29 03:30:00,2024-01-29,03:30:00,2703,0,0,0,1,0,227.4,230.1,150.0,0.1,January,Monday,3,Local,0
1706489100,2024-01-29 03:45:00,2024-01-29,03:45:00,2704,0,0,0,0,0,228.4,226.8,0.0,0.1,January,Monday,3,Local,0
1706490000,2024-01-29 04:00:00,2024-01-29,04:00:00,2705,0,0,0,1,0,235.0,237.6,150.0,0.1,January,Monday,4,Local,0
1706490900,2024-01-29 04:15:00,2024-01-29,04:15:00,2706,0,0,0,1,0,228.5,230.0,150.0,0.1,January,Monday,4,Local,0
1706491800,2024-01-29 04:30:00,2024-01-29,04:30:00,2707,0,0,0,1,0,236.3,234.3,150.0,0.1,January,Monday,4,Local,0
1706492700,2024-01-29 04:45:00,2024-01-29,04:45:00,2708,0,0,0,0,0,230.8,227.9,0.0,0.1,January,Monday,4,Local,0
1706493600,2024-01-29 05:00:00,2024-01-29,05:00:00,2709,0,0,0,1,0,228.5,230.4,150.0,0.1,January,Monday,5,Local,0
1706494500,2024-01-29 05:15:00,2024-01-29,05:15:00,2710,0,0,0,1,0,227.3,229.1,150.0,0.1,January,Monday,5,Local,0
1706495400,2024-01-29 05:30:00,2024-01-29,05:30:00,2711,0,0,0,1,0,228.7,228.7,150.0,0.1,January,Monday,5,Local,0
1706496300,2024-01-29 05:45:00,2024-01-29,05:45:00,2712,0,0,0,0,0,226.5,225.5,0.0,0.1,January,Monday,5,Local,0
1706497200,2024-01-29 06:00:00,2024-01-29,06:00:00,2713,0,0,0,1,0,235.3,234.5,150.0,0.1,January,Monday,6,Local,0
1706498100,2024-01-29 06:15:00,2024-01-29,06:15:00,2714,0,0,0,1,0,233.0,231.1,150.0,0.1,January,Monday,6,Local,0
1706499000,2024-01-29 06:30:00,2024-01-29,06:30:00,2715,0,0,0,1,0,229.4,231.7,150.0,0.1,January,Monday,6,Local,0
1706499900,2024-01-29 06:45:00,2024-01-29,06:45:00,2716,0,0,0,0,0,232.5,231.9,0.0,0.1,January,Monday,6,Local,0
1706500800,2024-01-29 07:00:00,2024-01-29,07:00:00,2717,0,0,0,1,0,232.0,231.1,150.0,0.1,January,Monday,7,Local,0
1706501700,2024-01-29 07:15:00,2024-01-29,07:15:00,2718,0,0,0,1,1,229.1,226.4,1350.0,0.4328,January,Monday,7,Local,0
1706502600,2024-01-29 07:30:00,2024-01-29,07:30:00,2719,0,0,0,1,0,228.4,227.4,2150.0,0.6003,January,Monday,7,Local,0
1706503500,2024-01-29 07:45:00,2024-01-29,07:45:00,2720,0,0,0,0,0,229.6,226.5,0.0,0.1,January,Monday,7,Local,0
1706504400,2024-01-29 08:00:00,2024-01-29,08:00:00,2721,0,0,0,1,0,232.3,232.3,150.0,0.1,January,Monday,8,Local,0
1706505300,2024-01-29 08:15:00,2024-01-29,08:15:00,2722,0,0,0,0,0,228.3,228.1,2000.0,0.5682,January,Monday,8,Local,0
1706506200,2024-01-29 08:30:00,2024-01-29,08:30:00,2723,0,1,0,1,0,228.8,226.9,2650.0,0.6942,January,Monday,8,Local,0
1706507100,2024-01-29 08:45:00,2024-01-29,08:45:00,2724,0,0,0,0,0,228.9,227.6,0.0,0.1,January,Monday,8,Local,0
1706508000,2024-01-29 09:00:00,2024-01-29,09:00:00,2725,0,0,0,1,0,228.8,229.3,150.0,0.1,January,Monday,9,Local,0
1706508900,2024-01-29 09:15:00,2024-01-29,09:15:00,2726,0,0,0,1,0,231.6,230.4,150.0,0.1,January,Monday,9,Local,0
1706509800,2024-01-29 09:30:00,2024-01-29,09:30:00,2727,0,0,0,1,0,233.3,233.1,150.0,0.1,January,Monday,9,Local,0
1706510700,2024-01-29 09:45:00,2024-01-29,09:45:00,2728,0,1,0,0,0,229.8,230.9,2500.0,0.731,January,Monday,9,Local,0
1706511600,2024-01-29 10:00:00,2024-01-29,10:00:00,2729,0,1,0,1,0,227.3,228.8,2650.0,0.8376,January,Monday,10,Local,0
1706512500,2024-01-29 10:15:00,2024-01-29,10:15:00,2730,0,0,0,1,0,231.3,233.2,150.0,0.1,January,Monday,10,Local,0
1706513400,2024-01-29 10:30:00,2024-01-29,10:30:00,2731,0,0,0,1,0,229.7,230.2,150.0,0.1,January,Monday,10,Local,0
1706514300,2024-01-29 10:45:00,2024-01-29,10:45:00,2732,0,0,0,0,0,228.4,225.0,0.0,0.1,January,Monday,10,Local,0
1706515200,2024-01-29 11:00:00,2024-01-29,11:00:00,2733,0,0,0,1,0,235.7,232.3,150.0,0.1,January,Monday,11,Local,0
1706516100,2024-01-29 11:15:00,2024-01-29,11:15:00,2734,0,0,0,1,0,229.4,229.0,150.0,0.1,January,Monday,11,Local,0
1706517000,2024-01-29 11:30:00,2024-01-29,11:30:00,2735,0,0,0,1,0,233.3,229.0,150.0,0.1,January,Monday,11,Local,0
1706517900,2024-01-29 11:45:00,2024-01-29,11:45:00,2736,0,0,0,0,0,233.4,230.0,0.0,0.1,January,Monday,11,Local,0
1706518800,2024-01-29 12:00:00,2024-01-29,12:00:00,2737,0,0,0,1,1,225.2,224.7,1350.0,0.413,January,Monday,12,Local,0
1706519700,2024-01-29 12:15:00,2024-01-29,12:15:00,2738,0,1,0,1,0,228.4,227.3,2650.0,0.811,January,Monday,12,Local,0
1706520600,2024-01-29 12:30:00,2024-01-29,12:30:00,2739,0,0,1,1,0,228.9,233.1,3150.0,0.8458,January,Monday,12,Local,0
1706521500,2024-01-29 12:45:00,2024-01-29,12:45:00,2740,0,0,0,0,0,231.0,230.6,500.0,0.1597,January,Monday,12,Local,0
1706522400,2024-01-29 13:00:00,2024-01-29,13:00:00,2741,0,0,1,1,1,226.4,229.4,5850.0,1.626,January,Monday,13,Local,0
1706523300,2024-01-29 13:15:00,2024-01-29,13:15:00,2742,0,1,0,1,0,229.1,228.1,2650.0,0.8071,January,Monday,13,Local,0
1706524200,2024-01-29 13:30:00,2024-01-29,13:30:00,2743,0,0,0,1,0,222.0,221.2,150.0,0.1,January,Monday,13,Local,0
1706525100,2024-01-29 13:45:00,2024-01-29,13:45:00,2744,0,0,0,0,0,234.1,234.9,0.0,0.1,January,Monday,13,Local,0
1706526000,2024-01-29 14:00:00,2024-01-29,14:00:00,2745,0,0,0,1,0,225.0,224.6,150.0,0.1,January,Monday,14,Local,0
1706526900,2024-01-29 14:15:00,2024-01-29,14:15:00,2746,0,0,0,1,0,227.5,226.0,150.0,0.1,January,Monday,14,Local,0
1706527800,2024-01-29 14:30:00,2024-01-29,14:30:00,2747,0,0,0,1,0,227.8,230.1,150.0,0.1,January,Monday,14,Local,0
1706528700,2024-01-29 14:45:00,2024-01-29,14:45:00,2748,0,1,0,0,0,223.1,223.2,2500.0,0.8156,January,Monday,14,Local,0
1706529600,2024-01-29 15:00:00,2024-01-29,15:00:00,2749,0,0,0,1,0,225.4,226.0,650.0,0.1912,January,Monday,15,Local,0
1706530500,2024-01-29 15:15:00,2024-01-29,15:15:00,2750,0,0,1,1,0,229.5,235.2,3150.0,0.9507,January,Monday,15,Local,0
1706531400,2024-01-29 15:30:00,2024-01-29,15:30:00,2751,0,0,0,1,0,226.4,225.8,150.0,0.1,January,Monday,15,Local,0
1706532300,2024-01-29 15:45:00,2024-01-29,15:45:00,2752,1,0,0,0,0,230.5,230.0,150.0,0.1,January,Monday,15,Local,0
1706533200,2024-01-29 16:00:00,2024-01-29,16:00:00,2753,1,0,0,1,0,231.4,231.9,300.0,0.1,January,Monday,16,Local,0
1706534100,2024-01-29 16:15:00,2024-01-29,16:15:00,2754,0,0,1,1,0,226.5,221.9,3150.0,0.8704,January,Monday,16,Local,0
1706535000,2024-01-29 16:30:00,2024-01-29,16:30:00,2755,0,0,1,0,0,233.4,235.1,3000.0,0.7602,January,Monday,16,Local,0
1706535900,2024-01-29 16:45:00,2024-01-29,16:45:00,2756,0,0,0,0,0,228.7,229.6,0.0,0.1,January,Monday,16,Local,0
1706536800,2024-01-29 17:00:00,2024-01-29,17:00:00,2757,1,0,1,1,0,230.5,232.5,3300.0,0.8524,January,Monday,17,Local,0
1706537700,2024-01-29 17:15:00,2024-01-29,17:15:00,2758,0,0,0,1,1,227.2,227.6,1350.0,0.3948,January,Monday,17,Local,0
1706538600,2024-01-29 17:30:00,2024-01-29,17:30:00,2759,1,0,0,1,0,233.8,229.9,300.0,0.1,January,Monday,17,Local,0
1706539500,2024-01-29 17:45:00,2024-01-29,17:45:00,2760,0,1,0,0,0,228.9,232.4,2500.0,0.7406,January,Monday,17,Local,0
1706540400,2024-01-29 18:00:00,2024-01-29,18:00:00,2761,0,0,1,1,0,228.3,227.3,3150.0,0.9526,January,Monday,18,Local,0
1706541300,2024-01-29 18:15:00,2024-01-29,18:15:00,2762,1,0,1,1,0,229.7,230.3,4300.0,1.2702,January,Monday,18,Local,0
1706542200,2024-01-29 18:30:00,2024-01-29,18:30:00,2763,0,0,1,1,0,229.5,229.5,3150.0,0.9134,January,Monday,18,Local,0
1706543100,2024-01-29 18:45:00,2024-01-29,18:45:00,2764,0,0,1,0,0,226.7,225.4,3000.0,0.8252,January,Monday,18,Local,0
1706544000,2024-01-29 19:00:00,2024-01-29,19:00:00,2765,1,0,0,1,0,230.5,232.8,300.0,0.1,January,Monday,19,Local,0
1706544900,2024-01-29 19:15:00,2024-01-29,19:15:00,2766,1,0,0,1,0,232.3,235.9,300.0,0.1,January,Monday,19,Local,0
1706545800,2024-01-29 19:30:00,2024-01-29,19:30:00,2767,1,0,0,1,1,230.0,232.5,1500.0,0.3975,January,Monday,19,Local,0
1706546700,2024-01-29 19:45:00,2024-01-29,19:45:00,2768,1,0,1,1,0,226.5,226.2,3300.0,0.9859,January,Monday,19,Local,0
1706547600,2024-01-29 20:00:00,2024-01-29,20:00:00,2769,1,0,0,1,0,230.4,234.3,300.0,0.1,January,Monday,20,Local,0
1706548500,2024-01-29 20:15:00,2024-01-29,20:15:00,2770,1,0,0,1,0,231.8,231.7,1800.0,0.5306,January,Monday,20,Local,0
1706549400,2024-01-29 20:30:00,2024-01-29,20:30:00,2771,1,1,0,1,0,233.6,234.6,2800.0,0.8614,January,Monday,20,Local,0
1706550300,2024-01-29 20:45:00,2024-01-29,20:45:00,2772,1,0,0,0,0,225.7,227.1,150.0,0.1,January,Monday,20,Local,0
1706551200,2024-01-29 21:00:00,2024-01-29,21:00:00,2773,1,0,0,1,0,229.3,229.9,300.0,0.1,January,Monday,21,Local,0
1706552100,2024-01-29 21:15:00,2024-01-29,21:15:00,2774,1,0,0,1,1,226.6,227.8,1500.0,0.3952,January,Monday,21,Local,0
1706553000,2024-01-29 21:30:00,2024-01-29,21:30:00,2775,1,1,0,1,1,231.7,231.9,4000.0,1.1371,January,Monday,21,Local,0
1706553900,2024-01-29 21:45:00,2024-01-29,21:45:00,2776,1,0,0,0,0,223.5,224.2,150.0,0.1,January,Monday,21,Local,0
1706554800,2024-01-29 22:00:00,2024-01-29,22:00:00,2777,1,0,0,1,0,228.0,229.1,300.0,0.1,January,Monday,22,Local,0
1706555700,2024-01-29 22:15:00,2024-01-29,22:15:00,2778,0,0,0,1,0,229.7,228.5,150.0,0.1,January,Monday,22,Local,0
1706556600,2024-01-29 22:30:00,2024-01-29,22:30:00,2779,1,0,0,1,0,233.3,230.5,300.0,0.1,January,Monday,22,Local,0
1706557500,2024-01-29 22:45:00,2024-01-29,22:45:00,2780,0,0,1,1,0,231.5,234.2,3150.0,0.9237,January,Monday,22,Local,0
1706558400,2024-01-29 23:00:00,2024-01-29,23:00:00,2781,0,0,0,1,0,225.7,225.0,150.0,0.1,January,Monday,23,Local,0
1706559300,2024-01-29 23:15:00,2024-01-29,23:15:00,2782,1,0,0,1,0,230.3,231.7,300.0,0.1,January,Monday,23,Local,0
1706560200,2024-01-29 23:30:00,2024-01-29,23:30:00,2783,0,0,0,1,0,233.5,231.6,150.0,0.1,January,Monday,23,Local,0
1706561100,2024-01-29 23:45:00,2024-01-29,23:45:00,2784,1,0,0,0,1,226.7,227.4,1350.0,0.386,January,Monday,23,Local,0
1706562000,2024-01-30 00:00:00,2024-01-30,00:00:00,2785,0,0,0,1,0,227.9,228.4,150.0,0.1,January,Tuesday,0,Local,0
1706562900,2024-01-30 00:15:00,2024-01-30,00:15:00,2786,0,0,0,1,0,228.2,227.4,150.0,0.1,January,Tuesday,0,Local,0
1706563800,2024-01-30 00:30:00,2024-01-30,00:30:00,2787,0,0,0,1,0,226.8,227.1,150.0,0.1,January,Tuesday,0,Local,0
1706564700,2024-01-30 00:45:00,2024-01-30,00:45:00,2788,0,0,0,0,0,229.3,230.8,0.0,0.1,January,Tuesday,0,Local,0
1706565600,2024-01-30 01:00:00,2024-01-30,01:00:00,2789,0,0,0,1,0,232.8,231.5,150.0,0.1,January,Tuesday,1,Local,0
1706566500,2024-01-30 01:15:00,2024-01-30,01:15:00,2790,0,0,0,1,0,230.7,227.9,150.0,0.1,January,Tuesday,1,Local,0
1706567400,2024-01-30 01:30:00,2024-01-30,01:30:00,2791,0,0,0,1,0,225.5,229.2,150.0,0.1,January,Tuesday,1,Local,0
1706568300,2024-01-30 01:45:00,2024-01-30,01:45:00,2792,0,0,0,0,0,229.1,230.0,0.0,0.1,January,Tuesday,1,Local,0
1706569200,2024-01-30 02:00:00,2024-01-30,02:00:00,2793,0,0,0,1,0,232.8,232.2,150.0,0.1,January,Tuesday,2,Local,0
1706570100,2024-01-30 02:15:00,2024-01-30,02:15:00,2794,0,0,0,1,0,228.2,227.5,150.0,0.1,January,Tuesday,2,Local,0
1706571000,2024-01-30 02:30:00,2024-01-30,02:30:00,2795,0,0,0,1,0,231.9,228.6,150.0,0.1,January,Tuesday,2,Local,0
1706571900,2024-01-30 02:45:00,2024-01-30,02:45:00,2796,0,0,0,0,0,234.9,233.8,0.0,0.1,January,Tuesday,2,Local,0
1706572800,2024-01-30 03:00:00,2024-01-30,03:00:00,2797,0,0,0,1,0,228.8,229.9,150.0,0.1,January,Tuesday,3,Local,0
1706573700,2024-01-30 03:15:00,2024-01-30,03:15:00,2798,0,0,0,1,0,229.8,231.5,150.0,0.1,January,Tuesday,3,Local,0
1706574600,2024-01-30 03:30:00,2024-01-30,03:30:00,2799,0,0,0,1,0,227.2,226.2,2150.0,0.71,January,Tuesday,3,Local,0
1706575500,2024-01-30 03:45:00,2024-01-30,03:45:00,2800,0,0,0,0,0,228.8,229.4,0.0,0.1,January,Tuesday,3,Local,0
1706576400,2024-01-30 04:00:00,2024-01-30,04:00:00,2801,0,0,0,1,0,229.3,230.0,150.0,0.1,January,Tuesday,4,Local,0
1706577300,2024-01-30 04:15:00,2024-01-30,04:15:00,2802,0,0,0,1,0,233.7,233.6,150.0,0.1,January,Tuesday,4,Local,0
1706578200,2024-01-30 04:30:00,2024-01-30,04:30:00,2803,0,0,0,1,0,236.5,235.0,150.0,0.1,January,Tuesday,4,Local,0
1706579100,2024-01-30 04:45:00,2024-01-30,04:45:00,2804,0,0,0,0,0,233.8,231.5,0.0,0.1,January,Tuesday,4,Local,0
1706580000,2024-01-30 05:00:00,2024-01-30,05:00:00,2805,0,0,0,1,0,229.4,230.2,150.0,0.1,January,Tuesday,5,Local,0
1706580900,2024-01-30 05:15:00,2024-01-30,05:15:00,2806,0,0,0,1,0,225.1,226.7,150.0,0.1,January,Tuesday,5,Local,0
1706581800,2024-01-30 05:30:00,2024-01-30,05:30:00,2807,0,0,0,1,0,226.4,225.0,150.0,0.1,January,Tuesday,5,Local,0
1706582700,2024-01-30 05:45:00,2024-01-30,05:45:00,2808,0,0,0,0,0,229.7,230.9,0.0,0.1,January,Tuesday,5,Local,0
1706583600,2024-01-30 06:00:00,2024-01-30,06:00:00,2809,0,0,0,1,0,229.4,229.8,150.0,0.1,January,Tuesday,6,Local,0
1706584500,2024-01-30 06:15:00,2024-01-30,06:15:00,2810,0,0,0,1,0,230.3,230.9,150.0,0.1,January,Tuesday,6,Local,0
1706585400,2024-01-30 06:30:00,2024-01-30,06:30:00,2811,0,0,0,0,0,231.9,231.3,0.0,0.1,January,Tuesday,6,Local,0
1706586300,2024-01-30 06:45:00,2024-01-30,06:45:00,2812,0,0,0,0,0,230.0,228.9,0.0,0.1,January,Tuesday,6,Local,0
1706587200,2024-01-30 07:00:00,2024-01-30,07:00:00,2813,0,0,0,1,0,230.7,231.1,150.0,0.1,January,Tuesday,7,Local,0
1706588100,2024-01-30 07:15:00,2024-01-30,07:15:00,2814,0,0,0,1,1,226.4,228.7,1350.0,0.3897,January,Tuesday,7,Local,0
1706589000,2024-01-30 07:30:00,2024-01-30,07:30:00,2815,0,0,0,1,1,225.3,225.1,1350.0,0.4003,January,Tuesday,7,Local,0
1706589900,2024-01-30 07:45:00,2024-01-30,07:45:00,2816,0,0,0,0,0,237.5,237.5,0.0,0.1,January,Tuesday,7,Local,0
1706590800,2024-01-30 08:00:00,2024-01-30,08:00:00,2817,0,0,0,1,0,227.9,227.6,150.0,0.1,January,Tuesday,8,Local,0
1706591700,2024-01-30 08:15:00,2024-01-30,08:15:00,2818,0,0,0,1,0,230.7,233.2,150.0,0.1,January,Tuesday,8,Local,0
1706592600,2024-01-30 08:30:00,2024-01-30,08:30:00,2819,1,0,0,1,0,233.4,234.2,300.0,0.1,January,Tuesday,8,Local,0
1706593500,2024-01-30 08:45:00,2024-01-30,08:45:00,2820,0,0,0,0,0,224.1,222.0,0.0,0.1,January,Tuesday,8,Local,0
1706594400,2024-01-30 09:00:00,2024-01-30,09:00:00,2821,0,0,0,0,0,230.8,233.1,0.0,0.1,January,Tuesday,9,Local,0
1706595300,2024-01-30 09:15:00,2024-01-30,09:15:00,2822,0,0,0,1,1,227.8,229.8,1350.0,0.3441,January,Tuesday,9,Local,0
1706596200,2024-01-30 09:30:00,2024-01-30,09:30:00,2823,0,0,0,1,0,226.2,226.9,150.0,0.1,January,Tuesday,9,Local,0
1706597100,2024-01-30 09:45:00,2024-01-30,09:45:00,2824,0,0,0,0,0,223.3,223.7,0.0,0.1,January,Tuesday,9,Local,0
1706598000,2024-01-30 10:00:00,2024-01-30,10:00:00,2825,0,0,1,0,0,229.1,231.4,3000.0,0.8727,January,Tuesday,10,Local,0
1706598900,2024-01-30 10:15:00,2024-01-30,10:15:00,2826,1,0,0,1,0,230.3,229.4,300.0,0.1028,January,Tuesday,10,Local,0
1706599800,2024-01-30 10:30:00,2024-01-30,10:30:00,2827,1,0,0,1,0,230.9,230.3,300.0,0.1,January,Tuesday,10,Local,0
1706600700,2024-01-30 10:45:00,2024-01-30,10:45:00,2828,0,0,0,0,0,227.3,224.0,0.0,0.1,January,Tuesday,10,Local,0
1706601600,2024-01-30 11:00:00,2024-01-30,11:00:00,2829,0,0,0,1,0,226.0,227.4,150.0,0.1,January,Tuesday,11,Local,0
1706602500,2024-01-30 11:15:00,2024-01-30,11:15:00,2830,0,0,0,1,0,238.0,236.3,150.0,0.1,January,Tuesday,11,Local,0
1706603400,2024-01-30 11:30:00,2024-01-30,11:30:00,2831,0,0,0,1,0,228.8,229.7,150.0,0.1,January,Tuesday,11,Local,0
1706604300,2024-01-30 11:45:00,2024-01-30,11:45:00,2832,0,0,0,0,0,229.6,228.6,0.0,0.1,January,Tuesday,11,Local,0
1706605200,2024-01-30 12:00:00,2024-01-30,12:00:00,2833,0,0,1,1,0,235.9,235.2,3150.0,1.1075,January,Tuesday,12,Local,0
1706606100,2024-01-30 12:15:00,2024-01-30,12:15:00,2834,0,0,1,1,0,230.4,233.9,3150.0,1.0138,January,Tuesday,12,Local,0
1706607000,2024-01-30 12:30:00,2024-01-30,12:30:00,2835,0,0,1,1,0,230.8,229.3,3150.0,0.9275,January,Tuesday,12,Local,0
1706607900,2024-01-30 12:45:00,2024-01-30,12:45:00,2836,0,0,1,1,0,233.3,232.5,3150.0,1.0044,January,Tuesday,12,Local,0
1706608800,2024-01-30 13:00:00,2024-01-30,13:00:00,2837,0,0,0,1,0,232.5,230.1,150.0,0.1,January,Tuesday,13,Local,0
1706609700,2024-01-30 13:15:00,2024-01-30,13:15:00,2838,0,0,0,1,1,231.9,229.8,1350.0,0.3776,January,Tuesday,13,Local,0
1706610600,2024-01-30 13:30:00,2024-01-30,13:30:00,2839,0,0,0,1,0,231.9,233.8,150.0,0.1,January,Tuesday,13,Local,0
1706611500,2024-01-30 13:45:00,2024-01-30,13:45:00,2840,1,0,0,0,0,231.4,231.7,150.0,0.1,January,Tuesday,13,Local,0
1706612400,2024-01-30 14:00:00,2024-01-30,14:00:00,2841,0,0,1,1,0,226.3,227.3,3150.0,0.9802,January,Tuesday,14,Local,0
1706613300,2024-01-30 14:15:00,2024-01-30,14:15:00,2842,0,0,0,1,0,228.3,225.1,150.0,0.1,January,Tuesday,14,Local,0
1706614200,2024-01-30 14:30:00,2024-01-30,14:30:00,2843,0,0,0,1,0,229.8,231.8,150.0,0.1,January,Tuesday,14,Local,0
1706615100,2024-01-30 14:45:00,2024-01-30,14:45:00,2844,0,0,0,0,0,227.6,226.7,0.0,0.1,January,Tuesday,14,Local,0
1706616000,2024-01-30 15:00:00,2024-01-30,15:00:00,2845,0,0,0,1,0,234.5,238.0,150.0,0.1,January,Tuesday,15,Local,0
1706616900,2024-01-30 15:15:00,2024-01-30,15:15:00,2846,0,0,1,0,0,230.5,229.8,3000.0,0.7023,January,Tuesday,15,Local,0
1706617800,2024-01-30 15:30:00,2024-01-30,15:30:00,2847,0,0,0,0,1,233.9,234.3,1200.0,0.412,January,Tuesday,15,Local,0
1706618700,2024-01-30 15:45:00,2024-01-30,15:45:00,2848,1,0,0,0,0,227.1,226.9,150.0,0.1,January,Tuesday,15,Local,0
1706619600,2024-01-30 16:00:00,2024-01-30,16:00:00,2849,0,0,0,0,0,227.1,226.6,0.0,0.1,January,Tuesday,16,Local,0
1706620500,2024-01-30 16:15:00,2024-01-30,16:15:00,2850,0,0,0,1,0,224.9,222.1,150.0,0.1,January,Tuesday,16,Local,0
1706621400,2024-01-30 16:30:00,2024-01-30,16:30:00,2851,0,0,1,1,0,228.3,228.1,3150.0,1.0093,January,Tuesday,16,Local,0
1706622300,2024-01-30 16:45:00,2024-01-30,16:45:00,2852,0,0,0,0,0,226.3,227.4,0.0,0.1,January,Tuesday,16,Local,0
1706623200,2024-01-30 17:00:00,2024-01-30,17:00:00,2853,1,0,1,1,0,232.8,228.7,3300.0,0.9109,January,Tuesday,17,Local,0
1706624100,2024-01-30 17:15:00,2024-01-30,17:15:00,2854,0,1,0,1,0,227.6,227.8,2650.0,0.6617,January,Tuesday,17,Local,0
1706625000,2024-01-30 17:30:00,2024-01-30,17:30:00,2855,0,0,0,1,0,228.5,229.8,150.0,0.1,January,Tuesday,17,Local,0
1706625900,2024-01-30 17:45:00,2024-01-30,17:45:00,2856,0,0,0,0,0,229.2,226.4,0.0,0.1,January,Tuesday,17,Local,0
1706626800,2024-01-30 18:00:00,2024-01-30,18:00:00,2857,0,0,0,1,0,231.6,228.0,1150.0,0.3069,January,Tuesday,18,Local,0
1706627700,2024-01-30 18:15:00,2024-01-30,18:15:00,2858,1,0,1,1,1,229.3,229.0,4500.0,1.37,January,Tuesday,18,Local,0
1706628600,2024-01-30 18:30:00,2024-01-30,18:30:00,2859,0,0,0,0,1,223.9,225.6,1200.0,0.2829,January,Tuesday,18,Local,0
1706629500,2024-01-30 18:45:00,2024-01-30,18:45:00,2860,1,1,0,0,0,231.7,228.0,2650.0,0.6998,January,Tuesday,18,Local,0
1706630400,2024-01-30 19:00:00,2024-01-30,19:00:00,2861,1,0,0,1,1,227.0,229.8,1500.0,0.4322,January,Tuesday,19,Local,0
1706631300,2024-01-30 19:15:00,2024-01-30,19:15:00,2862,1,0,0,1,0,230.1,231.6,1300.0,0.4175,January,Tuesday,19,Local,0
1706632200,2024-01-30 19:30:00,2024-01-30,19:30:00,2863,1,0,1,1,1,236.3,235.7,4500.0,1.3797,January,Tuesday,19,Local,0
1706633100,2024-01-30 19:45:00,2024-01-30,19:45:00,2864,1,0,1,0,0,223.7,222.9,3150.0,0.8766,January,Tuesday,19,Local,0
1706634000,2024-01-30 20:00:00,2024-01-30,20:00:00,2865,1,0,0,1,0,225.1,224.1,300.0,0.1,January,Tuesday,20,Local,0
1706634900,2024-01-30 20:15:00,2024-01-30,20:15:00,2866,1,0,0,1,0,228.1,229.1,300.0,0.1,January,Tuesday,20,Local,0
1706635800,2024-01-30 20:30:00,2024-01-30,20:30:00,2867,0,0,0,1,0,232.5,231.5,150.0,0.1,January,Tuesday,20,Local,0
1706636700,2024-01-30 20:45:00,2024-01-30,20:45:00,2868,0,0,0,0,1,230.7,234.6,1200.0,0.438,January,Tuesday,20,Local,0
1706637600,2024-01-30 21:00:00,2024-01-30,21:00:00,2869,1,0,0,1,0,231.3,230.4,300.0,0.1,January,Tuesday,21,Local,0
1706638500,2024-01-30 21:15:00,2024-01-30,21:15:00,2870,1,0,0,1,0,227.8,227.4,300.0,0.1,January,Tuesday,21,Local,0
1706639400,2024-01-30 21:30:00,2024-01-30,21:30:00,2871,1,0,1,1,0,228.0,229.2,3300.0,0.9934,January,Tuesday,21,Local,0
1706640300,2024-01-30 21:45:00,2024-01-30,21:45:00,2872,1,0,0,0,0,230.3,230.2,150.0,0.1,January,Tuesday,21,Local,0
1706641200,2024-01-30 22:00:00,2024-01-30,22:00:00,2873,1,0,0,1,0,230.8,231.6,300.0,0.1,January,Tuesday,22,Local,0
1706642100,2024-01-30 22:15:00,2024-01-30,22:15:00,2874,1,0,0,1,0,230.2,230.5,300.0,0.1,January,Tuesday,22,Local,0
1706643000,2024-01-30 22:30:00,2024-01-30,22:30:00,2875,1,0,0,1,0,229.8,232.7,300.0,0.1,January,Tuesday,22,Local,0
1706643900,2024-01-30 22:45:00,2024-01-30,22:45:00,2876,1,0,0,1,1,235.0,237.1,1500.0,0.4337,January,Tuesday,22,Local,0
1706644800,2024-01-30 23:00:00,2024-01-30,23:00:00,2877,0,0,0,1,0,226.8,229.4,150.0,0.1,January,Tuesday,23,Local,0
1706645700,2024-01-30 23:15:00,2024-01-30,23:15:00,2878,0,0,0,1,0,228.3,228.6,150.0,0.1,January,Tuesday,23,Local,0
1706646600,2024-01-30 23:30:00,2024-01-30,23:30:00,2879,1,0,0,1,0,233.7,234.3,1300.0,0.3415,January,Tuesday,23,Local,0
1706647500,2024-01-30 23:45:00,2024-01-30,23:45:00,2880,0,0,0,0,0,227.2,228.3,0.0,0.1,January,Tuesday,23,Local,0
1706648400,2024-01-31 00:00:00,2024-01-31,00:00:00,2881,0,0,0,1,0,231.6,230.3,150.0,0.1,January,Wednesday,0,Local,0
1706649300,2024-01-31 00:15:00,2024-01-31,00:15:00,2882,0,0,0,1,0,228.7,225.7,150.0,0.1,January,Wednesday,0,Local,0
1706650200,2024-01-31 00:30:00,2024-01-31,00:30:00,2883,0,0,0,0,0,234.5,236.1,0.0,0.1,January,Wednesday,0,Local,0
1706651100,2024-01-31 00:45:00,2024-01-31,00:45:00,2884,0,0,0,1,0,229.7,228.2,150.0,0.1,January,Wednesday,0,Local,0
1706652000,2024-01-31 01:00:00,2024-01-31,01:00:00,2885,0,0,0,1,0,232.7,230.1,150.0,0.1,January,Wednesday,1,Local,0
1706652900,2024-01-31 01:15:00,2024-01-31,01:15:00,2886,0,0,0,1,0,230.9,230.6,150.0,0.1,January,Wednesday,1,Local,0
1706653800,2024-01-31 01:30:00,2024-01-31,01:30:00,2887,0,0,0,1,0,230.7,228.8,150.0,0.1,January,Wednesday,1,Local,0
1706654700,2024-01-31 01:45:00,2024-01-31,01:45:00,2888,0,0,0,1,0,235.5,236.4,150.0,0.1,January,Wednesday,1,Local,0
1706655600,2024-01-31 02:00:00,2024-01-31,02:00:00,2889,0,0,0,1,0,235.4,235.4,150.0,0.1,January,Wednesday,2,Local,0
1706656500,2024-01-31 02:15:00,2024-01-31,02:15:00,2890,0,0,0,1,0,229.0,228.7,150.0,0.1,January,Wednesday,2,Local,0
1706657400,2024-01-31 02:30:00,2024-01-31,02:30:00,2891,0,0,0,0,0,232.7,233.0,0.0,0.1,January,Wednesday,2,Local,0
1706658300,2024-01-31 02:45:00,2024-01-31,02:45:00,2892,0,0,0,0,0,234.1,231.5,0.0,0.1,January,Wednesday,2,Local,0
1706659200,2024-01-31 03:00:00,2024-01-31,03:00:00,2893,0,0,0,1,0,227.6,224.9,150.0,0.1,January,Wednesday,3,Local,0
1706660100,2024-01-31 03:15:00,2024-01-31,03:15:00,2894,0,0,0,1,0,227.3,228.3,150.0,0.1,January,Wednesday,3,Local,0
1706661000,2024-01-31 03:30:00,2024-01-31,03:30:00,2895,0,0,0,1,0,228.9,228.2,150.0,0.1,January,Wednesday,3,Local,0
1706661900,2024-01-31 03:45:00,2024-01-31,03:45:00,2896,0,0,0,0,0,228.3,232.8,0.0,0.1,January,Wednesday,3,Local,0
1706662800,2024-01-31 04:00:00,2024-01-31,04:00:00,2897,0,0,0,0,0,234.0,231.7,0.0,0.1,January,Wednesday,4,Local,0
1706663700,2024-01-31 04:15:00,2024-01-31,04:15:00,2898,0,0,0,1,0,230.3,230.2,1150.0,0.3199,January,Wednesday,4,Local,0
1706664600,2024-01-31 04:30:00,2024-01-31,04:30:00,2899,0,0,0,1,0,229.6,230.3,150.0,0.1,January,Wednesday,4,Local,0
1706665500,2024-01-31 04:45:00,2024-01-31,04:45:00,2900,0,0,0,0,0,232.2,233.7,0.0,0.1,January,Wednesday,4,Local,0
1706666400,2024-01-31 05:00:00,2024-01-31,05:00:00,2901,0,0,0,1,0,231.3,229.0,150.0,0.1,January,Wednesday,5,Local,0
1706667300,2024-01-31 05:15:00,2024-01-31,05:15:00,2902,0,0,0,1,0,228.2,229.8,150.0,0.1,January,Wednesday,5,Local,0
1706668200,2024-01-31 05:30:00,2024-01-31,05:30:00,2903,0,0,0,1,0,227.5,227.0,150.0,0.1,January,Wednesday,5,Local,0
1706669100,2024-01-31 05:45:00,2024-01-31,05:45:00,2904,0,0,0,0,0,223.9,224.0,0.0,0.1,January,Wednesday,5,Local,0
1706670000,2024-01-31 06:00:00,2024-01-31,06:00:00,2905,0,0,0,1,0,231.7,233.8,150.0,0.1,January,Wednesday,6,Local,0
1706670900,2024-01-31 06:15:00,2024-01-31,06:15:00,2906,0,0,0,1,0,234.7,238.0,150.0,0.1,January,Wednesday,6,Local,0
1706671800,2024-01-31 06:30:00,2024-01-31,06:30:00,2907,0,0,0,1,0,231.2,231.1,150.0,0.1,January,Wednesday,6,Local,0
1706672700,2024-01-31 06:45:00,2024-01-31,06:45:00,2908,0,0,0,0,0,231.4,227.7,0.0,0.1,January,Wednesday,6,Local,0
1706673600,2024-01-31 07:00:00,2024-01-31,07:00:00,2909,0,0,1,1,0,227.8,231.4,3150.0,2.1848,January,Wednesday,7,Local,1
1706674500,2024-01-31 07:15:00,2024-01-31,07:15:00,2910,0,0,0,1,0,223.6,222.0,150.0,0.1,January,Wednesday,7,Local,0
1706675400,2024-01-31 07:30:00,2024-01-31,07:30:00,2911,1,0,0,1,0,232.4,233.5,1100.0,0.3242,January,Wednesday,7,Local,0
1706676300,2024-01-31 07:45:00,2024-01-31,07:45:00,2912,0,0,0,0,1,230.1,232.2,1200.0,0.3746,January,Wednesday,7,Local,0
1706677200,2024-01-31 08:00:00,2024-01-31,08:00:00,2913,0,0,0,1,0,227.4,230.0,150.0,0.1,January,Wednesday,8,Local,0
1706678100,2024-01-31 08:15:00,2024-01-31,08:15:00,2914,0,0,0,0,0,226.7,228.2,0.0,0.1,January,Wednesday,8,Local,0
1706679000,2024-01-31 08:30:00,2024-01-31,08:30:00,2915,0,0,0,0,0,232.2,232.4,0.0,0.1,January,Wednesday,8,Local,0
1706679900,2024-01-31 08:45:00,2024-01-31,08:45:00,2916,0,0,0,0,0,227.5,226.7,0.0,0.1,January,Wednesday,8,Local,0
1706680800,2024-01-31 09:00:00,2024-01-31,09:00:00,2917,0,0,0,1,0,234.9,234.9,150.0,0.1,January,Wednesday,9,Local,0
1706681700,2024-01-31 09:15:00,2024-01-31,09:15:00,2918,0,0,0,1,0,232.4,232.7,150.0,0.1,January,Wednesday,9,Local,0
1706682600,2024-01-31 09:30:00,2024-01-31,09:30:00,2919,0,0,0,1,0,228.7,231.1,150.0,0.1,January,Wednesday,9,Local,0
1706683500,2024-01-31 09:45:00,2024-01-31,09:45:00,2920,0,0,0,0,0,228.9,232.5,0.0,0.1,January,Wednesday,9,Local,0
1706684400,2024-01-31 10:00:00,2024-01-31,10:00:00,2921,0,0,0,0,0,231.2,232.1,0.0,0.1,January,Wednesday,10,Local,0
1706685300,2024-01-31 10:15:00,2024-01-31,10:15:00,2922,0,0,0,1,0,232.3,228.2,150.0,0.1,January,Wednesday,10,Local,0
1706686200,2024-01-31 10:30:00,2024-01-31,10:30:00,2923,0,0,0,1,0,230.1,232.7,1650.0,0.5242,January,Wednesday,10,Local,0
1706687100,2024-01-31 10:45:00,2024-01-31,10:45:00,2924,0,0,0,0,0,226.5,225.1,0.0,0.1,January,Wednesday,10,Local,0
1706688000,2024-01-31 11:00:00,2024-01-31,11:00:00,2925,0,0,0,1,0,228.3,229.9,150.0,0.1,January,Wednesday,11,Local,0
1706688900,2024-01-31 11:15:00,2024-01-31,11:15:00,2926,0,0,0,1,0,229.9,229.2,150.0,0.1,January,Wednesday,11,Local,0
1706689800,2024-01-31 11:30:00,2024-01-31,11:30:00,2927,1,0,0,1,0,229.3,226.8,300.0,0.1,January,Wednesday,11,Local,0
1706690700,2024-01-31 11:45:00,2024-01-31,11:45:00,2928,0,0,0,0,0,234.1,231.2,0.0,0.1,January,Wednesday,11,Local,0
1706691600,2024-01-31 12:00:00,2024-01-31,12:00:00,2929,0,0,0,1,0,234.1,234.0,150.0,0.1,January,Wednesday,12,Local,0
1706692500,2024-01-31 12:15:00,2024-01-31,12:15:00,2930,0,0,0,1,0,233.2,235.8,150.0,0.1,January,Wednesday,12,Local,0
1706693400,2024-01-31 12:30:00,2024-01-31,12:30:00,2931,0,0,0,1,0,231.9,234.0,150.0,0.1,January,Wednesday,12,Local,0
1706694300,2024-01-31 12:45:00,2024-01-31,12:45:00,2932,0,0,0,0,0,226.7,224.3,0.0,0.1,January,Wednesday,12,Local,0
1706695200,2024-01-31 13:00:00,2024-01-31,13:00:00,2933,0,0,0,1,0,231.7,231.7,150.0,0.1,January,Wednesday,13,Local,0
1706696100,2024-01-31 13:15:00,2024-01-31,13:15:00,2934,0,0,0,1,0,231.5,229.5,150.0,0.1,January,Wednesday,13,Local,0
1706697000,2024-01-31 13:30:00,2024-01-31,13:30:00,2935,0,0,0,1,0,236.2,233.6,150.0,0.1,January,Wednesday,13,Local,0
1706697900,2024-01-31 13:45:00,2024-01-31,13:45:00,2936,0,0,0,0,0,230.8,229.5,0.0,0.1,January,Wednesday,13,Local,0
1706698800,2024-01-31 14:00:00,2024-01-31,14:00:00,2937,0,0,0,1,0,233.0,232.9,150.0,0.1,January,Wednesday,14,Local,0
1706699700,2024-01-31 14:15:00,2024-01-31,14:15:00,2938,0,0,0,1,1,228.2,230.9,1350.0,0.4389,January,Wednesday,14,Local,0
1706700600,2024-01-31 14:30:00,2024-01-31,14:30:00,2939,0,1,0,1,0,234.0,235.6,2650.0,0.71,January,Wednesday,14,Local,0
1706701500,2024-01-31 14:45:00,2024-01-31,14:45:00,2940,0,0,0,0,0,229.9,230.6,0.0,0.1,January,Wednesday,14,Local,0
1706702400,2024-01-31 15:00:00,2024-01-31,15:00:00,2941,1,0,0,1,0,225.4,225.0,300.0,0.1,January,Wednesday,15,Local,0
1706703300,2024-01-31 15:15:00,2024-01-31,15:15:00,2942,0,0,0,1,0,232.9,234.1,150.0,0.1,January,Wednesday,15,Local,0
1706704200,2024-01-31 15:30:00,2024-01-31,15:30:00,2943,0,0,0,1,0,227.9,227.9,150.0,0.1,January,Wednesday,15,Local,0
1706705100,2024-01-31 15:45:00,2024-01-31,15:45:00,2944,0,1,0,1,0,228.5,227.1,2650.0,0.8226,January,Wednesday,15,Local,0
1706706000,2024-01-31 16:00:00,2024-01-31,16:00:00,2945,1,0,0,1,0,229.3,228.3,300.0,0.1053,January,Wednesday,16,Local,0
1706706900,2024-01-31 16:15:00,2024-01-31,16:15:00,2946,1,0,0,1,0,231.3,228.5,1300.0,0.3775,January,Wednesday,16,Local,0
1706707800,2024-01-31 16:30:00,2024-01-31,16:30:00,2947,0,0,0,1,0,227.5,229.2,150.0,0.1,January,Wednesday,16,Local,0
1706708700,2024-01-31 16:45:00,2024-01-31,16:45:00,2948,1,1,0,0,0,233.4,232.0,2650.0,1.0035,January,Wednesday,16,Local,0
1706709600,2024-01-31 17:00:00,2024-01-31,17:00:00,2949,0,0,0,1,1,227.2,230.5,1350.0,0.4436,January,Wednesday,17,Local,0
1706710500,2024-01-31 17:15:00,2024-01-31,17:15:00,2950,0,0,0,1,1,232.6,231.9,1350.0,0.4228,January,Wednesday,17,Local,0
1706711400,2024-01-31 17:30:00,2024-01-31,17:30:00,2951,1,0,0,1,0,227.1,226.2,300.0,0.1,January,Wednesday,17,Local,0
1706712300,2024-01-31 17:45:00,2024-01-31,17:45:00,2952,0,0,0,0,0,231.4,231.1,0.0,0.1,January,Wednesday,17,Local,0
1706713200,2024-01-31 18:00:00,2024-01-31,18:00:00,2953,0,0,1,1,0,228.2,225.0,3150.0,1.0661,January,Wednesday,18,Local,0
1706714100,2024-01-31 18:15:00,2024-01-31,18:15:00,2954,1,0,0,0,1,233.8,237.6,1350.0,0.4355,January,Wednesday,18,Local,0
1706715000,2024-01-31 18:30:00,2024-01-31,18:30:00,2955,1,1,0,1,0,230.4,227.8,2800.0,0.8894,January,Wednesday,18,Local,0
1706715900,2024-01-31 18:45:00,2024-01-31,18:45:00,2956,0,0,1,0,0,236.5,240.9,5000.0,1.6086,January,Wednesday,18,Local,0
1706716800,2024-01-31 19:00:00,2024-01-31,19:00:00,2957,1,0,0,1,1,231.3,232.2,1500.0,0.3881,January,Wednesday,19,Local,0
1706717700,2024-01-31 19:15:00,2024-01-31,19:15:00,2958,1,0,0,1,1,232.7,232.4,1500.0,0.4836,January,Wednesday,19,Local,0
1706718600,2024-01-31 19:30:00,2024-01-31,19:30:00,2959,1,0,0,1,0,227.5,225.5,300.0,0.1,January,Wednesday,19,Local,0
1706719500,2024-01-31 19:45:00,2024-01-31,19:45:00,2960,1,0,0,1,1,233.2,236.1,1500.0,0.4296,January,Wednesday,19,Local,0
1706720400,2024-01-31 20:00:00,2024-01-31,20:00:00,2961,1,0,0,0,1,227.3,225.6,1350.0,0.4475,January,Wednesday,20,Local,0
1706721300,2024-01-31 20:15:00,2024-01-31,20:15:00,2962,1,0,1,1,0,230.6,231.8,3300.0,1.103,January,Wednesday,20,Local,0
1706722200,2024-01-31 20:30:00,2024-01-31,20:30:00,2963,1,0,0,1,0,233.1,231.6,300.0,0.1,January,Wednesday,20,Local,0
1706723100,2024-01-31 20:45:00,2024-01-31,20:45:00,2964,1,0,1,0,0,229.2,227.7,3150.0,1.0008,January,Wednesday,20,Local,0
1706724000,2024-01-31 21:00:00,2024-01-31,21:00:00,2965,1,0,1,1,0,227.7,229.5,3300.0,0.8541,January,Wednesday,21,Local,0
1706724900,2024-01-31 21:15:00,2024-01-31,21:15:00,2966,1,0,0,1,0,233.4,236.3,300.0,0.1,January,Wednesday,21,Local,0
1706725800,2024-01-31 21:30:00,2024-01-31,21:30:00,2967,1,0,0,1,0,231.2,228.8,300.0,0.1,January,Wednesday,21,Local,0
1706726700,2024-01-31 21:45:00,2024-01-31,21:45:00,2968,0,0,0,0,0,227.4,227.7,0.0,0.1,January,Wednesday,21,Local,0
1706727600,2024-01-31 22:00:00,2024-01-31,22:00:00,2969,1,0,0,1,0,228.4,228.9,300.0,0.1,January,Wednesday,22,Local,0
1706728500,2024-01-31 22:15:00,2024-01-31,22:15:00,2970,1,0,0,1,0,227.4,227.2,300.0,0.1,January,Wednesday,22,Local,0
1706729400,2024-01-31 22:30:00,2024-01-31,22:30:00,2971,1,0,0,1,0,229.1,233.2,300.0,0.1,January,Wednesday,22,Local,0
1706730300,2024-01-31 22:45:00,2024-01-31,22:45:00,2972,0,0,0,0,0,229.3,229.8,0.0,0.1,January,Wednesday,22,Local,0
1706731200,2024-01-31 23:00:00,2024-01-31,23:00:00,2973,1,0,0,1,1,229.0,228.1,1500.0,0.3767,January,Wednesday,23,Local,0
1706732100,2024-01-31 23:15:00,2024-01-31,23:15:00,2974,1,0,0,1,0,228.7,225.7,300.0,0.1,January,Wednesday,23,Local,0
1706733000,2024-01-31 23:30:00,2024-01-31,23:30:00,2975,1,0,0,1,0,234.2,234.6,300.0,0.1012,January,Wednesday,23,Local,0
1706733900,2024-01-31 23:45:00,2024-01-31,23:45:00,2976,1,0,0,0,0,227.4,225.9,150.0,0.1,January,Wednesday,23,Local,0
1706734800,2024-02-01 00:00:00,2024-02-01,00:00:00,2977,0,0,0,1,0,234.1,234.4,150.0,0.1,February,Thursday,0,Local,0
1706735700,2024-02-01 00:15:00,2024-02-01,00:15:00,2978,0,0,0,1,0,226.4,226.9,150.0,0.1,February,Thursday,0,Local,0
1706736600,2024-02-01 00:30:00,2024-02-01,00:30:00,2979,0,0,0,1,0,231.3,229.1,150.0,0.1,February,Thursday,0,Local,0
1706737500,2024-02-01 00:45:00,2024-02-01,00:45:00,2980,1,0,0,0,0,230.8,230.4,150.0,0.1,February,Thursday,0,Local,0
1706738400,2024-02-01 01:00:00,2024-02-01,01:00:00,2981,0,0,0,1,0,236.6,237.4,150.0,0.1,February,Thursday,1,Local,0
1706739300,2024-02-01 01:15:00,2024-02-01,01:15:00,2982,0,0,0,1,0,227.9,228.8,150.0,0.1,February,Thursday,1,Local,0
1706740200,2024-02-01 01:30:00,2024-02-01,01:30:00,2983,1,0,0,1,0,230.7,230.4,300.0,0.1,February,Thursday,1,Local,0
1706741100,2024-02-01 01:45:00,2024-02-01,01:45:00,2984,0,0,0,0,0,232.6,236.3,2000.0,0.5915,February,Thursday,1,Local,0
1706742000,2024-02-01 02:00:00,2024-02-01,02:00:00,2985,0,0,0,1,0,229.1,230.9,150.0,0.1,February,Thursday,2,Local,0
1706742900,2024-02-01 02:15:00,2024-02-01,02:15:00,2986,0,0,0,1,0,230.5,231.5,150.0,0.1,February,Thursday,2,Local,0
1706743800,2024-02-01 02:30:00,2024-02-01,02:30:00,2987,0,0,0,1,0,228.3,232.6,150.0,0.1,February,Thursday,2,Local,0
1706744700,2024-02-01 02:45:00,2024-02-01,02:45:00,2988,0,0,0,0,0,225.4,225.0,0.0,0.1,February,Thursday,2,Local,0
1706745600,2024-02-01 03:00:00,2024-02-01,03:00:00,2989,0,0,0,1,0,227.8,226.6,150.0,0.1,February,Thursday,3,Local,0
1706746500,2024-02-01 03:15:00,2024-02-01,03:15:00,2990,0,0,0,0,0,228.3,232.2,0.0,0.1,February,Thursday,3,Local,0
1706747400,2024-02-01 03:30:00,2024-02-01,03:30:00,2991,0,0,0,1,0,233.7,232.2,150.0,0.1,February,Thursday,3,Local,0
1706748300,2024-02-01 03:45:00,2024-02-01,03:45:00,2992,1,0,0,0,0,229.9,231.3,150.0,0.1,February,Thursday,3,Local,0
1706749200,2024-02-01 04:00:00,2024-02-01,04:00:00,2993,0,0,0,1,0,228.2,225.7,150.0,0.1,February,Thursday,4,Local,0
1706750100,2024-02-01 04:15:00,2024-02-01,04:15:00,2994,0,0,0,1,0,230.3,229.3,150.0,0.1,February,Thursday,4,Local,0
1706751000,2024-02-01 04:30:00,2024-02-01,04:30:00,2995,0,0,0,1,0,224.6,227.2,150.0,0.1,February,Thursday,4,Local,0
1706751900,2024-02-01 04:45:00,2024-02-01,04:45:00,2996,0,0,0,0,0,237.5,235.3,0.0,0.1,February,Thursday,4,Local,0
1706752800,2024-02-01 05:00:00,2024-02-01,05:00:00,2997,0,0,0,1,0,231.0,232.8,150.0,0.1,February,Thursday,5,Local,0
1706753700,2024-02-01 05:15:00,2024-02-01,05:15:00,2998,0,0,0,1,0,228.6,229.7,150.0,0.1,February,Thursday,5,Local,0
1706754600,2024-02-01 05:30:00,2024-02-01,05:30:00,2999,0,0,0,1,0,227.3,222.4,150.0,0.1,February,Thursday,5,Local,0
1706755500,2024-02-01 05:45:00,2024-02-01,05:45:00,3000,0,0,0,0,0,231.5,233.0,0.0,0.1,February,Thursday,5,Local,0
1706756400,2024-02-01 06:00:00,2024-02-01,06:00:00,3001,0,0,0,0,0,231.2,231.2,2000.0,0.4871,February,Thursday,6,Local,0
1706757300,2024-02-01 06:15:00,2024-02-01,06:15:00,3002,0,0,0,1,0,233.7,232.7,150.0,0.1,February,Thursday,6,Local,0
1706758200,2024-02-01 06:30:00,2024-02-01,06:30:00,3003,0,0,0,1,0,227.4,229.7,150.0,0.1,February,Thursday,6,Local,0
1706759100,2024-02-01 06:45:00,2024-02-01,06:45:00,3004,0,0,0,0,0,227.3,227.0,0.0,0.1,February,Thursday,6,Local,0
1706760000,2024-02-01 07:00:00,2024-02-01,07:00:00,3005,0,0,0,0,1,235.7,235.0,1200.0,0.3502,February,Thursday,7,Local,0
1706760900,2024-02-01 07:15:00,2024-02-01,07:15:00,3006,0,0,0,1,0,233.4,234.7,150.0,0.1,February,Thursday,7,Local,0
1706761800,2024-02-01 07:30:00,2024-02-01,07:30:00,3007,0,0,0,1,0,226.1,227.4,150.0,0.1,February,Thursday,7,Local,0
1706762700,2024-02-01 07:45:00,2024-02-01,07:45:00,3008,0,0,1,1,0,228.4,225.9,3150.0,0.8034,February,Thursday,7,Local,0
1706763600,2024-02-01 08:00:00,2024-02-01,08:00:00,3009,0,0,1,1,0,231.2,233.1,3150.0,0.8801,February,Thursday,8,Local,0
1706764500,2024-02-01 08:15:00,2024-02-01,08:15:00,3010,0,0,0,1,0,228.1,230.2,1650.0,0.9668,February,Thursday,8,Local,1
1706765400,2024-02-01 08:30:00,2024-02-01,08:30:00,3011,0,0,0,1,0,226.3,225.6,150.0,0.1,February,Thursday,8,Local,0
1706766300,2024-02-01 08:45:00,2024-02-01,08:45:00,3012,0,0,0,1,0,233.0,233.3,150.0,0.1,February,Thursday,8,Local,0
1706767200,2024-02-01 09:00:00,2024-02-01,09:00:00,3013,0,1,1,0,0,227.3,228.1,5500.0,1.6282,February,Thursday,9,Local,0
1706768100,2024-02-01 09:15:00,2024-02-01,09:15:00,3014,0,0,0,1,0,235.7,232.8,150.0,0.1,February,Thursday,9,Local,0
1706769000,2024-02-01 09:30:00,2024-02-01,09:30:00,3015,0,0,0,1,0,225.3,222.6,150.0,0.1,February,Thursday,9,Local,0
1706769900,2024-02-01 09:45:00,2024-02-01,09:45:00,3016,0,0,0,0,0,232.7,234.5,0.0,0.1,February,Thursday,9,Local,0
1706770800,2024-02-01 10:00:00,2024-02-01,10:00:00,3017,0,0,0,1,0,232.6,231.3,150.0,0.1,February,Thursday,10,Local,0
1706771700,2024-02-01 10:15:00,2024-02-01,10:15:00,3018,0,0,0,1,0,230.6,232.2,150.0,0.1,February,Thursday,10,Local,0
1706772600,2024-02-01 10:30:00,2024-02-01,10:30:00,3019,0,0,0,1,0,227.1,227.0,150.0,0.1,February,Thursday,10,Local,0
1706773500,2024-02-01 10:45:00,2024-02-01,10:45:00,3020,1,0,0,0,0,230.0,231.9,150.0,0.1,February,Thursday,10,Local,0
1706774400,2024-02-01 11:00:00,2024-02-01,11:00:00,3021,0,0,0,1,0,228.6,229.2,150.0,0.221,February,Thursday,11,Local,1
1706775300,2024-02-01 11:15:00,2024-02-01,11:15:00,3022,1,1,0,1,0,231.5,232.1,2800.0,0.7971,February,Thursday,11,Local,0
1706776200,2024-02-01 11:30:00,2024-02-01,11:30:00,3023,0,0,0,1,0,226.6,224.6,150.0,0.1,February,Thursday,11,Local,0
1706777100,2024-02-01 11:45:00,2024-02-01,11:45:00,3024,0,0,0,0,0,224.1,227.3,1500.0,0.4545,February,Thursday,11,Local,0
1706778000,2024-02-01 12:00:00,2024-02-01,12:00:00,3025,0,0,0,1,0,228.8,226.3,150.0,0.1,February,Thursday,12,Local,0
1706778900,2024-02-01 12:15:00,2024-02-01,12:15:00,3026,0,0,1,1,0,228.3,225.7,3150.0,0.8888,February,Thursday,12,Local,0
1706779800,2024-02-01 12:30:00,2024-02-01,12:30:00,3027,0,0,0,1,0,228.4,227.2,150.0,0.1,February,Thursday,12,Local,0
1706780700,2024-02-01 12:45:00,2024-02-01,12:45:00,3028,1,0,0,0,0,227.8,228.3,150.0,0.1,February,Thursday,12,Local,0
1706781600,2024-02-01 13:00:00,2024-02-01,13:00:00,3029,0,0,0,1,0,231.1,230.4,150.0,0.1,February,Thursday,13,Local,0
1706782500,2024-02-01 13:15:00,2024-02-01,13:15:00,3030,0,0,0,1,0,232.3,233.0,150.0,0.1,February,Thursday,13,Local,0
1706783400,2024-02-01 13:30:00,2024-02-01,13:30:00,3031,0,0,1,1,0,232.1,232.0,3150.0,0.906,February,Thursday,13,Local,0
1706784300,2024-02-01 13:45:00,2024-02-01,13:45:00,3032,0,0,0,0,0,235.2,236.7,0.0,0.1,February,Thursday,13,Local,0
1706785200,2024-02-01 14:00:00,2024-02-01,14:00:00,3033,0,0,0,1,0,228.5,230.1,150.0,0.1,February,Thursday,14,Local,0
1706786100,2024-02-01 14:15:00,2024-02-01,14:15:00,3034,0,0,0,1,0,230.4,227.9,150.0,0.1,February,Thursday,14,Local,0
1706787000,2024-02-01 14:30:00,2024-02-01,14:30:00,3035,0,0,0,1,0,230.9,229.9,650.0,0.1417,February,Thursday,14,Local,0
1706787900,2024-02-01 14:45:00,2024-02-01,14:45:00,3036,0,0,0,0,0,230.0,233.2,0.0,0.1,February,Thursday,14,Local,0
1706788800,2024-02-01 15:00:00,2024-02-01,15:00:00,3037,0,0,0,1,0,230.2,232.8,150.0,0.1,February,Thursday,15,Local,0
1706789700,2024-02-01 15:15:00,2024-02-01,15:15:00,3038,0,0,1,1,0,231.9,231.9,3150.0,0.819,February,Thursday,15,Local,0
1706790600,2024-02-01 15:30:00,2024-02-01,15:30:00,3039,0,0,0,1,0,230.2,230.9,150.0,0.1,February,Thursday,15,Local,0
1706791500,2024-02-01 15:45:00,2024-02-01,15:45:00,3040,1,0,0,0,0,230.5,228.4,150.0,0.1,February,Thursday,15,Local,0
1706792400,2024-02-01 16:00:00,2024-02-01,16:00:00,3041,0,0,0,1,0,228.0,228.2,150.0,0.1,February,Thursday,16,Local,0
1706793300,2024-02-01 16:15:00,2024-02-01,16:15:00,3042,0,0,0,1,0,224.4,225.2,150.0,0.1,February,Thursday,16,Local,0
1706794200,2024-02-01 16:30:00,2024-02-01,16:30:00,3043,0,0,0,1,0,229.3,227.3,150.0,0.1,February,Thursday,16,Local,0
1706795100,2024-02-01 16:45:00,2024-02-01,16:45:00,3044,1,0,0,0,0,233.9,237.2,150.0,0.1,February,Thursday,16,Local,0
1706796000,2024-02-01 17:00:00,2024-02-01,17:00:00,3045,0,0,1,1,1,229.5,230.9,4350.0,1.1703,February,Thursday,17,Local,0
1706796900,2024-02-01 17:15:00,2024-02-01,17:15:00,3046,1,0,0,1,1,231.4,230.7,1500.0,0.3626,February,Thursday,17,Local,0
1706797800,2024-02-01 17:30:00,2024-02-01,17:30:00,3047,0,0,0,1,0,229.3,229.9,150.0,0.1,February,Thursday,17,Local,0
1706798700,2024-02-01 17:45:00,2024-02-01,17:45:00,3048,0,0,0,0,0,230.1,229.3,0.0,0.1,February,Thursday,17,Local,0
1706799600,2024-02-01 18:00:00,2024-02-01,18:00:00,3049,1,0,1,1,0,231.9,232.3,3300.0,0.8009,February,Thursday,18,Local,0
1706800500,2024-02-01 18:15:00,2024-02-01,18:15:00,3050,1,0,0,1,0,229.6,231.0,300.0,0.1,February,Thursday,18,Local,0
1706801400,2024-02-01 18:30:00,2024-02-01,18:30:00,3051,0,0,1,0,1,224.9,225.8,4200.0,1.1072,February,Thursday,18,Local,0
1706802300,2024-02-01 18:45:00,2024-02-01,18:45:00,3052,0,0,1,0,0,230.2,230.2,3000.0,0.8093,February,Thursday,18,Local,0
1706803200,2024-02-01 19:00:00,2024-02-01,19:00:00,3053,1,1,0,0,0,233.4,233.0,2650.0,0.6355,February,Thursday,19,Local,0
1706804100,2024-02-01 19:15:00,2024-02-01,19:15:00,3054,1,0,1,1,0,237.3,236.6,3300.0,0.7745,February,Thursday,19,Local,0
1706805000,2024-02-01 19:30:00,2024-02-01,19:30:00,3055,1,0,0,1,0,230.9,232.3,300.0,0.1009,February,Thursday,19,Local,0
1706805900,2024-02-01 19:45:00,2024-02-01,19:45:00,3056,1,0,0,0,0,230.3,229.1,150.0,0.1,February,Thursday,19,Local,0
1706806800,2024-02-01 20:00:00,2024-02-01,20:00:00,3057,1,0,0,1,1,234.2,235.7,1500.0,0.4313,February,Thursday,20,Local,0
1706807700,2024-02-01 20:15:00,2024-02-01,20:15:00,3058,1,1,0,1,0,230.5,232.3,2800.0,0.747,February,Thursday,20,Local,0
1706808600,2024-02-01 20:30:00,2024-02-01,20:30:00,3059,0,0,0,1,0,233.4,233.7,150.0,0.1,February,Thursday,20,Local,0
1706809500,2024-02-01 20:45:00,2024-02-01,20:45:00,3060,1,0,0,0,0,231.4,231.8,150.0,0.1,February,Thursday,20,Local,0
1706810400,2024-02-01 21:00:00,2024-02-01,21:00:00,3061,0,0,0,1,0,234.4,233.4,150.0,0.1,February,Thursday,21,Local,0
1706811300,2024-02-01 21:15:00,2024-02-01,21:15:00,3062,1,0,0,1,0,228.8,229.8,300.0,0.1,February,Thursday,21,Local,0
1706812200,2024-02-01 21:30:00,2024-02-01,21:30:00,3063,1,0,0,1,0,232.7,237.3,300.0,0.1,February,Thursday,21,Local,0
1706813100,2024-02-01 21:45:00,2024-02-01,21:45:00,3064,1,0,0,0,1,228.9,227.7,1350.0,0.3652,February,Thursday,21,Local,0
1706814000,2024-02-01 22:00:00,2024-02-01,22:00:00,3065,1,0,0,0,1,225.7,226.4,1350.0,0.3535,February,Thursday,22,Local,0
1706814900,2024-02-01 22:15:00,2024-02-01,22:15:00,3066,1,0,0,1,0,231.9,236.7,300.0,0.1,February,Thursday,22,Local,0
1706815800,2024-02-01 22:30:00,2024-02-01,22:30:00,3067,0,0,1,1,0,227.5,227.3,3150.0,0.89,February,Thursday,22,Local,0
1706816700,2024-02-01 22:45:00,2024-02-01,22:45:00,3068,0,0,0,0,0,232.6,233.1,0.0,0.1,February,Thursday,22,Local,0
1706817600,2024-02-01 23:00:00,2024-02-01,23:00:00,3069,0,0,0,1,0,228.7,229.0,150.0,0.1,February,Thursday,23,Local,0
1706818500,2024-02-01 23:15:00,2024-02-01,23:15:00,3070,0,0,0,1,0,227.8,228.0,150.0,0.1,February,Thursday,23,Local,0
1706819400,2024-02-01 23:30:00,2024-02-01,23:30:00,3071,1,1,0,1,0,232.2,233.1,2800.0,0.8418,February,Thursday,23,Local,0
1706820300,2024-02-01 23:45:00,2024-02-01,23:45:00,3072,1,0,1,0,0,229.1,233.4,3150.0,0.9127,February,Thursday,23,Local,0
1706821200,2024-02-02 00:00:00,2024-02-02,00:00:00,3073,0,0,0,1,0,227.7,228.2,150.0,0.1,February,Friday,0,Local,0
1706822100,2024-02-02 00:15:00,2024-02-02,00:15:00,3074,1,0,0,1,0,230.6,231.1,300.0,0.1,February,Friday,0,Local,0
1706823000,2024-02-02 00:30:00,2024-02-02,00:30:00,3075,0,0,0,1,0,230.7,231.6,150.0,0.1,February,Friday,0,Local,0
1706823900,2024-02-02 00:45:00,2024-02-02,00:45:00,3076,0,0,0,0,0,233.9,234.8,0.0,0.1,February,Friday,0,Local,0
1706824800,2024-02-02 01:00:00,2024-02-02,01:00:00,3077,1,0,0,1,0,231.6,227.2,300.0,0.1,February,Friday,1,Local,0
1706825700,2024-02-02 01:15:00,2024-02-02,01:15:00,3078,0,0,0,1,0,231.9,234.2,150.0,0.1,February,Friday,1,Local,0
1706826600,2024-02-02 01:30:00,2024-02-02,01:30:00,3079,0,0,0,0,0,226.1,224.4,0.0,0.1,February,Friday,1,Local,0
1706827500,2024-02-02 01:45:00,2024-02-02,01:45:00,3080,0,0,0,0,0,231.2,234.3,0.0,0.1,February,Friday,1,Local,0
1706828400,2024-02-02 02:00:00,2024-02-02,02:00:00,3081,0,0,0,1,0,226.9,226.8,150.0,0.1,February,Friday,2,Local,0
1706829300,2024-02-02 02:15:00,2024-02-02,02:15:00,3082,0,0,0,1,0,235.1,234.7,150.0,0.1,February,Friday,2,Local,0
1706830200,2024-02-02 02:30:00,2024-02-02,02:30:00,3083,0,0,0,0,0,231.2,231.8,0.0,0.1,February,Friday,2,Local,0
1706831100,2024-02-02 02:45:00,2024-02-02,02:45:00,3084,0,0,0,0,0,232.1,231.4,0.0,0.1,February,Friday,2,Local,0
1706832000,2024-02-02 03:00:00,2024-02-02,03:00:00,3085,0,0,0,1,0,227.9,225.1,150.0,0.1,February,Friday,3,Local,0
1706832900,2024-02-02 03:15:00,2024-02-02,03:15:00,3086,0,0,0,1,0,233.8,233.9,150.0,0.1,February,Friday,3,Local,0
1706833800,2024-02-02 03:30:00,2024-02-02,03:30:00,3087,0,0,0,1,0,229.5,230.9,150.0,0.1,February,Friday,3,Local,0
1706834700,2024-02-02 03:45:00,2024-02-02,03:45:00,3088,0,0,0,0,0,230.6,232.3,0.0,0.1,February,Friday,3,Local,0
1706835600,2024-02-02 04:00:00,2024-02-02,04:00:00,3089,0,0,0,1,0,230.3,224.4,150.0,0.1,February,Friday,4,Local,0
1706836500,2024-02-02 04:15:00,2024-02-02,04:15:00,3090,0,0,0,1,0,230.3,232.3,150.0,0.1,February,Friday,4,Local,0
1706837400,2024-02-02 04:30:00,2024-02-02,04:30:00,3091,0,0,0,1,0,226.1,227.6,150.0,0.1,February,Friday,4,Local,0
1706838300,2024-02-02 04:45:00,2024-02-02,04:45:00,3092,0,0,0,0,0,230.2,233.6,0.0,0.1,February,Friday,4,Local,0
1706839200,2024-02-02 05:00:00,2024-02-02,05:00:00,3093,1,0,0,1,0,237.0,235.9,300.0,0.1,February,Friday,5,Local,0
1706840100,2024-02-02 05:15:00,2024-02-02,05:15:00,3094,0,0,0,1,0,229.0,227.1,150.0,0.1,February,Friday,5,Local,0
1706841000,2024-02-02 05:30:00,2024-02-02,05:30:00,3095,0,0,0,1,0,228.8,229.9,150.0,0.1,February,Friday,5,Local,0
1706841900,2024-02-02 05:45:00,2024-02-02,05:45:00,3096,0,0,0,1,0,227.8,228.9,150.0,0.1,February,Friday,5,Local,0
1706842800,2024-02-02 06:00:00,2024-02-02,06:00:00,3097,1,0,0,1,0,226.3,228.9,300.0,0.1,February,Friday,6,Local,0
1706843700,2024-02-02 06:15:00,2024-02-02,06:15:00,3098,0,0,0,1,0,230.3,231.4,150.0,0.1,February,Friday,6,Local,0
1706844600,2024-02-02 06:30:00,2024-02-02,06:30:00,3099,0,0,0,1,0,226.4,231.5,150.0,0.1,February,Friday,6,Local,0
1706845500,2024-02-02 06:45:00,2024-02-02,06:45:00,3100,0,0,0,0,0,234.8,232.3,0.0,0.1,February,Friday,6,Local,0
1706846400,2024-02-02 07:00:00,2024-02-02,07:00:00,3101,0,0,0,1,0,230.6,232.5,150.0,0.1,February,Friday,7,Local,0
1706847300,2024-02-02 07:15:00,2024-02-02,07:15:00,3102,0,0,1,1,0,232.2,230.7,3150.0,0.8505,February,Friday,7,Local,0
1706848200,2024-02-02 07:30:00,2024-02-02,07:30:00,3103,0,0,0,1,0,229.6,229.0,150.0,0.1,February,Friday,7,Local,0
1706849100,2024-02-02 07:45:00,2024-02-02,07:45:00,3104,0,0,0,0,0,232.7,234.9,0.0,0.1,February,Friday,7,Local,0
1706850000,2024-02-02 08:00:00,2024-02-02,08:00:00,3105,0,0,0,1,0,227.7,227.3,1150.0,0.3489,February,Friday,8,Local,0
1706850900,2024-02-02 08:15:00,2024-02-02,08:15:00,3106,0,0,0,1,0,228.4,233.0,150.0,0.1,February,Friday,8,Local,0
1706851800,2024-02-02 08:30:00,2024-02-02,08:30:00,3107,0,0,0,1,0,226.5,225.4,150.0,0.1,February,Friday,8,Local,0
1706852700,2024-02-02 08:45:00,2024-02-02,08:45:00,3108,0,0,0,0,0,231.1,231.5,0.0,0.1,February,Friday,8,Local,0
1706853600,2024-02-02 09:00:00,2024-02-02,09:00:00,3109,0,0,0,1,0,229.9,231.1,150.0,0.1,February,Friday,9,Local,0
1706854500,2024-02-02 09:15:00,2024-02-02,09:15:00,3110,0,0,0,1,0,227.0,228.0,150.0,0.1,February,Friday,9,Local,0
1706855400,2024-02-02 09:30:00,2024-02-02,09:30:00,3111,0,0,1,1,0,228.0,226.4,3150.0,0.8606,February,Friday,9,Local,0
1706856300,2024-02-02 09:45:00,2024-02-02,09:45:00,3112,0,0,0,0,0,227.7,225.9,0.0,0.1,February,Friday,9,Local,0
1706857200,2024-02-02 10:00:00,2024-02-02,10:00:00,3113,0,0,0,0,0,226.3,225.3,0.0,0.1,February,Friday,10,Local,0
1706858100,2024-02-02 10:15:00,2024-02-02,10:15:00,3114,0,0,0,1,0,231.1,230.6,150.0,0.1,February,Friday,10,Local,0
1706859000,2024-02-02 10:30:00,2024-02-02,10:30:00,3115,0,1,0,1,0,227.9,224.5,2650.0,0.8089,February,Friday,10,Local,0
1706859900,2024-02-02 10:45:00,2024-02-02,10:45:00,3116,0,0,0,0,0,228.8,225.7,0.0,0.1,February,Friday,10,Local,0
1706860800,2024-02-02 11:00:00,2024-02-02,11:00:00,3117,0,0,0,1,0,231.5,231.1,150.0,0.1,February,Friday,11,Local,0
1706861700,2024-02-02 11:15:00,2024-02-02,11:15:00,3118,0,0,0,1,0,227.2,229.1,150.0,0.1,February,Friday,11,Local,0
1706862600,2024-02-02 11:30:00,2024-02-02,11:30:00,3119,0,0,0,1,0,230.8,231.1,150.0,0.1,February,Friday,11,Local,0
1706863500,2024-02-02 11:45:00,2024-02-02,11:45:00,3120,0,0,0,0,0,231.7,230.9,0.0,0.1,February,Friday,11,Local,0
1706864400,2024-02-02 12:00:00,2024-02-02,12:00:00,3121,0,0,0,1,0,229.8,230.6,150.0,0.1,February,Friday,12,Local,0
1706865300,2024-02-02 12:15:00,2024-02-02,12:15:00,3122,0,0,0,1,0,233.5,232.7,150.0,0.1,February,Friday,12,Local,0
1706866200,2024-02-02 12:30:00,2024-02-02,12:30:00,3123,0,0,0,1,0,224.8,222.4,150.0,0.1,February,Friday,12,Local,0
1706867100,2024-02-02 12:45:00,2024-02-02,12:45:00,3124,0,0,1,0,0,230.9,230.4,3000.0,0.7703,February,Friday,12,Local,0
1706868000,2024-02-02 13:00:00,2024-02-02,13:00:00,3125,0,0,1,1,1,233.9,232.4,4350.0,1.2328,February,Friday,13,Local,0
1706868900,2024-02-02 13:15:00,2024-02-02,13:15:00,3126,0,0,0,1,0,230.1,231.7,150.0,0.1,February,Friday,13,Local,0
1706869800,2024-02-02 13:30:00,2024-02-02,13:30:00,3127,1,0,1,1,1,230.0,234.3,4500.0,1.1557,February,Friday,13,Local,0
1706870700,2024-02-02 13:45:00,2024-02-02,13:45:00,3128,0,0,0,0,0,228.0,225.9,0.0,0.1,February,Friday,13,Local,0
1706871600,2024-02-02 14:00:00,2024-02-02,14:00:00,3129,0,1,0,0,0,221.6,221.9,2500.0,0.6867,February,Friday,14,Local,0
1706872500,2024-02-02 14:15:00,2024-02-02,14:15:00,3130,0,0,0,1,0,228.9,227.3,150.0,0.1,February,Friday,14,Local,0
1706873400,2024-02-02 14:30:00,2024-02-02,14:30:00,3131,0,0,0,1,0,229.7,231.3,150.0,0.1,February,Friday,14,Local,0
1706874300,2024-02-02 14:45:00,2024-02-02,14:45:00,3132,0,0,0,0,0,229.2,226.6,0.0,0.1,February,Friday,14,Local,0
1706875200,2024-02-02 15:00:00,2024-02-02,15:00:00,3133,0,0,0,1,0,226.8,226.5,150.0,0.1,February,Friday,15,Local,0
1706876100,2024-02-02 15:15:00,2024-02-02,15:15:00,3134,0,1,0,0,0,230.9,231.8,2500.0,0.6882,February,Friday,15,Local,0
1706877000,2024-02-02 15:30:00,2024-02-02,15:30:00,3135,0,0,0,1,0,234.6,233.2,150.0,0.1,February,Friday,15,Local,0
1706877900,2024-02-02 15:45:00,2024-02-02,15:45:00,3136,0,0,0,0,0,226.2,226.6,0.0,0.1,February,Friday,15,Local,0
1706878800,2024-02-02 16:00:00,2024-02-02,16:00:00,3137,0,0,0,1,0,229.6,228.2,150.0,0.1,February,Friday,16,Local,0
1706879700,2024-02-02 16:15:00,2024-02-02,16:15:00,3138,0,0,0,1,0,222.9,223.4,150.0,0.1,February,Friday,16,Local,0
1706880600,2024-02-02 16:30:00,2024-02-02,16:30:00,3139,1,1,0,1,0,227.1,227.4,2800.0,0.7293,February,Friday,16,Local,0
1706881500,2024-02-02 16:45:00,2024-02-02,16:45:00,3140,1,0,0,1,1,223.9,226.7,1500.0,0.4208,February,Friday,16,Local,0
1706882400,2024-02-02 17:00:00,2024-02-02,17:00:00,3141,0,0,0,1,0,230.1,232.0,150.0,0.1,February,Friday,17,Local,0
1706883300,2024-02-02 17:15:00,2024-02-02,17:15:00,3142,1,0,0,1,0,235.5,235.7,300.0,0.1,February,Friday,17,Local,0
1706884200,2024-02-02 17:30:00,2024-02-02,17:30:00,3143,0,0,0,1,0,230.4,231.1,150.0,0.1,February,Friday,17,Local,0
1706885100,2024-02-02 17:45:00,2024-02-02,17:45:00,3144,1,1,0,0,1,231.5,233.9,3850.0,0.9748,February,Friday,17,Local,0
1706886000,2024-02-02 18:00:00,2024-02-02,18:00:00,3145,1,0,0,1,0,228.5,226.0,300.0,0.1,February,Friday,18,Local,0
1706886900,2024-02-02 18:15:00,2024-02-02,18:15:00,3146,0,0,0,0,0,224.5,224.1,0.0,0.1,February,Friday,18,Local,0
1706887800,2024-02-02 18:30:00,2024-02-02,18:30:00,3147,1,0,0,1,1,231.0,232.2,1500.0,0.4863,February,Friday,18,Local,0
1706888700,2024-02-02 18:45:00,2024-02-02,18:45:00,3148,1,0,1,0,0,229.2,231.1,3150.0,0.8899,February,Friday,18,Local,0
1706889600,2024-02-02 19:00:00,2024-02-02,19:00:00,3149,1,1,0,1,1,231.1,231.3,4000.0,1.1805,February,Friday,19,Local,0
1706890500,2024-02-02 19:15:00,2024-02-02,19:15:00,3150,0,0,0,1,0,228.8,229.2,150.0,0.1,February,Friday,19,Local,0
1706891400,2024-02-02 19:30:00,2024-02-02,19:30:00,3151,1,0,1,1,1,225.5,227.7,4500.0,1.0534,February,Friday,19,Local,0
1706892300,2024-02-02 19:45:00,2024-02-02,19:45:00,3152,1,0,1,0,1,232.4,229.8,4350.0,1.0295,February,Friday,19,Local,0
1706893200,2024-02-02 20:00:00,2024-02-02,20:00:00,3153,1,0,0,1,0,226.8,226.7,300.0,0.1,February,Friday,20,Local,0
1706894100,2024-02-02 20:15:00,2024-02-02,20:15:00,3154,0,0,1,1,0,227.8,227.1,3150.0,0.8637,February,Friday,20,Local,0
1706895000,2024-02-02 20:30:00,2024-02-02,20:30:00,3155,0,0,0,1,1,223.6,222.4,1350.0,0.2913,February,Friday,20,Local,0
1706895900,2024-02-02 20:45:00,2024-02-02,20:45:00,3156,0,0,0,1,0,226.2,225.9,150.0,0.1,February,Friday,20,Local,0
1706896800,2024-02-02 21:00:00,2024-02-02,21:00:00,3157,1,0,0,1,0,228.6,227.4,300.0,0.1,February,Friday,21,Local,0
1706897700,2024-02-02 21:15:00,2024-02-02,21:15:00,3158,1,0,0,1,0,227.4,228.3,300.0,0.1,February,Friday,21,Local,0
1706898600,2024-02-02 21:30:00,2024-02-02,21:30:00,3159,1,0,0,1,0,230.2,229.8,300.0,0.1,February,Friday,21,Local,0
1706899500,2024-02-02 21:45:00,2024-02-02,21:45:00,3160,0,0,0,0,0,229.9,229.5,0.0,0.1,February,Friday,21,Local,0
1706900400,2024-02-02 22:00:00,2024-02-02,22:00:00,3161,1,0,0,1,0,232.8,232.0,300.0,0.1,February,Friday,22,Local,0
1706901300,2024-02-02 22:15:00,2024-02-02,22:15:00,3162,1,0,0,1,0,229.8,227.0,300.0,0.1,February,Friday,22,Local,0
1706902200,2024-02-02 22:30:00,2024-02-02,22:30:00,3163,0,0,0,1,0,234.3,235.7,150.0,0.1,February,Friday,22,Local,0
1706903100,2024-02-02 22:45:00,2024-02-02,22:45:00,3164,1,0,0,0,0,227.6,225.9,150.0,0.1,February,Friday,22,Local,0
1706904000,2024-02-02 23:00:00,2024-02-02,23:00:00,3165,1,0,0,1,0,226.1,225.5,300.0,0.1,February,Friday,23,Local,0
1706904900,2024-02-02 23:15:00,2024-02-02,23:15:00,3166,0,0,0,0,0,231.4,231.1,0.0,0.1,February,Friday,23,Local,0
1706905800,2024-02-02 23:30:00,2024-02-02,23:30:00,3167,0,0,0,1,0,235.5,230.5,150.0,0.1,February,Friday,23,Local,0
1706906700,2024-02-02 23:45:00,2024-02-02,23:45:00,3168,1,0,0,0,0,227.9,231.5,150.0,0.1,February,Friday,23,Local,0
1706907600,2024-02-03 00:00:00,2024-02-03,00:00:00,3169,0,0,0,1,0,228.2,226.3,150.0,0.1,February,Saturday,0,Local,0
1706908500,2024-02-03 00:15:00,2024-02-03,00:15:00,3170,0,0,0,0,0,231.9,232.6,0.0,0.1,February,Saturday,0,Local,0
1706909400,2024-02-03 00:30:00,2024-02-03,00:30:00,3171,1,0,0,1,0,238.1,238.8,300.0,0.1,February,Saturday,0,Local,0
1706910300,2024-02-03 00:45:00,2024-02-03,00:45:00,3172,0,0,0,0,0,234.0,235.8,0.0,0.1,February,Saturday,0,Local,0
1706911200,2024-02-03 01:00:00,2024-02-03,01:00:00,3173,0,0,0,1,0,234.5,232.9,150.0,0.1,February,Saturday,1,Local,0
1706912100,2024-02-03 01:15:00,2024-02-03,01:15:00,3174,0,0,0,1,0,226.3,225.7,150.0,0.1,February,Saturday,1,Local,0
1706913000,2024-02-03 01:30:00,2024-02-03,01:30:00,3175,0,0,0,1,0,229.0,230.1,150.0,0.1,February,Saturday,1,Local,0
1706913900,2024-02-03 01:45:00,2024-02-03,01:45:00,3176,0,0,0,0,0,228.4,226.8,0.0,0.1,February,Saturday,1,Local,0
1706914800,2024-02-03 02:00:00,2024-02-03,02:00:00,3177,0,0,0,1,0,232.9,234.7,150.0,0.1,February,Saturday,2,Local,0
1706915700,2024-02-03 02:15:00,2024-02-03,02:15:00,3178,0,0,0,1,0,228.2,228.1,150.0,0.1,February,Saturday,2,Local,0
1706916600,2024-02-03 02:30:00,2024-02-03,02:30:00,3179,0,0,0,1,0,227.5,225.4,150.0,0.1,February,Saturday,2,Local,0
1706917500,2024-02-03 02:45:00,2024-02-03,02:45:00,3180,0,0,0,0,0,228.4,229.6,0.0,0.1,February,Saturday,2,Local,0
1706918400,2024-02-03 03:00:00,2024-02-03,03:00:00,3181,0,0,0,1,0,234.0,237.7,150.0,0.1,February,Saturday,3,Local,0
1706919300,2024-02-03 03:15:00,2024-02-03,03:15:00,3182,0,0,0,1,0,231.6,229.0,150.0,0.1,February,Saturday,3,Local,0
1706920200,2024-02-03 03:30:00,2024-02-03,03:30:00,3183,0,0,0,1,0,231.6,228.9,150.0,0.1,February,Saturday,3,Local,0
1706921100,2024-02-03 03:45:00,2024-02-03,03:45:00,3184,0,0,0,0,0,232.2,233.4,0.0,0.1,February,Saturday,3,Local,0
1706922000,2024-02-03 04:00:00,2024-02-03,04:00:00,3185,0,0,0,1,0,227.9,228.8,150.0,0.1,February,Saturday,4,Local,0
1706922900,2024-02-03 04:15:00,2024-02-03,04:15:00,3186,0,0,0,0,0,228.8,231.0,0.0,0.1,February,Saturday,4,Local,0
1706923800,2024-02-03 04:30:00,2024-02-03,04:30:00,3187,0,0,0,1,0,232.5,227.9,150.0,0.1,February,Saturday,4,Local,0
1706924700,2024-02-03 04:45:00,2024-02-03,04:45:00,3188,0,0,0,0,0,229.8,228.7,0.0,0.1,February,Saturday,4,Local,0
1706925600,2024-02-03 05:00:00,2024-02-03,05:00:00,3189,0,0,0,1,0,227.2,225.7,150.0,0.1,February,Saturday,5,Local,0
1706926500,2024-02-03 05:15:00,2024-02-03,05:15:00,3190,0,0,0,1,0,228.2,228.5,150.0,0.1,February,Saturday,5,Local,0
1706927400,2024-02-03 05:30:00,2024-02-03,05:30:00,3191,0,0,0,1,0,226.4,224.8,150.0,0.1,February,Saturday,5,Local,0
1706928300,2024-02-03 05:45:00,2024-02-03,05:45:00,3192,0,0,0,0,0,234.5,233.8,0.0,0.1,February,Saturday,5,Local,0
1706929200,2024-02-03 06:00:00,2024-02-03,06:00:00,3193,0,0,0,1,0,231.5,232.0,150.0,0.1,February,Saturday,6,Local,0
1706930100,2024-02-03 06:15:00,2024-02-03,06:15:00,3194,0,0,0,1,0,227.3,225.9,150.0,0.1,February,Saturday,6,Local,0
1706931000,2024-02-03 06:30:00,2024-02-03,06:30:00,3195,0,0,0,1,0,235.2,233.6,150.0,0.1,February,Saturday,6,Local,0
1706931900,2024-02-03 06:45:00,2024-02-03,06:45:00,3196,1,0,0,0,0,231.7,234.0,150.0,0.1,February,Saturday,6,Local,0
1706932800,2024-02-03 07:00:00,2024-02-03,07:00:00,3197,0,0,0,1,1,233.5,233.8,1350.0,0.4065,February,Saturday,7,Local,0
1706933700,2024-02-03 07:15:00,2024-02-03,07:15:00,3198,0,0,0,1,0,232.0,231.9,150.0,0.1,February,Saturday,7,Local,0
1706934600,2024-02-03 07:30:00,2024-02-03,07:30:00,3199,0,0,1,1,0,232.4,228.8,3150.0,0.8724,February,Saturday,7,Local,0
1706935500,2024-02-03 07:45:00,2024-02-03,07:45:00,3200,0,0,0,0,0,235.8,235.7,1500.0,0.4487,February,Saturday,7,Local,0
1706936400,2024-02-03 08:00:00,2024-02-03,08:00:00,3201,1,0,0,1,0,235.8,236.0,800.0,0.206,February,Saturday,8,Local,0
1706937300,2024-02-03 08:15:00,2024-02-03,08:15:00,3202,1,0,0,0,0,235.2,234.3,150.0,0.1,February,Saturday,8,Local,0
1706938200,2024-02-03 08:30:00,2024-02-03,08:30:00,3203,0,0,0,0,0,227.9,227.4,0.0,0.1,February,Saturday,8,Local,0
1706939100,2024-02-03 08:45:00,2024-02-03,08:45:00,3204,0,0,0,0,0,230.4,229.4,0.0,0.1,February,Saturday,8,Local,0
1706940000,2024-02-03 09:00:00,2024-02-03,09:00:00,3205,0,0,0,1,0,230.4,233.3,150.0,0.1,February,Saturday,9,Local,0
1706940900,2024-02-03 09:15:00,2024-02-03,09:15:00,3206,0,0,0,1,0,232.2,230.9,150.0,0.1,February,Saturday,9,Local,0
1706941800,2024-02-03 09:30:00,2024-02-03,09:30:00,3207,0,1,0,1,0,233.3,233.0,2650.0,0.6927,February,Saturday,9,Local,0
1706942700,2024-02-03 09:45:00,2024-02-03,09:45:00,3208,0,0,1,0,0,228.2,225.1,3000.0,0.8848,February,Saturday,9,Local,0
1706943600,2024-02-03 10:00:00,2024-02-03,10:00:00,3209,0,0,0,1,0,230.1,229.7,150.0,0.1,February,Saturday,10,Local,0
1706944500,2024-02-03 10:15:00,2024-02-03,10:15:00,3210,0,0,0,1,0,235.0,236.1,150.0,0.1,February,Saturday,10,Local,0
1706945400,2024-02-03 10:30:00,2024-02-03,10:30:00,3211,0,0,0,1,0,225.7,228.6,150.0,0.1,February,Saturday,10,Local,0
1706946300,2024-02-03 10:45:00,2024-02-03,10:45:00,3212,1,0,0,1,0,233.8,236.3,300.0,0.1,February,Saturday,10,Local,0
1706947200,2024-02-03 11:00:00,2024-02-03,11:00:00,3213,1,0,1,0,0,237.0,238.3,3150.0,1.0042,February,Saturday,11,Local,0
1706948100,2024-02-03 11:15:00,2024-02-03,11:15:00,3214,0,0,0,1,0,231.9,232.2,150.0,0.1,February,Saturday,11,Local,0
1706949000,2024-02-03 11:30:00,2024-02-03,11:30:00,3215,0,0,0,0,0,225.8,229.2,0.0,0.1,February,Saturday,11,Local,0
1706949900,2024-02-03 11:45:00,2024-02-03,11:45:00,3216,1,0,0,1,0,231.8,230.7,300.0,0.1,February,Saturday,11,Local,0
1706950800,2024-02-03 12:00:00,2024-02-03,12:00:00,3217,0,0,0,1,0,229.5,232.1,150.0,0.1,February,Saturday,12,Local,0
1706951700,2024-02-03 12:15:00,2024-02-03,12:15:00,3218,1,0,0,1,0,229.5,230.8,300.0,0.1,February,Saturday,12,Local,0
1706952600,2024-02-03 12:30:00,2024-02-03,12:30:00,3219,0,0,1,1,0,230.2,225.9,3150.0,0.7219,February,Saturday,12,Local,0
1706953500,2024-02-03 12:45:00,2024-02-03,12:45:00,3220,0,0,0,0,0,231.5,234.3,0.0,0.1,February,Saturday,12,Local,0
1706954400,2024-02-03 13:00:00,2024-02-03,13:00:00,3221,0,0,0,1,0,231.4,233.1,150.0,0.1,February,Saturday,13,Local,0
1706955300,2024-02-03 13:15:00,2024-02-03,13:15:00,3222,0,0,0,1,0,227.4,226.6,150.0,0.1,February,Saturday,13,Local,0
1706956200,2024-02-03 13:30:00,2024-02-03,13:30:00,3223,0,0,1,1,1,230.2,230.1,4350.0,1.2257,February,Saturday,13,Local,0
1706957100,2024-02-03 13:45:00,2024-02-03,13:45:00,3224,0,1,0,0,1,234.1,236.0,3700.0,0.9267,February,Saturday,13,Local,0
1706958000,2024-02-03 14:00:00,2024-02-03,14:00:00,3225,0,1,0,1,0,234.7,237.5,2650.0,0.6139,February,Saturday,14,Local,0
1706958900,2024-02-03 14:15:00,2024-02-03,14:15:00,3226,0,0,0,1,0,228.7,226.5,150.0,0.1,February,Saturday,14,Local,0
1706959800,2024-02-03 14:30:00,2024-02-03,14:30:00,3227,1,0,0,1,0,235.2,236.0,300.0,0.1,February,Saturday,14,Local,0
1706960700,2024-02-03 14:45:00,2024-02-03,14:45:00,3228,1,1,0,0,0,232.4,231.4,2650.0,0.7421,February,Saturday,14,Local,0
1706961600,2024-02-03 15:00:00,2024-02-03,15:00:00,3229,0,0,0,1,0,226.1,226.3,150.0,0.1,February,Saturday,15,Local,0
1706962500,2024-02-03 15:15:00,2024-02-03,15:15:00,3230,0,0,0,1,1,231.9,232.0,1350.0,0.3748,February,Saturday,15,Local,0
1706963400,2024-02-03 15:30:00,2024-02-03,15:30:00,3231,0,0,0,1,1,234.5,237.0,1350.0,0.4865,February,Saturday,15,Local,0
1706964300,2024-02-03 15:45:00,2024-02-03,15:45:00,3232,0,0,1,1,0,230.5,234.8,3150.0,0.717,February,Saturday,15,Local,0
1706965200,2024-02-03 16:00:00,2024-02-03,16:00:00,3233,0,1,0,1,0,224.4,224.4,2650.0,0.7874,February,Saturday,16,Local,0
1706966100,2024-02-03 16:15:00,2024-02-03,16:15:00,3234,1,0,0,1,0,232.0,233.2,300.0,0.1,February,Saturday,16,Local,0
1706967000,2024-02-03 16:30:00,2024-02-03,16:30:00,3235,0,0,0,1,0,229.5,229.8,950.0,0.2881,February,Saturday,16,Local,0
1706967900,2024-02-03 16:45:00,2024-02-03,16:45:00,3236,0,0,0,0,0,228.1,228.9,0.0,0.1,February,Saturday,16,Local,0
1706968800,2024-02-03 17:00:00,2024-02-03,17:00:00,3237,0,0,0,1,0,231.4,229.7,1150.0,0.3543,February,Saturday,17,Local,0
1706969700,2024-02-03 17:15:00,2024-02-03,17:15:00,3238,0,0,0,1,0,232.5,231.5,150.0,0.1,February,Saturday,17,Local,0
1706970600,2024-02-03 17:30:00,2024-02-03,17:30:00,3239,0,0,0,1,0,230.1,231.0,150.0,0.1,February,Saturday,17,Local,0
1706971500,2024-02-03 17:45:00,2024-02-03,17:45:00,3240,1,0,0,0,0,229.6,226.3,150.0,0.1,February,Saturday,17,Local,0
1706972400,2024-02-03 18:00:00,2024-02-03,18:00:00,3241,1,0,0,1,0,232.7,232.6,300.0,0.1,February,Saturday,18,Local,0
1706973300,2024-02-03 18:15:00,2024-02-03,18:15:00,3242,1,0,1,0,0,231.3,231.5,3150.0,0.9127,February,Saturday,18,Local,0
1706974200,2024-02-03 18:30:00,2024-02-03,18:30:00,3243,0,1,1,0,0,234.1,233.2,5500.0,1.7623,February,Saturday,18,Local,0
1706975100,2024-02-03 18:45:00,2024-02-03,18:45:00,3244,1,1,1,0,1,227.4,225.1,6850.0,1.7617,February,Saturday,18,Local,0
1706976000,2024-02-03 19:00:00,2024-02-03,19:00:00,3245,1,0,1,1,0,225.2,221.4,3300.0,1.08,February,Saturday,19,Local,0
1706976900,2024-02-03 19:15:00,2024-02-03,19:15:00,3246,1,0,0,1,0,228.5,229.9,300.0,0.1,February,Saturday,19,Local,0
1706977800,2024-02-03 19:30:00,2024-02-03,19:30:00,3247,1,0,0,1,1,231.7,230.6,1500.0,0.3389,February,Saturday,19,Local,0
1706978700,2024-02-03 19:45:00,2024-02-03,19:45:00,3248,1,0,1,0,0,228.5,227.9,3150.0,0.8396,February,Saturday,19,Local,0
1706979600,2024-02-03 20:00:00,2024-02-03,20:00:00,3249,1,0,1,1,0,225.9,226.3,3300.0,0.8224,February,Saturday,20,Local,0
1706980500,2024-02-03 20:15:00,2024-02-03,20:15:00,3250,1,0,0,1,0,232.3,230.5,300.0,0.1,February,Saturday,20,Local,0
1706981400,2024-02-03 20:30:00,2024-02-03,20:30:00,3251,1,1,1,1,0,228.1,227.0,5800.0,1.6025,February,Saturday,20,Local,0
1706982300,2024-02-03 20:45:00,2024-02-03,20:45:00,3252,1,0,0,0,0,229.4,232.0,150.0,0.1,February,Saturday,20,Local,0
1706983200,2024-02-03 21:00:00,2024-02-03,21:00:00,3253,1,0,0,1,1,222.3,224.7,1500.0,0.4903,February,Saturday,21,Local,0
1706984100,2024-02-03 21:15:00,2024-02-03,21:15:00,3254,1,0,0,1,0,229.7,227.9,300.0,0.1,February,Saturday,21,Local,0
1706985000,2024-02-03 21:30:00,2024-02-03,21:30:00,3255,1,0,0,1,0,230.0,228.8,300.0,0.1,February,Saturday,21,Local,0
1706985900,2024-02-03 21:45:00,2024-02-03,21:45:00,3256,1,0,1,0,0,235.3,234.1,3150.0,0.8406,February,Saturday,21,Local,0
1706986800,2024-02-03 22:00:00,2024-02-03,22:00:00,3257,0,0,0,1,0,234.4,235.3,150.0,0.1,February,Saturday,22,Local,0
1706987700,2024-02-03 22:15:00,2024-02-03,22:15:00,3258,1,0,0,1,0,233.5,231.1,300.0,0.1,February,Saturday,22,Local,0
1706988600,2024-02-03 22:30:00,2024-02-03,22:30:00,3259,1,0,0,1,0,230.3,229.3,300.0,0.1,February,Saturday,22,Local,0
1706989500,2024-02-03 22:45:00,2024-02-03,22:45:00,3260,1,0,0,0,0,227.9,227.2,150.0,0.1,February,Saturday,22,Local,0
1706990400,2024-02-03 23:00:00,2024-02-03,23:00:00,3261,0,0,0,1,0,227.5,227.6,150.0,0.1,February,Saturday,23,Local,0
1706991300,2024-02-03 23:15:00,2024-02-03,23:15:00,3262,0,0,0,1,0,227.2,225.5,150.0,0.1,February,Saturday,23,Local,0
1706992200,2024-02-03 23:30:00,2024-02-03,23:30:00,3263,0,0,0,1,0,234.9,232.1,150.0,0.1,February,Saturday,23,Local,0
1706993100,2024-02-03 23:45:00,2024-02-03,23:45:00,3264,0,0,0,1,0,231.4,232.2,150.0,0.1,February,Saturday,23,Local,0
1706994000,2024-02-04 00:00:00,2024-02-04,00:00:00,3265,0,0,0,1,0,219.4,219.8,150.0,0.1,February,Sunday,0,Local,0
1706994900,2024-02-04 00:15:00,2024-02-04,00:15:00,3266,0,0,0,1,0,224.2,226.0,150.0,0.1,February,Sunday,0,Local,0
1706995800,2024-02-04 00:30:00,2024-02-04,00:30:00,3267,0,0,0,1,0,225.2,225.6,150.0,0.1,February,Sunday,0,Local,0
1706996700,2024-02-04 00:45:00,2024-02-04,00:45:00,3268,0,0,0,0,0,229.9,229.1,0.0,0.1,February,Sunday,0,Local,0
1706997600,2024-02-04 01:00:00,2024-02-04,01:00:00,3269,0,0,0,1,0,229.9,224.7,150.0,0.1,February,Sunday,1,Local,0
1706998500,2024-02-04 01:15:00,2024-02-04,01:15:00,3270,0,0,0,1,0,231.3,231.7,150.0,0.1,February,Sunday,1,Local,0
1706999400,2024-02-04 01:30:00,2024-02-04,01:30:00,3271,0,0,0,1,0,236.2,238.7,150.0,0.1,February,Sunday,1,Local,0
1707000300,2024-02-04 01:45:00,2024-02-04,01:45:00,3272,0,0,0,0,0,229.2,229.1,0.0,0.1,February,Sunday,1,Local,0
1707001200,2024-02-04 02:00:00,2024-02-04,02:00:00,3273,0,0,0,1,0,234.8,234.4,150.0,0.1,February,Sunday,2,Local,0
1707002100,2024-02-04 02:15:00,2024-02-04,02:15:00,3274,0,0,0,1,0,229.3,230.7,150.0,0.1,February,Sunday,2,Local,0
1707003000,2024-02-04 02:30:00,2024-02-04,02:30:00,3275,0,0,0,0,0,226.5,228.4,0.0,0.1,February,Sunday,2,Local,0
1707003900,2024-02-04 02:45:00,2024-02-04,02:45:00,3276,0,0,0,0,0,231.4,231.5,0.0,0.1,February,Sunday,2,Local,0
1707004800,2024-02-04 03:00:00,2024-02-04,03:00:00,3277,0,0,0,1,0,229.4,234.6,150.0,0.1,February,Sunday,3,Local,0
1707005700,2024-02-04 03:15:00,2024-02-04,03:15:00,3278,0,0,0,1,0,228.3,226.3,150.0,0.1,February,Sunday,3,Local,0
1707006600,2024-02-04 03:30:00,2024-02-04,03:30:00,3279,0,0,0,1,0,232.3,234.0,150.0,0.1,February,Sunday,3,Local,0
1707007500,2024-02-04 03:45:00,2024-02-04,03:45:00,3280,0,0,0,0,0,231.8,230.9,0.0,0.1,February,Sunday,3,Local,0
1707008400,2024-02-04 04:00:00,2024-02-04,04:00:00,3281,0,0,0,1,0,232.4,230.6,150.0,0.1,February,Sunday,4,Local,0
1707009300,2024-02-04 04:15:00,2024-02-04,04:15:00,3282,0,0,0,0,0,231.4,233.4,0.0,0.1,February,Sunday,4,Local,0
1707010200,2024-02-04 04:30:00,2024-02-04,04:30:00,3283,0,0,0,1,0,229.9,232.1,150.0,0.1,February,Sunday,4,Local,0
1707011100,2024-02-04 04:45:00,2024-02-04,04:45:00,3284,0,0,0,0,0,226.1,228.0,0.0,0.1,February,Sunday,4,Local,0
1707012000,2024-02-04 05:00:00,2024-02-04,05:00:00,3285,0,0,0,1,0,220.5,219.8,150.0,0.1,February,Sunday,5,Local,0
1707012900,2024-02-04 05:15:00,2024-02-04,05:15:00,3286,0,0,0,0,0,231.0,228.7,0.0,0.1,February,Sunday,5,Local,0
1707013800,2024-02-04 05:30:00,2024-02-04,05:30:00,3287,0,0,0,1,0,226.2,225.1,150.0,0.1,February,Sunday,5,Local,0
1707014700,2024-02-04 05:45:00,2024-02-04,05:45:00,3288,0,0,0,0,0,232.4,232.5,0.0,0.1,February,Sunday,5,Local,0
1707015600,2024-02-04 06:00:00,2024-02-04,06:00:00,3289,0,0,0,1,0,229.6,229.1,150.0,0.1,February,Sunday,6,Local,0
1707016500,2024-02-04 06:15:00,2024-02-04,06:15:00,3290,0,0,0,1,0,227.9,225.2,150.0,0.1,February,Sunday,6,Local,0
1707017400,2024-02-04 06:30:00,2024-02-04,06:30:00,3291,0,0,0,1,0,228.7,231.5,150.0,0.1,February,Sunday,6,Local,0
1707018300,2024-02-04 06:45:00,2024-02-04,06:45:00,3292,0,0,0,0,0,230.0,234.4,0.0,0.1,February,Sunday,6,Local,0
1707019200,2024-02-04 07:00:00,2024-02-04,07:00:00,3293,0,0,0,1,0,234.0,232.9,150.0,0.1,February,Sunday,7,Local,0
1707020100,2024-02-04 07:15:00,2024-02-04,07:15:00,3294,0,0,0,1,0,231.3,235.9,150.0,0.1,February,Sunday,7,Local,0
1707021000,2024-02-04 07:30:00,2024-02-04,07:30:00,3295,0,0,0,1,0,228.1,233.3,150.0,0.1,February,Sunday,7,Local,0
1707021900,2024-02-04 07:45:00,2024-02-04,07:45:00,3296,0,0,0,0,0,225.8,224.1,0.0,0.1,February,Sunday,7,Local,0
1707022800,2024-02-04 08:00:00,2024-02-04,08:00:00,3297,0,1,0,1,0,227.8,227.9,2650.0,0.6292,February,Sunday,8,Local,0
1707023700,2024-02-04 08:15:00,2024-02-04,08:15:00,3298,0,1,0,1,0,226.6,224.3,2650.0,0.7938,February,Sunday,8,Local,0
1707024600,2024-02-04 08:30:00,2024-02-04,08:30:00,3299,0,0,0,0,0,229.0,225.0,0.0,0.1,February,Sunday,8,Local,0
1707025500,2024-02-04 08:45:00,2024-02-04,08:45:00,3300,0,0,0,1,0,225.8,224.3,150.0,0.1,February,Sunday,8,Local,0
1707026400,2024-02-04 09:00:00,2024-02-04,09:00:00,3301,0,0,0,0,0,234.1,233.7,0.0,0.1,February,Sunday,9,Local,0
1707027300,2024-02-04 09:15:00,2024-02-04,09:15:00,3302,0,0,0,1,0,229.0,233.4,150.0,0.1,February,Sunday,9,Local,0
1707028200,2024-02-04 09:30:00,2024-02-04,09:30:00,3303,0,0,0,0,0,230.5,233.1,0.0,0.1,February,Sunday,9,Local,0
1707029100,2024-02-04 09:45:00,2024-02-04,09:45:00,3304,0,0,0,1,0,231.9,232.6,150.0,0.1,February,Sunday,9,Local,0
1707030000,2024-02-04 10:00:00,2024-02-04,10:00:00,3305,0,0,0,1,0,227.2,227.3,150.0,0.1,February,Sunday,10,Local,0
1707030900,2024-02-04 10:15:00,2024-02-04,10:15:00,3306,0,0,0,1,0,227.8,229.5,150.0,0.1,February,Sunday,10,Local,0
1707031800,2024-02-04 10:30:00,2024-02-04,10:30:00,3307,0,1,0,1,0,229.5,230.3,2650.0,0.7851,February,Sunday,10,Local,0
1707032700,2024-02-04 10:45:00,2024-02-04,10:45:00,3308,0,0,0,0,0,229.0,227.8,0.0,0.1,February,Sunday,10,Local,0
1707033600,2024-02-04 11:00:00,2024-02-04,11:00:00,3309,0,0,0,1,0,226.6,230.4,150.0,0.1,February,Sunday,11,Local,0
1707034500,2024-02-04 11:15:00,2024-02-04,11:15:00,3310,0,1,0,1,0,232.1,230.7,2650.0,0.8539,February,Sunday,11,Local,0
1707035400,2024-02-04 11:30:00,2024-02-04,11:30:00,3311,0,0,0,1,0,233.3,234.3,150.0,0.1,February,Sunday,11,Local,0
1707036300,2024-02-04 11:45:00,2024-02-04,11:45:00,3312,0,0,0,1,1,229.4,228.9,1350.0,0.2842,February,Sunday,11,Local,0
1707037200,2024-02-04 12:00:00,2024-02-04,12:00:00,3313,0,0,0,1,0,230.8,228.4,1650.0,0.4145,February,Sunday,12,Local,0
1707038100,2024-02-04 12:15:00,2024-02-04,12:15:00,3314,1,0,0,1,0,229.3,230.0,300.0,0.1,February,Sunday,12,Local,0
1707039000,2024-02-04 12:30:00,2024-02-04,12:30:00,3315,0,0,1,0,0,232.3,229.0,3000.0,0.8278,February,Sunday,12,Local,0
1707039900,2024-02-04 12:45:00,2024-02-04,12:45:00,3316,0,0,1,0,0,231.4,234.5,3000.0,0.8621,February,Sunday,12,Local,0
1707040800,2024-02-04 13:00:00,2024-02-04,13:00:00,3317,1,0,0,1,1,233.3,234.9,1500.0,0.4657,February,Sunday,13,Local,0
1707041700,2024-02-04 13:15:00,2024-02-04,13:15:00,3318,0,0,0,1,0,231.3,232.7,150.0,0.1,February,Sunday,13,Local,0
1707042600,2024-02-04 13:30:00,2024-02-04,13:30:00,3319,0,0,0,1,1,232.5,235.9,1350.0,0.3298,February,Sunday,13,Local,0
1707043500,2024-02-04 13:45:00,2024-02-04,13:45:00,3320,1,0,0,0,0,228.9,228.7,150.0,0.1,February,Sunday,13,Local,0
1707044400,2024-02-04 14:00:00,2024-02-04,14:00:00,3321,0,0,0,1,1,229.8,231.0,1350.0,0.3608,February,Sunday,14,Local,0
1707045300,2024-02-04 14:15:00,2024-02-04,14:15:00,3322,0,0,0,1,0,227.4,229.6,150.0,0.1,February,Sunday,14,Local,0
1707046200,2024-02-04 14:30:00,2024-02-04,14:30:00,3323,0,0,0,1,0,223.1,220.5,150.0,0.1,February,Sunday,14,Local,0
1707047100,2024-02-04 14:45:00,2024-02-04,14:45:00,3324,1,0,0,0,1,227.0,224.8,1350.0,0.3616,February,Sunday,14,Local,0
1707048000,2024-02-04 15:00:00,2024-02-04,15:00:00,3325,0,1,0,1,0,229.2,229.3,2650.0,0.7621,February,Sunday,15,Local,0
1707048900,2024-02-04 15:15:00,2024-02-04,15:15:00,3326,0,0,0,1,0,228.4,229.8,150.0,0.1,February,Sunday,15,Local,0
1707049800,2024-02-04 15:30:00,2024-02-04,15:30:00,3327,0,0,0,1,1,229.1,229.0,1350.0,0.386,February,Sunday,15,Local,0
1707050700,2024-02-04 15:45:00,2024-02-04,15:45:00,3328,0,1,0,0,1,232.2,233.4,3700.0,1.0374,February,Sunday,15,Local,0
1707051600,2024-02-04 16:00:00,2024-02-04,16:00:00,3329,0,0,0,1,0,230.5,230.0,150.0,0.1,February,Sunday,16,Local,0
1707052500,2024-02-04 16:15:00,2024-02-04,16:15:00,3330,0,0,0,1,0,226.6,226.6,150.0,0.1,February,Sunday,16,Local,0
1707053400,2024-02-04 16:30:00,2024-02-04,16:30:00,3331,0,0,0,1,0,225.7,224.3,150.0,0.1,February,Sunday,16,Local,0
1707054300,2024-02-04 16:45:00,2024-02-04,16:45:00,3332,0,0,1,0,0,233.4,232.1,3000.0,0.8101,February,Sunday,16,Local,0
1707055200,2024-02-04 17:00:00,2024-02-04,17:00:00,3333,0,1,1,1,0,226.3,223.1,5650.0,1.4281,February,Sunday,17,Local,0
1707056100,2024-02-04 17:15:00,2024-02-04,17:15:00,3334,0,0,0,1,0,226.9,229.3,2150.0,0.6449,February,Sunday,17,Local,0
1707057000,2024-02-04 17:30:00,2024-02-04,17:30:00,3335,0,0,0,1,0,226.0,228.7,150.0,0.1,February,Sunday,17,Local,0
1707057900,2024-02-04 17:45:00,2024-02-04,17:45:00,3336,1,1,1,0,0,228.1,224.2,5650.0,1.6798,February,Sunday,17,Local,0
1707058800,2024-02-04 18:00:00,2024-02-04,18:00:00,3337,1,0,0,1,0,228.1,227.2,300.0,0.1,February,Sunday,18,Local,0
1707059700,2024-02-04 18:15:00,2024-02-04,18:15:00,3338,1,0,0,1,0,229.8,228.2,300.0,0.1,February,Sunday,18,Local,0
1707060600,2024-02-04 18:30:00,2024-02-04,18:30:00,3339,0,0,1,1,0,227.0,224.7,3150.0,0.9223,February,Sunday,18,Local,0
1707061500,2024-02-04 18:45:00,2024-02-04,18:45:00,3340,0,0,1,0,0,233.8,235.2,3800.0,0.8771,February,Sunday,18,Local,0
1707062400,2024-02-04 19:00:00,2024-02-04,19:00:00,3341,1,0,0,1,0,229.7,229.8,300.0,0.1014,February,Sunday,19,Local,0
1707063300,2024-02-04 19:15:00,2024-02-04,19:15:00,3342,1,0,1,0,0,237.7,235.9,3150.0,0.8907,February,Sunday,19,Local,0
1707064200,2024-02-04 19:30:00,2024-02-04,19:30:00,3343,1,0,1,1,0,229.8,229.5,3300.0,0.8531,February,Sunday,19,Local,0
1707065100,2024-02-04 19:45:00,2024-02-04,19:45:00,3344,1,1,0,0,0,229.1,229.7,2650.0,0.7509,February,Sunday,19,Local,0
1707066000,2024-02-04 20:00:00,2024-02-04,20:00:00,3345,1,0,0,0,0,229.9,231.6,150.0,0.1,February,Sunday,20,Local,0
1707066900,2024-02-04 20:15:00,2024-02-04,20:15:00,3346,1,0,0,1,1,227.8,226.7,1500.0,0.4499,February,Sunday,20,Local,0
1707067800,2024-02-04 20:30:00,2024-02-04,20:30:00,3347,1,0,0,1,0,229.0,228.9,300.0,0.1,February,Sunday,20,Local,0
1707068700,2024-02-04 20:45:00,2024-02-04,20:45:00,3348,1,0,0,0,1,231.8,232.5,2150.0,0.6978,February,Sunday,20,Local,0
1707069600,2024-02-04 21:00:00,2024-02-04,21:00:00,3349,1,0,0,1,0,232.5,232.6,300.0,0.1,February,Sunday,21,Local,0
1707070500,2024-02-04 21:15:00,2024-02-04,21:15:00,3350,1,0,1,1,0,233.3,233.7,3300.0,0.8835,February,Sunday,21,Local,0
1707071400,2024-02-04 21:30:00,2024-02-04,21:30:00,3351,1,0,1,1,0,233.0,231.8,3800.0,1.1535,February,Sunday,21,Local,0
1707072300,2024-02-04 21:45:00,2024-02-04,21:45:00,3352,1,0,0,0,0,231.7,232.5,150.0,0.1,February,Sunday,21,Local,0
1707073200,2024-02-04 22:00:00,2024-02-04,22:00:00,3353,0,0,0,1,0,230.8,234.4,150.0,0.1,February,Sunday,22,Local,0
1707074100,2024-02-04 22:15:00,2024-02-04,22:15:00,3354,1,0,0,1,0,233.9,236.1,300.0,0.1,February,Sunday,22,Local,0
1707075000,2024-02-04 22:30:00,2024-02-04,22:30:00,3355,1,0,0,1,0,231.4,231.4,300.0,0.1,February,Sunday,22,Local,0
1707075900,2024-02-04 22:45:00,2024-02-04,22:45:00,3356,0,0,0,0,0,231.5,230.8,0.0,0.1,February,Sunday,22,Local,0
1707076800,2024-02-04 23:00:00,2024-02-04,23:00:00,3357,1,1,0,1,0,233.1,232.6,2800.0,0.818,February,Sunday,23,Local,0
1707077700,2024-02-04 23:15:00,2024-02-04,23:15:00,3358,1,0,0,1,0,231.0,230.8,300.0,0.1,February,Sunday,23,Local,0
1707078600,2024-02-04 23:30:00,2024-02-04,23:30:00,3359,0,0,0,1,0,236.6,236.1,150.0,0.1,February,Sunday,23,Local,0
1707079500,2024-02-04 23:45:00,2024-02-04,23:45:00,3360,1,0,0,0,0,232.6,234.9,150.0,0.1,February,Sunday,23,Local,0
1707080400,2024-02-05 00:00:00,2024-02-05,00:00:00,3361,0,0,0,1,0,231.1,229.2,150.0,0.1,February,Monday,0,Local,0
1707081300,2024-02-05 00:15:00,2024-02-05,00:15:00,3362,0,0,0,1,0,229.5,233.9,150.0,0.1,February,Monday,0,Local,0
1707082200,2024-02-05 00:30:00,2024-02-05,00:30:00,3363,0,0,0,1,0,230.4,231.8,150.0,0.1,February,Monday,0,Local,0
1707083100,2024-02-05 00:45:00,2024-02-05,00:45:00,3364,0,0,0,1,0,226.5,229.1,150.0,0.1,February,Monday,0,Local,0
1707084000,2024-02-05 01:00:00,2024-02-05,01:00:00,3365,0,0,0,1,0,230.1,231.6,150.0,0.1,February,Monday,1,Local,0
1707084900,2024-02-05 01:15:00,2024-02-05,01:15:00,3366,0,0,0,1,0,228.8,231.5,150.0,0.1,February,Monday,1,Local,0
1707085800,2024-02-05 01:30:00,2024-02-05,01:30:00,3367,0,0,0,1,0,229.7,230.2,150.0,0.1,February,Monday,1,Local,0
1707086700,2024-02-05 01:45:00,2024-02-05,01:45:00,3368,0,0,0,0,0,228.9,231.6,0.0,0.1,February,Monday,1,Local,0
1707087600,2024-02-05 02:00:00,2024-02-05,02:00:00,3369,0,0,0,1,0,226.6,223.8,150.0,0.1,February,Monday,2,Local,0
1707088500,2024-02-05 02:15:00,2024-02-05,02:15:00,3370,0,0,0,1,0,234.1,234.6,150.0,0.1,February,Monday,2,Local,0
1707089400,2024-02-05 02:30:00,2024-02-05,02:30:00,3371,0,0,0,1,0,232.0,232.3,150.0,0.1,February,Monday,2,Local,0
1707090300,2024-02-05 02:45:00,2024-02-05,02:45:00,3372,0,0,0,0,0,227.6,226.4,0.0,0.1,February,Monday,2,Local,0
1707091200,2024-02-05 03:00:00,2024-02-05,03:00:00,3373,0,0,0,1,0,233.7,235.8,150.0,0.1,February,Monday,3,Local,0
1707092100,2024-02-05 03:15:00,2024-02-05,03:15:00,3374,0,0,0,1,0,227.2,227.7,150.0,0.1,February,Monday,3,Local,0
1707093000,2024-02-05 03:30:00,2024-02-05,03:30:00,3375,0,0,0,1,0,230.2,231.0,150.0,0.1,February,Monday,3,Local,0
1707093900,2024-02-05 03:45:00,2024-02-05,03:45:00,3376,0,0,0,0,0,232.9,234.2,0.0,0.1,February,Monday,3,Local,0
1707094800,2024-02-05 04:00:00,2024-02-05,04:00:00,3377,0,0,0,0,0,230.3,228.2,0.0,0.1,February,Monday,4,Local,0
1707095700,2024-02-05 04:15:00,2024-02-05,04:15:00,3378,0,0,0,1,0,224.8,224.7,150.0,0.1,February,Monday,4,Local,0
1707096600,2024-02-05 04:30:00,2024-02-05,04:30:00,3379,0,0,0,0,0,230.8,231.2,0.0,0.1,February,Monday,4,Local,0
1707097500,2024-02-05 04:45:00,2024-02-05,04:45:00,3380,0,0,0,0,0,225.4,224.6,0.0,0.1,February,Monday,4,Local,0
1707098400,2024-02-05 05:00:00,2024-02-05,05:00:00,3381,0,0,0,0,0,233.7,231.4,0.0,0.1,February,Monday,5,Local,0
1707099300,2024-02-05 05:15:00,2024-02-05,05:15:00,3382,0,0,0,1,0,225.5,223.8,150.0,0.1,February,Monday,5,Local,0
1707100200,2024-02-05 05:30:00,2024-02-05,05:30:00,3383,0,0,0,1,0,231.5,229.4,150.0,0.1,February,Monday,5,Local,0
1707101100,2024-02-05 05:45:00,2024-02-05,05:45:00,3384,0,0,0,0,0,228.8,224.0,0.0,0.1,February,Monday,5,Local,0
1707102000,2024-02-05 06:00:00,2024-02-05,06:00:00,3385,0,0,0,1,0,231.2,230.7,150.0,0.1,February,Monday,6,Local,0
1707102900,2024-02-05 06:15:00,2024-02-05,06:15:00,3386,0,0,0,1,0,229.6,230.5,150.0,0.1,February,Monday,6,Local,0
1707103800,2024-02-05 06:30:00,2024-02-05,06:30:00,3387,0,0,0,1,0,231.5,235.5,150.0,0.1,February,Monday,6,Local,0
1707104700,2024-02-05 06:45:00,2024-02-05,06:45:00,3388,0,0,0,1,0,230.0,232.2,150.0,0.1,February,Monday,6,Local,0
1707105600,2024-02-05 07:00:00,2024-02-05,07:00:00,3389,1,0,0,1,0,224.3,222.8,300.0,0.1,February,Monday,7,Local,0
1707106500,2024-02-05 07:15:00,2024-02-05,07:15:00,3390,0,0,0,1,0,234.4,234.3,150.0,0.1,February,Monday,7,Local,0
1707107400,2024-02-05 07:30:00,2024-02-05,07:30:00,3391,0,0,0,1,0,224.6,222.5,150.0,0.1,February,Monday,7,Local,0
1707108300,2024-02-05 07:45:00,2024-02-05,07:45:00,3392,1,0,0,0,0,235.6,236.2,150.0,0.1,February,Monday,7,Local,0
1707109200,2024-02-05 08:00:00,2024-02-05,08:00:00,3393,0,1,0,1,0,227.2,227.4,2650.0,0.6885,February,Monday,8,Local,0
1707110100,2024-02-05 08:15:00,2024-02-05,08:15:00,3394,0,0,0,1,0,231.7,228.9,150.0,0.1,February,Monday,8,Local,0
1707111000,2024-02-05 08:30:00,2024-02-05,08:30:00,3395,0,0,0,1,0,227.8,227.4,150.0,0.1,February,Monday,8,Local,0
1707111900,2024-02-05 08:45:00,2024-02-05,08:45:00,3396,1,0,0,0,0,232.4,232.1,150.0,0.1,February,Monday,8,Local,0
1707112800,2024-02-05 09:00:00,2024-02-05,09:00:00,3397,0,0,0,1,0,232.3,231.0,150.0,0.1,February,Monday,9,Local,0
1707113700,2024-02-05 09:15:00,2024-02-05,09:15:00,3398,0,0,0,0,0,228.3,228.6,0.0,0.1,February,Monday,9,Local,0
1707114600,2024-02-05 09:30:00,2024-02-05,09:30:00,3399,0,1,0,1,0,235.2,232.3,2650.0,0.8127,February,Monday,9,Local,0
1707115500,2024-02-05 09:45:00,2024-02-05,09:45:00,3400,0,0,0,0,0,228.5,225.2,0.0,0.1,February,Monday,9,Local,0
1707116400,2024-02-05 10:00:00,2024-02-05,10:00:00,3401,0,0,0,1,0,232.5,232.4,150.0,0.1,February,Monday,10,Local,0
1707117300,2024-02-05 10:15:00,2024-02-05,10:15:00,3402,0,0,0,1,0,230.5,229.1,150.0,0.1,February,Monday,10,Local,0
1707118200,2024-02-05 10:30:00,2024-02-05,10:30:00,3403,0,0,0,1,0,227.1,229.2,150.0,0.1,February,Monday,10,Local,0
1707119100,2024-02-05 10:45:00,2024-02-05,10:45:00,3404,0,0,0,0,0,227.6,227.5,0.0,0.1,February,Monday,10,Local,0
1707120000,2024-02-05 11:00:00,2024-02-05,11:00:00,3405,0,0,0,1,0,234.4,232.9,150.0,0.1,February,Monday,11,Local,0
1707120900,2024-02-05 11:15:00,2024-02-05,11:15:00,3406,0,0,0,1,0,232.8,233.5,150.0,0.1,February,Monday,11,Local,0
1707121800,2024-02-05 11:30:00,2024-02-05,11:30:00,3407,0,1,0,1,0,228.3,229.7,2650.0,0.8555,February,Monday,11,Local,0
1707122700,2024-02-05 11:45:00,2024-02-05,11:45:00,3408,0,0,0,0,0,229.4,231.6,0.0,0.1,February,Monday,11,Local,0
1707123600,2024-02-05 12:00:00,2024-02-05,12:00:00,3409,0,0,0,1,0,229.8,230.9,150.0,0.1,February,Monday,12,Local,0
1707124500,2024-02-05 12:15:00,2024-02-05,12:15:00,3410,0,0,0,1,0,233.2,235.2,150.0,0.1,February,Monday,12,Local,0
1707125400,2024-02-05 12:30:00,2024-02-05,12:30:00,3411,0,0,0,1,1,222.5,219.2,1350.0,0.4042,February,Monday,12,Local,0
1707126300,2024-02-05 12:45:00,2024-02-05,12:45:00,3412,0,0,0,0,0,227.7,227.7,0.0,0.1,February,Monday,12,Local,0
1707127200,2024-02-05 13:00:00,2024-02-05,13:00:00,3413,0,0,1,1,0,230.0,231.4,3150.0,0.9798,February,Monday,13,Local,0
1707128100,2024-02-05 13:15:00,2024-02-05,13:15:00,3414,1,1,0,1,0,232.3,229.3,2800.0,0.9026,February,Monday,13,Local,0
1707129000,2024-02-05 13:30:00,2024-02-05,13:30:00,3415,1,1,0,1,0,235.5,233.5,2800.0,0.7985,February,Monday,13,Local,0
1707129900,2024-02-05 13:45:00,2024-02-05,13:45:00,3416,1,0,1,0,0,229.8,231.9,3150.0,0.8674,February,Monday,13,Local,0
1707130800,2024-02-05 14:00:00,2024-02-05,14:00:00,3417,1,0,0,1,0,233.4,231.3,300.0,0.1,February,Monday,14,Local,0
1707131700,2024-02-05 14:15:00,2024-02-05,14:15:00,3418,0,0,0,1,0,230.6,231.6,150.0,0.1,February,Monday,14,Local,0
1707132600,2024-02-05 14:30:00,2024-02-05,14:30:00,3419,0,0,0,1,0,227.0,228.4,150.0,0.1,February,Monday,14,Local,0
1707133500,2024-02-05 14:45:00,2024-02-05,14:45:00,3420,0,0,0,1,0,228.1,225.0,150.0,0.1,February,Monday,14,Local,0
1707134400,2024-02-05 15:00:00,2024-02-05,15:00:00,3421,0,0,0,1,0,234.8,238.7,150.0,0.1,February,Monday,15,Local,0
1707135300,2024-02-05 15:15:00,2024-02-05,15:15:00,3422,0,0,0,1,0,228.3,228.2,150.0,0.1,February,Monday,15,Local,0
1707136200,2024-02-05 15:30:00,2024-02-05,15:30:00,3423,0,1,0,1,0,232.0,236.1,3450.0,0.9528,February,Monday,15,Local,0
1707137100,2024-02-05 15:45:00,2024-02-05,15:45:00,3424,0,0,0,0,0,228.6,228.2,0.0,0.1,February,Monday,15,Local,0
1707138000,2024-02-05 16:00:00,2024-02-05,16:00:00,3425,0,0,0,1,0,230.4,231.0,150.0,0.1,February,Monday,16,Local,0
1707138900,2024-02-05 16:15:00,2024-02-05,16:15:00,3426,1,0,1,1,0,231.3,230.2,3300.0,0.7864,February,Monday,16,Local,0
1707139800,2024-02-05 16:30:00,2024-02-05,16:30:00,3427,0,0,0,1,0,230.6,229.8,1650.0,0.4925,February,Monday,16,Local,0
1707140700,2024-02-05 16:45:00,2024-02-05,16:45:00,3428,1,0,0,1,0,228.4,226.1,300.0,0.1,February,Monday,16,Local,0
1707141600,2024-02-05 17:00:00,2024-02-05,17:00:00,3429,0,0,0,1,0,228.8,227.7,150.0,0.1,February,Monday,17,Local,0
1707142500,2024-02-05 17:15:00,2024-02-05,17:15:00,3430,0,0,0,1,0,232.4,233.7,150.0,0.1,February,Monday,17,Local,0
1707143400,2024-02-05 17:30:00,2024-02-05,17:30:00,3431,0,0,1,1,0,228.8,230.8,3150.0,1.0061,February,Monday,17,Local,0
1707144300,2024-02-05 17:45:00,2024-02-05,17:45:00,3432,0,0,0,0,0,228.8,228.8,0.0,0.1,February,Monday,17,Local,0
1707145200,2024-02-05 18:00:00,2024-02-05,18:00:00,3433,0,0,0,1,0,231.0,231.7,150.0,0.1,February,Monday,18,Local,0
1707146100,2024-02-05 18:15:00,2024-02-05,18:15:00,3434,1,0,0,1,0,228.2,227.9,300.0,0.1,February,Monday,18,Local,0
1707147000,2024-02-05 18:30:00,2024-02-05,18:30:00,3435,1,0,1,1,0,230.6,229.7,3300.0,0.9032,February,Monday,18,Local,0
1707147900,2024-02-05 18:45:00,2024-02-05,18:45:00,3436,1,0,0,0,0,227.0,226.6,150.0,0.1,February,Monday,18,Local,0
1707148800,2024-02-05 19:00:00,2024-02-05,19:00:00,3437,1,0,0,1,0,231.5,236.8,1800.0,0.5566,February,Monday,19,Local,0
1707149700,2024-02-05 19:15:00,2024-02-05,19:15:00,3438,1,0,1,1,0,232.8,236.1,3300.0,0.994,February,Monday,19,Local,0
1707150600,2024-02-05 19:30:00,2024-02-05,19:30:00,3439,1,0,1,1,0,228.6,226.0,3300.0,1.0748,February,Monday,19,Local,0
1707151500,2024-02-05 19:45:00,2024-02-05,19:45:00,3440,1,0,0,1,0,227.2,228.3,300.0,0.1,February,Monday,19,Local,0
1707152400,2024-02-05 20:00:00,2024-02-05,20:00:00,3441,1,0,0,1,0,228.3,228.4,300.0,0.1,February,Monday,20,Local,0
1707153300,2024-02-05 20:15:00,2024-02-05,20:15:00,3442,1,0,0,1,0,229.1,229.3,300.0,0.1013,February,Monday,20,Local,0
1707154200,2024-02-05 20:30:00,2024-02-05,20:30:00,3443,1,0,0,1,0,230.0,231.3,300.0,0.1,February,Monday,20,Local,0
1707155100,2024-02-05 20:45:00,2024-02-05,20:45:00,3444,1,0,0,0,1,234.0,234.0,1350.0,0.3838,February,Monday,20,Local,0
1707156000,2024-02-05 21:00:00,2024-02-05,21:00:00,3445,0,0,0,0,0,229.2,229.1,0.0,0.1,February,Monday,21,Local,0
1707156900,2024-02-05 21:15:00,2024-02-05,21:15:00,3446,0,0,0,1,0,230.5,228.5,150.0,0.1,February,Monday,21,Local,0
1707157800,2024-02-05 21:30:00,2024-02-05,21:30:00,3447,1,0,0,1,0,227.7,225.2,300.0,0.1,February,Monday,21,Local,0
1707158700,2024-02-05 21:45:00,2024-02-05,21:45:00,3448,1,0,0,0,0,227.8,228.3,150.0,0.1,February,Monday,21,Local,0
1707159600,2024-02-05 22:00:00,2024-02-05,22:00:00,3449,0,0,0,1,0,227.7,229.4,150.0,0.1,February,Monday,22,Local,0
1707160500,2024-02-05 22:15:00,2024-02-05,22:15:00,3450,1,0,0,1,0,231.4,236.7,300.0,0.1,February,Monday,22,Local,0
1707161400,2024-02-05 22:30:00,2024-02-05,22:30:00,3451,1,0,0,1,0,234.5,233.3,300.0,0.1,February,Monday,22,Local,0
1707162300,2024-02-05 22:45:00,2024-02-05,22:45:00,3452,1,0,0,0,0,230.5,230.7,150.0,0.1,February,Monday,22,Local,0
1707163200,2024-02-05 23:00:00,2024-02-05,23:00:00,3453,0,0,0,1,0,229.3,225.5,150.0,0.1,February,Monday,23,Local,0
1707164100,2024-02-05 23:15:00,2024-02-05,23:15:00,3454,0,0,0,1,0,234.4,235.5,150.0,0.1,February,Monday,23,Local,0
1707165000,2024-02-05 23:30:00,2024-02-05,23:30:00,3455,0,0,0,1,0,226.2,228.1,150.0,0.1,February,Monday,23,Local,0
1707165900,2024-02-05 23:45:00,2024-02-05,23:45:00,3456,0,0,0,0,1,227.9,222.1,1200.0,0.3299,February,Monday,23,Local,0
1707166800,2024-02-06 00:00:00,2024-02-06,00:00:00,3457,0,0,0,0,0,227.6,228.2,0.0,0.1,February,Tuesday,0,Local,0
1707167700,2024-02-06 00:15:00,2024-02-06,00:15:00,3458,0,0,0,1,0,234.9,233.7,150.0,0.1,February,Tuesday,0,Local,0
1707168600,2024-02-06 00:30:00,2024-02-06,00:30:00,3459,0,0,0,1,0,227.1,229.2,150.0,0.1,February,Tuesday,0,Local,0
1707169500,2024-02-06 00:45:00,2024-02-06,00:45:00,3460,1,0,0,0,0,231.8,229.8,150.0,0.1,February,Tuesday,0,Local,0
1707170400,2024-02-06 01:00:00,2024-02-06,01:00:00,3461,0,0,0,1,0,226.6,226.3,150.0,0.1,February,Tuesday,1,Local,0
1707171300,2024-02-06 01:15:00,2024-02-06,01:15:00,3462,0,0,0,1,0,227.9,228.1,150.0,0.1,February,Tuesday,1,Local,0
1707172200,2024-02-06 01:30:00,2024-02-06,01:30:00,3463,0,0,0,1,0,231.7,231.7,2150.0,0.5564,February,Tuesday,1,Local,0
1707173100,2024-02-06 01:45:00,2024-02-06,01:45:00,3464,0,0,0,0,0,226.4,226.3,0.0,0.1,February,Tuesday,1,Local,0
1707174000,2024-02-06 02:00:00,2024-02-06,02:00:00,3465,0,0,0,0,0,231.1,232.6,0.0,0.1,February,Tuesday,2,Local,0
1707174900,2024-02-06 02:15:00,2024-02-06,02:15:00,3466,0,0,0,1,0,228.5,227.9,150.0,0.1,February,Tuesday,2,Local,0
1707175800,2024-02-06 02:30:00,2024-02-06,02:30:00,3467,0,0,0,1,0,228.6,227.6,150.0,0.1,February,Tuesday,2,Local,0
1707176700,2024-02-06 02:45:00,2024-02-06,02:45:00,3468,0,0,0,0,0,232.3,233.1,0.0,0.1,February,Tuesday,2,Local,0
1707177600,2024-02-06 03:00:00,2024-02-06,03:00:00,3469,0,0,0,0,0,226.9,229.0,0.0,0.1,February,Tuesday,3,Local,0
1707178500,2024-02-06 03:15:00,2024-02-06,03:15:00,3470,0,0,0,1,0,227.4,226.1,150.0,0.1,February,Tuesday,3,Local,0
1707179400,2024-02-06 03:30:00,2024-02-06,03:30:00,3471,0,0,0,1,0,232.5,229.4,150.0,0.1,February,Tuesday,3,Local,0
1707180300,2024-02-06 03:45:00,2024-02-06,03:45:00,3472,0,0,0,0,0,232.6,231.0,0.0,0.1,February,Tuesday,3,Local,0
1707181200,2024-02-06 04:00:00,2024-02-06,04:00:00,3473,0,0,0,1,0,228.6,227.5,150.0,0.1,February,Tuesday,4,Local,0
1707182100,2024-02-06 04:15:00,2024-02-06,04:15:00,3474,0,0,0,1,0,231.3,231.3,2150.0,0.534,February,Tuesday,4,Local,0
1707183000,2024-02-06 04:30:00,2024-02-06,04:30:00,3475,0,0,0,0,0,231.7,231.1,0.0,0.1,February,Tuesday,4,Local,0
1707183900,2024-02-06 04:45:00,2024-02-06,04:45:00,3476,0,0,0,0,0,227.8,227.6,0.0,0.1,February,Tuesday,4,Local,0
1707184800,2024-02-06 05:00:00,2024-02-06,05:00:00,3477,0,0,0,1,0,230.8,229.2,150.0,0.1,February,Tuesday,5,Local,0
1707185700,2024-02-06 05:15:00,2024-02-06,05:15:00,3478,0,0,0,1,0,235.5,233.6,150.0,0.1,February,Tuesday,5,Local,0
1707186600,2024-02-06 05:30:00,2024-02-06,05:30:00,3479,0,0,0,1,0,231.2,231.8,150.0,0.1,February,Tuesday,5,Local,0
1707187500,2024-02-06 05:45:00,2024-02-06,05:45:00,3480,0,0,0,0,0,230.4,227.0,0.0,0.1,February,Tuesday,5,Local,0
1707188400,2024-02-06 06:00:00,2024-02-06,06:00:00,3481,0,0,0,0,0,229.3,233.5,0.0,0.1,February,Tuesday,6,Local,0
1707189300,2024-02-06 06:15:00,2024-02-06,06:15:00,3482,0,0,0,1,0,228.6,227.4,150.0,0.1,February,Tuesday,6,Local,0
1707190200,2024-02-06 06:30:00,2024-02-06,06:30:00,3483,0,0,0,1,0,232.3,230.4,150.0,0.1,February,Tuesday,6,Local,0
1707191100,2024-02-06 06:45:00,2024-02-06,06:45:00,3484,0,0,0,0,0,235.0,235.4,0.0,0.1,February,Tuesday,6,Local,0
1707192000,2024-02-06 07:00:00,2024-02-06,07:00:00,3485,0,0,0,1,0,225.1,220.5,150.0,0.1,February,Tuesday,7,Local,0
1707192900,2024-02-06 07:15:00,2024-02-06,07:15:00,3486,0,0,0,1,0,224.7,225.1,150.0,0.1,February,Tuesday,7,Local,0
1707193800,2024-02-06 07:30:00,2024-02-06,07:30:00,3487,1,0,0,1,0,228.7,227.7,300.0,0.1,February,Tuesday,7,Local,0
1707194700,2024-02-06 07:45:00,2024-02-06,07:45:00,3488,0,0,1,0,0,230.7,232.7,3000.0,0.7461,February,Tuesday,7,Local,0
1707195600,2024-02-06 08:00:00,2024-02-06,08:00:00,3489,0,0,0,1,0,228.8,228.1,150.0,0.1,February,Tuesday,8,Local,0
1707196500,2024-02-06 08:15:00,2024-02-06,08:15:00,3490,0,0,0,1,0,225.3,226.4,150.0,0.1,February,Tuesday,8,Local,0
1707197400,2024-02-06 08:30:00,2024-02-06,08:30:00,3491,0,0,0,1,0,233.1,235.1,150.0,0.1,February,Tuesday,8,Local,0
1707198300,2024-02-06 08:45:00,2024-02-06,08:45:00,3492,0,0,0,0,0,227.7,228.3,0.0,0.1,February,Tuesday,8,Local,0
1707199200,2024-02-06 09:00:00,2024-02-06,09:00:00,3493,0,0,0,1,0,230.0,232.4,1150.0,0.283,February,Tuesday,9,Local,0
1707200100,2024-02-06 09:15:00,2024-02-06,09:15:00,3494,0,0,0,1,0,231.2,231.6,150.0,0.1,February,Tuesday,9,Local,0
1707201000,2024-02-06 09:30:00,2024-02-06,09:30:00,3495,0,0,0,0,0,227.6,228.5,0.0,0.1,February,Tuesday,9,Local,0
1707201900,2024-02-06 09:45:00,2024-02-06,09:45:00,3496,0,1,0,0,0,236.7,235.6,2500.0,0.6809,February,Tuesday,9,Local,0
1707202800,2024-02-06 10:00:00,2024-02-06,10:00:00,3497,0,0,0,1,0,229.9,230.1,150.0,0.1,February,Tuesday,10,Local,0
1707203700,2024-02-06 10:15:00,2024-02-06,10:15:00,3498,0,0,0,0,0,228.8,228.5,0.0,0.1,February,Tuesday,10,Local,0
1707204600,2024-02-06 10:30:00,2024-02-06,10:30:00,3499,0,0,0,1,0,232.9,231.7,150.0,0.1,February,Tuesday,10,Local,0
1707205500,2024-02-06 10:45:00,2024-02-06,10:45:00,3500,0,0,0,0,0,224.3,221.8,0.0,0.1,February,Tuesday,10,Local,0
1707206400,2024-02-06 11:00:00,2024-02-06,11:00:00,3501,0,0,0,1,0,231.4,229.1,150.0,0.1,February,Tuesday,11,Local,0
1707207300,2024-02-06 11:15:00,2024-02-06,11:15:00,3502,1,1,0,1,0,235.2,234.2,2800.0,0.7152,February,Tuesday,11,Local,0
1707208200,2024-02-06 11:30:00,2024-02-06,11:30:00,3503,0,1,0,0,0,225.8,224.0,2500.0,0.7025,February,Tuesday,11,Local,0
1707209100,2024-02-06 11:45:00,2024-02-06,11:45:00,3504,0,0,0,0,0,228.6,228.4,0.0,0.1,February,Tuesday,11,Local,0
1707210000,2024-02-06 12:00:00,2024-02-06,12:00:00,3505,0,0,0,0,0,225.9,226.1,0.0,0.1,February,Tuesday,12,Local,0
1707210900,2024-02-06 12:15:00,2024-02-06,12:15:00,3506,0,0,0,1,0,233.2,231.5,150.0,0.1,February,Tuesday,12,Local,0
1707211800,2024-02-06 12:30:00,2024-02-06,12:30:00,3507,0,0,0,1,1,229.3,226.1,1350.0,0.3719,February,Tuesday,12,Local,0
1707212700,2024-02-06 12:45:00,2024-02-06,12:45:00,3508,0,0,0,0,0,231.4,230.8,0.0,0.1,February,Tuesday,12,Local,0
1707213600,2024-02-06 13:00:00,2024-02-06,13:00:00,3509,0,1,0,1,0,229.4,229.0,2650.0,0.74,February,Tuesday,13,Local,0
1707214500,2024-02-06 13:15:00,2024-02-06,13:15:00,3510,0,0,0,1,0,229.5,228.5,150.0,0.1,February,Tuesday,13,Local,0
1707215400,2024-02-06 13:30:00,2024-02-06,13:30:00,3511,0,0,0,1,1,231.9,231.9,2150.0,0.5477,February,Tuesday,13,Local,0
1707216300,2024-02-06 13:45:00,2024-02-06,13:45:00,3512,0,0,0,0,0,233.4,232.5,0.0,0.1,February,Tuesday,13,Local,0
1707217200,2024-02-06 14:00:00,2024-02-06,14:00:00,3513,0,0,0,1,0,230.1,230.8,150.0,0.1,February,Tuesday,14,Local,0
1707218100,2024-02-06 14:15:00,2024-02-06,14:15:00,3514,0,0,0,1,0,233.3,234.2,150.0,0.1,February,Tuesday,14,Local,0
1707219000,2024-02-06 14:30:00,2024-02-06,14:30:00,3515,1,0,0,1,0,225.7,226.4,300.0,0.1,February,Tuesday,14,Local,0
1707219900,2024-02-06 14:45:00,2024-02-06,14:45:00,3516,0,1,0,0,0,234.0,230.6,2500.0,0.6265,February,Tuesday,14,Local,0
1707220800,2024-02-06 15:00:00,2024-02-06,15:00:00,3517,0,0,0,1,0,230.8,229.4,150.0,0.1,February,Tuesday,15,Local,0
1707221700,2024-02-06 15:15:00,2024-02-06,15:15:00,3518,0,0,0,1,0,229.0,228.1,150.0,0.1,February,Tuesday,15,Local,0
1707222600,2024-02-06 15:30:00,2024-02-06,15:30:00,3519,1,0,0,1,0,229.3,231.3,300.0,0.1,February,Tuesday,15,Local,0
1707223500,2024-02-06 15:45:00,2024-02-06,15:45:00,3520,0,0,0,0,0,230.5,227.9,0.0,0.1,February,Tuesday,15,Local,0
1707224400,2024-02-06 16:00:00,2024-02-06,16:00:00,3521,0,0,0,1,0,230.2,231.2,150.0,0.1,February,Tuesday,16,Local,0
1707225300,2024-02-06 16:15:00,2024-02-06,16:15:00,3522,1,0,0,1,0,226.4,226.3,300.0,0.1,February,Tuesday,16,Local,0
1707226200,2024-02-06 16:30:00,2024-02-06,16:30:00,3523,0,0,0,1,0,226.6,228.9,150.0,0.1,February,Tuesday,16,Local,0
1707227100,2024-02-06 16:45:00,2024-02-06,16:45:00,3524,0,0,0,0,0,229.1,227.1,0.0,0.1,February,Tuesday,16,Local,0
1707228000,2024-02-06 17:00:00,2024-02-06,17:00:00,3525,1,0,1,1,0,226.3,225.5,3300.0,0.8319,February,Tuesday,17,Local,0
1707228900,2024-02-06 17:15:00,2024-02-06,17:15:00,3526,1,0,1,1,0,232.2,235.6,3300.0,0.9522,February,Tuesday,17,Local,0
1707229800,2024-02-06 17:30:00,2024-02-06,17:30:00,3527,1,1,0,1,0,233.0,231.3,2800.0,0.7887,February,Tuesday,17,Local,0
1707230700,2024-02-06 17:45:00,2024-02-06,17:45:00,3528,1,0,0,0,0,231.6,233.5,150.0,0.1,February,Tuesday,17,Local,0
1707231600,2024-02-06 18:00:00,2024-02-06,18:00:00,3529,1,1,0,1,0,233.9,238.1,2800.0,0.7169,February,Tuesday,18,Local,0
1707232500,2024-02-06 18:15:00,2024-02-06,18:15:00,3530,1,1,1,1,1,233.4,233.6,7000.0,2.1476,February,Tuesday,18,Local,0
1707233400,2024-02-06 18:30:00,2024-02-06,18:30:00,3531,0,0,1,1,1,229.9,231.7,4350.0,1.2084,February,Tuesday,18,Local,0
1707234300,2024-02-06 18:45:00,2024-02-06,18:45:00,3532,0,0,1,0,0,234.6,234.5,3000.0,0.7844,February,Tuesday,18,Local,0
1707235200,2024-02-06 19:00:00,2024-02-06,19:00:00,3533,1,0,0,0,0,234.8,232.5,150.0,0.1,February,Tuesday,19,Local,0
1707236100,2024-02-06 19:15:00,2024-02-06,19:15:00,3534,1,0,1,1,1,232.6,232.5,4500.0,1.245,February,Tuesday,19,Local,0
1707237000,2024-02-06 19:30:00,2024-02-06,19:30:00,3535,0,0,0,1,0,229.7,227.1,2150.0,0.5897,February,Tuesday,19,Local,0
1707237900,2024-02-06 19:45:00,2024-02-06,19:45:00,3536,0,0,0,0,0,234.0,236.4,500.0,0.1451,February,Tuesday,19,Local,0
1707238800,2024-02-06 20:00:00,2024-02-06,20:00:00,3537,1,0,0,1,0,230.9,232.4,300.0,0.1,February,Tuesday,20,Local,0
1707239700,2024-02-06 20:15:00,2024-02-06,20:15:00,3538,1,0,0,1,0,230.0,232.7,300.0,0.1,February,Tuesday,20,Local,0
1707240600,2024-02-06 20:30:00,2024-02-06,20:30:00,3539,1,0,1,1,0,232.7,232.2,3300.0,0.9757,February,Tuesday,20,Local,0
1707241500,2024-02-06 20:45:00,2024-02-06,20:45:00,3540,1,0,0,0,0,231.9,232.3,150.0,0.1,February,Tuesday,20,Local,0
1707242400,2024-02-06 21:00:00,2024-02-06,21:00:00,3541,0,0,0,1,0,227.2,231.2,150.0,0.1,February,Tuesday,21,Local,0
1707243300,2024-02-06 21:15:00,2024-02-06,21:15:00,3542,1,0,0,1,0,231.8,231.5,300.0,0.1,February,Tuesday,21,Local,0
1707244200,2024-02-06 21:30:00,2024-02-06,21:30:00,3543,1,0,1,1,0,232.4,233.1,3300.0,0.8956,February,Tuesday,21,Local,0
1707245100,2024-02-06 21:45:00,2024-02-06,21:45:00,3544,1,0,0,0,1,228.3,228.7,1350.0,0.4287,February,Tuesday,21,Local,0
1707246000,2024-02-06 22:00:00,2024-02-06,22:00:00,3545,0,0,0,1,0,228.8,227.3,150.0,0.1,February,Tuesday,22,Local,0
1707246900,2024-02-06 22:15:00,2024-02-06,22:15:00,3546,1,0,0,1,0,232.1,230.2,300.0,0.1,February,Tuesday,22,Local,0
1707247800,2024-02-06 22:30:00,2024-02-06,22:30:00,3547,0,0,0,1,0,235.7,235.7,150.0,0.1,February,Tuesday,22,Local,0
1707248700,2024-02-06 22:45:00,2024-02-06,22:45:00,3548,0,0,0,0,1,230.7,232.4,1200.0,0.3463,February,Tuesday,22,Local,0
1707249600,2024-02-06 23:00:00,2024-02-06,23:00:00,3549,1,0,0,1,0,226.3,225.8,300.0,0.1,February,Tuesday,23,Local,0
1707250500,2024-02-06 23:15:00,2024-02-06,23:15:00,3550,0,0,0,1,0,232.9,232.4,150.0,0.1,February,Tuesday,23,Local,0
1707251400,2024-02-06 23:30:00,2024-02-06,23:30:00,3551,1,0,0,1,0,230.3,234.0,300.0,0.1,February,Tuesday,23,Local,0
1707252300,2024-02-06 23:45:00,2024-02-06,23:45:00,3552,0,0,0,0,0,232.3,234.3,0.0,0.1,February,Tuesday,23,Local,0
1707253200,2024-02-07 00:00:00,2024-02-07,00:00:00,3553,0,0,0,0,0,230.3,230.2,0.0,0.1,February,Wednesday,0,Local,0
1707254100,2024-02-07 00:15:00,2024-02-07,00:15:00,3554,0,0,0,1,0,223.3,223.9,150.0,0.1,February,Wednesday,0,Local,0
1707255000,2024-02-07 00:30:00,2024-02-07,00:30:00,3555,0,0,0,1,0,225.8,225.1,150.0,0.1,February,Wednesday,0,Local,0
1707255900,2024-02-07 00:45:00,2024-02-07,00:45:00,3556,0,0,0,0,0,237.6,237.6,0.0,0.1,February,Wednesday,0,Local,0
1707256800,2024-02-07 01:00:00,2024-02-07,01:00:00,3557,0,0,0,1,0,232.8,232.5,150.0,0.1,February,Wednesday,1,Local,0
1707257700,2024-02-07 01:15:00,2024-02-07,01:15:00,3558,0,0,0,1,0,234.1,233.4,150.0,0.1,February,Wednesday,1,Local,0
1707258600,2024-02-07 01:30:00,2024-02-07,01:30:00,3559,0,0,0,1,0,231.4,230.2,150.0,0.1,February,Wednesday,1,Local,0
1707259500,2024-02-07 01:45:00,2024-02-07,01:45:00,3560,0,0,0,0,0,232.2,231.3,0.0,0.1,February,Wednesday,1,Local,0
1707260400,2024-02-07 02:00:00,2024-02-07,02:00:00,3561,0,0,0,1,0,233.8,235.2,150.0,0.1,February,Wednesday,2,Local,0
1707261300,2024-02-07 02:15:00,2024-02-07,02:15:00,3562,0,0,0,1,0,234.7,236.9,150.0,0.1,February,Wednesday,2,Local,0
1707262200,2024-02-07 02:30:00,2024-02-07,02:30:00,3563,0,0,0,1,0,227.3,231.1,150.0,0.1,February,Wednesday,2,Local,0
1707263100,2024-02-07 02:45:00,2024-02-07,02:45:00,3564,0,0,0,0,0,233.2,233.1,0.0,0.1,February,Wednesday,2,Local,0
1707264000,2024-02-07 03:00:00,2024-02-07,03:00:00,3565,0,0,0,1,0,228.9,231.2,150.0,0.1,February,Wednesday,3,Local,0
1707264900,2024-02-07 03:15:00,2024-02-07,03:15:00,3566,0,0,0,0,0,236.4,233.7,0.0,0.1,February,Wednesday,3,Local,0
1707265800,2024-02-07 03:30:00,2024-02-07,03:30:00,3567,0,0,0,1,0,225.6,225.6,150.0,0.1,February,Wednesday,3,Local,0
1707266700,2024-02-07 03:45:00,2024-02-07,03:45:00,3568,0,0,0,0,0,232.5,232.1,0.0,0.1,February,Wednesday,3,Local,0
1707267600,2024-02-07 04:00:00,2024-02-07,04:00:00,3569,0,0,0,1,0,234.2,234.6,150.0,0.1,February,Wednesday,4,Local,0
1707268500,2024-02-07 04:15:00,2024-02-07,04:15:00,3570,0,0,0,0,0,231.6,235.6,0.0,0.1,February,Wednesday,4,Local,0
1707269400,2024-02-07 04:30:00,2024-02-07,04:30:00,3571,0,0,0,0,0,231.1,231.1,0.0,0.1,February,Wednesday,4,Local,0
1707270300,2024-02-07 04:45:00,2024-02-07,04:45:00,3572,0,0,0,0,0,236.0,235.4,0.0,0.1,February,Wednesday,4,Local,0
1707271200,2024-02-07 05:00:00,2024-02-07,05:00:00,3573,0,0,0,1,0,225.9,226.9,150.0,0.1,February,Wednesday,5,Local,0
1707272100,2024-02-07 05:15:00,2024-02-07,05:15:00,3574,0,0,0,1,0,236.5,236.5,150.0,0.1,February,Wednesday,5,Local,0
1707273000,2024-02-07 05:30:00,2024-02-07,05:30:00,3575,0,0,0,1,0,229.3,226.1,150.0,0.1,February,Wednesday,5,Local,0
1707273900,2024-02-07 05:45:00,2024-02-07,05:45:00,3576,0,0,0,0,0,226.5,222.8,0.0,0.1,February,Wednesday,5,Local,0
1707274800,2024-02-07 06:00:00,2024-02-07,06:00:00,3577,0,0,0,1,0,233.4,232.1,150.0,0.1,February,Wednesday,6,Local,0
1707275700,2024-02-07 06:15:00,2024-02-07,06:15:00,3578,0,0,0,1,0,226.8,223.2,150.0,0.1,February,Wednesday,6,Local,0
1707276600,2024-02-07 06:30:00,2024-02-07,06:30:00,3579,1,0,0,1,0,234.2,231.4,300.0,0.1,February,Wednesday,6,Local,0
1707277500,2024-02-07 06:45:00,2024-02-07,06:45:00,3580,0,0,0,0,0,232.1,234.7,0.0,0.1,February,Wednesday,6,Local,0
1707278400,2024-02-07 07:00:00,2024-02-07,07:00:00,3581,0,0,0,1,0,228.7,227.5,150.0,0.1,February,Wednesday,7,Local,0
1707279300,2024-02-07 07:15:00,2024-02-07,07:15:00,3582,1,0,1,1,0,227.3,228.7,3300.0,0.9825,February,Wednesday,7,Local,0
1707280200,2024-02-07 07:30:00,2024-02-07,07:30:00,3583,0,0,0,1,0,235.4,232.0,150.0,0.1,February,Wednesday,7,Local,0
1707281100,2024-02-07 07:45:00,2024-02-07,07:45:00,3584,0,0,0,0,0,227.5,224.1,0.0,0.1,February,Wednesday,7,Local,0
1707282000,2024-02-07 08:00:00,2024-02-07,08:00:00,3585,0,0,0,1,0,224.9,225.8,150.0,0.1,February,Wednesday,8,Local,0
1707282900,2024-02-07 08:15:00,2024-02-07,08:15:00,3586,0,0,0,0,0,229.0,230.6,0.0,0.1,February,Wednesday,8,Local,0
1707283800,2024-02-07 08:30:00,2024-02-07,08:30:00,3587,1,0,0,1,0,234.4,231.8,300.0,0.1,February,Wednesday,8,Local,0
1707284700,2024-02-07 08:45:00,2024-02-07,08:45:00,3588,0,0,0,0,0,226.1,224.8,0.0,0.1,February,Wednesday,8,Local,0
1707285600,2024-02-07 09:00:00,2024-02-07,09:00:00,3589,1,0,0,1,0,230.2,228.8,300.0,0.1,February,Wednesday,9,Local,0
1707286500,2024-02-07 09:15:00,2024-02-07,09:15:00,3590,0,0,0,1,0,233.7,235.3,150.0,0.1,February,Wednesday,9,Local,0
1707287400,2024-02-07 09:30:00,2024-02-07,09:30:00,3591,0,0,0,0,0,234.9,234.3,0.0,0.1,February,Wednesday,9,Local,0
1707288300,2024-02-07 09:45:00,2024-02-07,09:45:00,3592,0,0,0,0,0,229.1,229.0,0.0,0.1,February,Wednesday,9,Local,0
1707289200,2024-02-07 10:00:00,2024-02-07,10:00:00,3593,1,0,0,1,0,228.4,229.9,300.0,0.1,February,Wednesday,10,Local,0
1707290100,2024-02-07 10:15:00,2024-02-07,10:15:00,3594,0,0,0,1,0,230.8,227.7,150.0,0.1,February,Wednesday,10,Local,0
1707291000,2024-02-07 10:30:00,2024-02-07,10:30:00,3595,0,0,0,1,0,235.1,234.1,150.0,0.1,February,Wednesday,10,Local,0
1707291900,2024-02-07 10:45:00,2024-02-07,10:45:00,3596,0,0,0,0,0,231.7,231.9,0.0,0.1,February,Wednesday,10,Local,0
1707292800,2024-02-07 11:00:00,2024-02-07,11:00:00,3597,0,0,0,1,0,229.9,227.6,150.0,0.1,February,Wednesday,11,Local,0
1707293700,2024-02-07 11:15:00,2024-02-07,11:15:00,3598,0,1,0,1,0,226.5,228.2,2650.0,0.6924,February,Wednesday,11,Local,0
1707294600,2024-02-07 11:30:00,2024-02-07,11:30:00,3599,0,0,0,1,0,232.2,232.9,150.0,0.1,February,Wednesday,11,Local,0
1707295500,2024-02-07 11:45:00,2024-02-07,11:45:00,3600,0,0,0,0,0,226.9,225.8,0.0,0.1,February,Wednesday,11,Local,0
1707296400,2024-02-07 12:00:00,2024-02-07,12:00:00,3601,0,0,1,0,0,233.2,234.7,3000.0,0.7439,February,Wednesday,12,Local,0
1707297300,2024-02-07 12:15:00,2024-02-07,12:15:00,3602,0,0,0,1,0,233.8,233.0,150.0,0.1,February,Wednesday,12,Local,0
1707298200,2024-02-07 12:30:00,2024-02-07,12:30:00,3603,0,0,0,1,1,223.5,224.5,1350.0,0.3494,February,Wednesday,12,Local,0
1707299100,2024-02-07 12:45:00,2024-02-07,12:45:00,3604,0,0,1,0,0,228.2,227.4,3000.0,0.7917,February,Wednesday,12,Local,0
1707300000,2024-02-07 13:00:00,2024-02-07,13:00:00,3605,0,0,0,1,0,226.4,228.0,150.0,0.1,February,Wednesday,13,Local,0
1707300900,2024-02-07 13:15:00,2024-02-07,13:15:00,3606,0,0,0,1,0,229.7,229.2,150.0,0.1,February,Wednesday,13,Local,0
1707301800,2024-02-07 13:30:00,2024-02-07,13:30:00,3607,1,0,1,1,0,232.4,232.8,3300.0,1.0832,February,Wednesday,13,Local,0
1707302700,2024-02-07 13:45:00,2024-02-07,13:45:00,3608,0,0,0,0,0,228.5,227.3,0.0,0.1,February,Wednesday,13,Local,0
1707303600,2024-02-07 14:00:00,2024-02-07,14:00:00,3609,0,0,0,1,0,229.3,231.1,150.0,0.1,February,Wednesday,14,Local,0
1707304500,2024-02-07 14:15:00,2024-02-07,14:15:00,3610,1,0,0,1,0,221.8,223.2,300.0,0.1,February,Wednesday,14,Local,0
1707305400,2024-02-07 14:30:00,2024-02-07,14:30:00,3611,0,0,0,1,0,234.7,237.1,150.0,0.1,February,Wednesday,14,Local,0
1707306300,2024-02-07 14:45:00,2024-02-07,14:45:00,3612,1,0,0,0,0,227.3,227.6,150.0,0.1,February,Wednesday,14,Local,0
1707307200,2024-02-07 15:00:00,2024-02-07,15:00:00,3613,0,0,1,1,0,231.1,235.5,3150.0,0.8824,February,Wednesday,15,Local,0
1707308100,2024-02-07 15:15:00,2024-02-07,15:15:00,3614,0,1,0,1,0,230.2,230.6,2650.0,2.17,February,Wednesday,15,Local,1
1707309000,2024-02-07 15:30:00,2024-02-07,15:30:00,3615,0,0,0,1,0,228.9,227.5,150.0,0.1,February,Wednesday,15,Local,0
1707309900,2024-02-07 15:45:00,2024-02-07,15:45:00,3616,0,0,0,0,0,228.2,228.9,0.0,0.1,February,Wednesday,15,Local,0
1707310800,2024-02-07 16:00:00,2024-02-07,16:00:00,3617,0,0,1,1,0,228.2,228.6,5150.0,1.4119,February,Wednesday,16,Local,0
1707311700,2024-02-07 16:15:00,2024-02-07,16:15:00,3618,0,0,0,1,0,230.9,231.7,150.0,0.1,February,Wednesday,16,Local,0
1707312600,2024-02-07 16:30:00,2024-02-07,16:30:00,3619,0,0,0,1,0,235.5,229.5,150.0,0.1,February,Wednesday,16,Local,0
1707313500,2024-02-07 16:45:00,2024-02-07,16:45:00,3620,0,0,0,0,0,229.2,227.7,1500.0,0.335,February,Wednesday,16,Local,0
1707314400,2024-02-07 17:00:00,2024-02-07,17:00:00,3621,0,0,0,1,0,231.2,227.5,150.0,0.1,February,Wednesday,17,Local,0
1707315300,2024-02-07 17:15:00,2024-02-07,17:15:00,3622,0,0,0,1,0,234.7,235.1,150.0,0.1,February,Wednesday,17,Local,0
1707316200,2024-02-07 17:30:00,2024-02-07,17:30:00,3623,0,1,1,1,0,231.5,232.2,6450.0,1.7226,February,Wednesday,17,Local,0
1707317100,2024-02-07 17:45:00,2024-02-07,17:45:00,3624,1,0,0,0,0,227.9,227.5,150.0,0.1,February,Wednesday,17,Local,0
1707318000,2024-02-07 18:00:00,2024-02-07,18:00:00,3625,1,0,1,1,0,234.4,234.7,3300.0,1.0157,February,Wednesday,18,Local,0
1707318900,2024-02-07 18:15:00,2024-02-07,18:15:00,3626,1,0,0,1,1,230.6,232.7,1500.0,0.404,February,Wednesday,18,Local,0
1707319800,2024-02-07 18:30:00,2024-02-07,18:30:00,3627,1,0,0,0,0,234.3,234.7,150.0,0.1,February,Wednesday,18,Local,0
1707320700,2024-02-07 18:45:00,2024-02-07,18:45:00,3628,0,0,1,0,0,229.1,229.1,3000.0,0.8637,February,Wednesday,18,Local,0
1707321600,2024-02-07 19:00:00,2024-02-07,19:00:00,3629,0,0,0,1,0,233.2,227.6,150.0,0.1,February,Wednesday,19,Local,0
1707322500,2024-02-07 19:15:00,2024-02-07,19:15:00,3630,1,0,0,1,0,230.2,229.8,300.0,0.1,February,Wednesday,19,Local,0
1707323400,2024-02-07 19:30:00,2024-02-07,19:30:00,3631,1,0,0,1,1,231.4,233.4,1500.0,0.3656,February,Wednesday,19,Local,0
1707324300,2024-02-07 19:45:00,2024-02-07,19:45:00,3632,1,0,0,0,0,229.6,231.1,150.0,0.1,February,Wednesday,19,Local,0
1707325200,2024-02-07 20:00:00,2024-02-07,20:00:00,3633,1,0,0,1,0,227.4,226.0,300.0,0.1,February,Wednesday,20,Local,0
1707326100,2024-02-07 20:15:00,2024-02-07,20:15:00,3634,0,0,0,1,0,235.1,238.7,150.0,0.1,February,Wednesday,20,Local,0
1707327000,2024-02-07 20:30:00,2024-02-07,20:30:00,3635,1,0,0,1,0,228.3,230.7,300.0,0.1,February,Wednesday,20,Local,0
1707327900,2024-02-07 20:45:00,2024-02-07,20:45:00,3636,0,0,0,0,1,229.4,229.8,1200.0,0.3004,February,Wednesday,20,Local,0
1707328800,2024-02-07 21:00:00,2024-02-07,21:00:00,3637,1,0,0,1,0,230.0,228.4,300.0,0.1,February,Wednesday,21,Local,0
1707329700,2024-02-07 21:15:00,2024-02-07,21:15:00,3638,1,0,1,1,0,230.9,228.4,3300.0,0.9396,February,Wednesday,21,Local,0
1707330600,2024-02-07 21:30:00,2024-02-07,21:30:00,3639,0,0,1,1,0,226.5,225.0,3150.0,0.8138,February,Wednesday,21,Local,0
1707331500,2024-02-07 21:45:00,2024-02-07,21:45:00,3640,1,0,0,0,0,230.5,230.1,150.0,0.1,February,Wednesday,21,Local,0
1707332400,2024-02-07 22:00:00,2024-02-07,22:00:00,3641,1,0,0,1,0,224.5,222.3,300.0,0.1,February,Wednesday,22,Local,0
1707333300,2024-02-07 22:15:00,2024-02-07,22:15:00,3642,1,0,0,1,0,237.5,241.4,300.0,0.1,February,Wednesday,22,Local,0
1707334200,2024-02-07 22:30:00,2024-02-07,22:30:00,3643,1,0,0,1,1,231.3,232.8,1500.0,0.3788,February,Wednesday,22,Local,0
1707335100,2024-02-07 22:45:00,2024-02-07,22:45:00,3644,1,0,0,0,0,227.9,225.9,150.0,0.1,February,Wednesday,22,Local,0
1707336000,2024-02-07 23:00:00,2024-02-07,23:00:00,3645,0,0,0,1,0,232.7,231.9,150.0,0.1,February,Wednesday,23,Local,0
1707336900,2024-02-07 23:15:00,2024-02-07,23:15:00,3646,0,0,0,1,0,228.4,226.8,150.0,0.1,February,Wednesday,23,Local,0
1707337800,2024-02-07 23:30:00,2024-02-07,23:30:00,3647,0,0,0,1,0,229.0,229.9,150.0,0.1,February,Wednesday,23,Local,0
1707338700,2024-02-07 23:45:00,2024-02-07,23:45:00,3648,1,0,0,0,0,229.7,230.4,150.0,0.1,February,Wednesday,23,Local,0
1707339600,2024-02-08 00:00:00,2024-02-08,00:00:00,3649,1,0,0,1,0,228.0,230.5,300.0,0.1,February,Thursday,0,Local,0
1707340500,2024-02-08 00:15:00,2024-02-08,00:15:00,3650,0,0,0,1,0,224.5,222.0,150.0,0.1,February,Thursday,0,Local,0
1707341400,2024-02-08 00:30:00,2024-02-08,00:30:00,3651,0,0,0,1,0,234.0,234.0,150.0,0.1,February,Thursday,0,Local,0
1707342300,2024-02-08 00:45:00,2024-02-08,00:45:00,3652,0,0,0,0,0,227.5,228.1,0.0,0.1,February,Thursday,0,Local,0
1707343200,2024-02-08 01:00:00,2024-02-08,01:00:00,3653,0,0,0,1,0,228.3,227.2,150.0,0.1,February,Thursday,1,Local,0
1707344100,2024-02-08 01:15:00,2024-02-08,01:15:00,3654,0,0,0,1,0,229.5,229.4,150.0,0.1,February,Thursday,1,Local,0
1707345000,2024-02-08 01:30:00,2024-02-08,01:30:00,3655,0,0,0,1,0,227.7,229.7,150.0,0.1,February,Thursday,1,Local,0
1707345900,2024-02-08 01:45:00,2024-02-08,01:45:00,3656,0,0,0,0,0,227.6,227.8,0.0,0.1,February,Thursday,1,Local,0
1707346800,2024-02-08 02:00:00,2024-02-08,02:00:00,3657,0,0,0,1,0,231.1,229.5,150.0,0.1,February,Thursday,2,Local,0
1707347700,2024-02-08 02:15:00,2024-02-08,02:15:00,3658,0,0,0,1,0,228.7,226.6,150.0,0.1,February,Thursday,2,Local,0
1707348600,2024-02-08 02:30:00,2024-02-08,02:30:00,3659,0,0,0,1,0,231.1,230.6,150.0,0.1,February,Thursday,2,Local,0
1707349500,2024-02-08 02:45:00,2024-02-08,02:45:00,3660,0,0,0,0,0,229.8,230.3,0.0,0.1,February,Thursday,2,Local,0
1707350400,2024-02-08 03:00:00,2024-02-08,03:00:00,3661,0,0,0,1,0,228.9,228.7,150.0,0.1,February,Thursday,3,Local,0
1707351300,2024-02-08 03:15:00,2024-02-08,03:15:00,3662,0,0,0,1,0,230.1,229.3,150.0,0.1,February,Thursday,3,Local,0
1707352200,2024-02-08 03:30:00,2024-02-08,03:30:00,3663,0,0,0,1,0,226.4,223.6,150.0,0.1,February,Thursday,3,Local,0
1707353100,2024-02-08 03:45:00,2024-02-08,03:45:00,3664,0,0,0,0,0,233.4,232.4,0.0,0.1,February,Thursday,3,Local,0
1707354000,2024-02-08 04:00:00,2024-02-08,04:00:00,3665,0,0,0,1,0,229.5,229.3,150.0,0.1,February,Thursday,4,Local,0
1707354900,2024-02-08 04:15:00,2024-02-08,04:15:00,3666,0,0,0,1,0,229.6,230.0,150.0,0.1,February,Thursday,4,Local,0
1707355800,2024-02-08 04:30:00,2024-02-08,04:30:00,3667,0,0,0,1,0,226.7,224.7,150.0,0.1,February,Thursday,4,Local,0
1707356700,2024-02-08 04:45:00,2024-02-08,04:45:00,3668,0,0,0,0,0,232.0,230.2,0.0,0.1,February,Thursday,4,Local,0
1707357600,2024-02-08 05:00:00,2024-02-08,05:00:00,3669,1,0,0,1,0,228.9,231.9,300.0,0.1,February,Thursday,5,Local,0
1707358500,2024-02-08 05:15:00,2024-02-08,05:15:00,3670,0,0,0,1,0,228.9,229.3,150.0,0.1,February,Thursday,5,Local,0
1707359400,2024-02-08 05:30:00,2024-02-08,05:30:00,3671,0,0,0,1,0,228.6,229.2,150.0,0.1,February,Thursday,5,Local,0
1707360300,2024-02-08 05:45:00,2024-02-08,05:45:00,3672,0,0,0,0,0,229.2,227.5,0.0,0.1,February,Thursday,5,Local,0
1707361200,2024-02-08 06:00:00,2024-02-08,06:00:00,3673,0,0,0,1,0,230.2,227.2,150.0,0.1,February,Thursday,6,Local,0
1707362100,2024-02-08 06:15:00,2024-02-08,06:15:00,3674,0,0,0,0,0,230.9,231.4,0.0,0.1,February,Thursday,6,Local,0
1707363000,2024-02-08 06:30:00,2024-02-08,06:30:00,3675,0,0,0,1,0,228.6,224.6,150.0,0.1,February,Thursday,6,Local,0
1707363900,2024-02-08 06:45:00,2024-02-08,06:45:00,3676,0,0,0,0,0,227.3,223.5,2000.0,0.5002,February,Thursday,6,Local,0
1707364800,2024-02-08 07:00:00,2024-02-08,07:00:00,3677,0,0,0,1,0,229.3,230.5,150.0,0.1,February,Thursday,7,Local,0
1707365700,2024-02-08 07:15:00,2024-02-08,07:15:00,3678,0,0,0,1,0,229.9,232.9,150.0,0.1,February,Thursday,7,Local,0
1707366600,2024-02-08 07:30:00,2024-02-08,07:30:00,3679,0,0,0,1,0,233.9,237.1,150.0,0.1,February,Thursday,7,Local,0
1707367500,2024-02-08 07:45:00,2024-02-08,07:45:00,3680,0,0,0,0,0,226.2,228.9,0.0,0.1,February,Thursday,7,Local,0
1707368400,2024-02-08 08:00:00,2024-02-08,08:00:00,3681,0,0,0,1,1,231.4,231.7,1350.0,0.3887,February,Thursday,8,Local,0
1707369300,2024-02-08 08:15:00,2024-02-08,08:15:00,3682,0,0,0,1,0,229.3,226.7,150.0,0.1,February,Thursday,8,Local,0
1707370200,2024-02-08 08:30:00,2024-02-08,08:30:00,3683,0,0,1,1,0,230.8,228.9,3150.0,0.8846,February,Thursday,8,Local,0
1707371100,2024-02-08 08:45:00,2024-02-08,08:45:00,3684,0,0,0,0,0,234.1,231.7,0.0,0.1,February,Thursday,8,Local,0
1707372000,2024-02-08 09:00:00,2024-02-08,09:00:00,3685,1,0,0,1,0,234.4,236.9,300.0,0.1,February,Thursday,9,Local,0
1707372900,2024-02-08 09:15:00,2024-02-08,09:15:00,3686,0,0,0,1,0,224.9,227.0,150.0,0.1,February,Thursday,9,Local,0
1707373800,2024-02-08 09:30:00,2024-02-08,09:30:00,3687,0,0,0,1,0,235.1,232.7,150.0,0.1,February,Thursday,9,Local,0
1707374700,2024-02-08 09:45:00,2024-02-08,09:45:00,3688,1,0,0,0,0,226.2,222.7,150.0,0.1,February,Thursday,9,Local,0
1707375600,2024-02-08 10:00:00,2024-02-08,10:00:00,3689,1,0,0,1,0,233.5,235.8,1300.0,0.3707,February,Thursday,10,Local,0
1707376500,2024-02-08 10:15:00,2024-02-08,10:15:00,3690,0,0,0,1,0,232.7,231.7,150.0,0.1,February,Thursday,10,Local,0
1707377400,2024-02-08 10:30:00,2024-02-08,10:30:00,3691,0,0,0,1,0,231.3,230.4,150.0,0.1,February,Thursday,10,Local,0
1707378300,2024-02-08 10:45:00,2024-02-08,10:45:00,3692,0,0,0,1,0,231.3,231.6,150.0,0.1,February,Thursday,10,Local,0
1707379200,2024-02-08 11:00:00,2024-02-08,11:00:00,3693,0,0,0,1,0,232.8,232.1,150.0,0.1,February,Thursday,11,Local,0
1707380100,2024-02-08 11:15:00,2024-02-08,11:15:00,3694,0,0,0,0,0,231.9,232.6,0.0,0.1,February,Thursday,11,Local,0
1707381000,2024-02-08 11:30:00,2024-02-08,11:30:00,3695,0,1,0,1,0,231.0,228.2,3650.0,0.9567,February,Thursday,11,Local,0
1707381900,2024-02-08 11:45:00,2024-02-08,11:45:00,3696,0,0,1,0,0,227.8,227.2,3000.0,0.8793,February,Thursday,11,Local,0
1707382800,2024-02-08 12:00:00,2024-02-08,12:00:00,3697,0,0,1,1,0,229.5,229.7,3150.0,0.812,February,Thursday,12,Local,0
1707383700,2024-02-08 12:15:00,2024-02-08,12:15:00,3698,1,0,0,1,1,234.7,234.0,1500.0,0.3848,February,Thursday,12,Local,0
1707384600,2024-02-08 12:30:00,2024-02-08,12:30:00,3699,0,0,0,1,1,227.1,228.6,1350.0,0.3124,February,Thursday,12,Local,0
1707385500,2024-02-08 12:45:00,2024-02-08,12:45:00,3700,0,0,0,0,1,229.6,230.5,1200.0,0.3291,February,Thursday,12,Local,0
1707386400,2024-02-08 13:00:00,2024-02-08,13:00:00,3701,0,0,0,1,0,237.1,238.5,150.0,0.1,February,Thursday,13,Local,0
1707387300,2024-02-08 13:15:00,2024-02-08,13:15:00,3702,0,0,0,1,0,231.7,231.5,150.0,0.1,February,Thursday,13,Local,0
1707388200,2024-02-08 13:30:00,2024-02-08,13:30:00,3703,0,0,0,1,0,229.0,229.5,150.0,0.1,February,Thursday,13,Local,0
1707389100,2024-02-08 13:45:00,2024-02-08,13:45:00,3704,0,0,0,0,0,230.9,232.3,0.0,0.1,February,Thursday,13,Local,0
1707390000,2024-02-08 14:00:00,2024-02-08,14:00:00,3705,0,0,0,1,0,228.5,228.2,150.0,0.1,February,Thursday,14,Local,0
1707390900,2024-02-08 14:15:00,2024-02-08,14:15:00,3706,0,0,0,1,0,234.6,234.1,150.0,0.1,February,Thursday,14,Local,0
1707391800,2024-02-08 14:30:00,2024-02-08,14:30:00,3707,0,0,0,1,0,231.5,231.7,150.0,0.1,February,Thursday,14,Local,0
1707392700,2024-02-08 14:45:00,2024-02-08,14:45:00,3708,0,0,0,1,0,228.7,230.4,150.0,0.1,February,Thursday,14,Local,0
1707393600,2024-02-08 15:00:00,2024-02-08,15:00:00,3709,1,0,0,1,0,231.9,231.8,300.0,0.1,February,Thursday,15,Local,0
1707394500,2024-02-08 15:15:00,2024-02-08,15:15:00,3710,0,1,0,1,0,228.1,225.4,2650.0,0.6783,February,Thursday,15,Local,0
1707395400,2024-02-08 15:30:00,2024-02-08,15:30:00,3711,0,1,0,1,0,225.8,226.1,2650.0,0.8065,February,Thursday,15,Local,0
1707396300,2024-02-08 15:45:00,2024-02-08,15:45:00,3712,1,0,0,0,0,229.1,230.7,150.0,0.1,February,Thursday,15,Local,0
1707397200,2024-02-08 16:00:00,2024-02-08,16:00:00,3713,0,0,0,1,0,226.2,223.3,150.0,0.1,February,Thursday,16,Local,0
1707398100,2024-02-08 16:15:00,2024-02-08,16:15:00,3714,0,0,1,1,0,229.1,232.6,3150.0,0.8301,February,Thursday,16,Local,0
1707399000,2024-02-08 16:30:00,2024-02-08,16:30:00,3715,0,0,1,1,0,228.1,229.4,3150.0,0.8831,February,Thursday,16,Local,0
1707399900,2024-02-08 16:45:00,2024-02-08,16:45:00,3716,0,0,1,0,0,227.8,227.6,3000.0,0.8122,February,Thursday,16,Local,0
1707400800,2024-02-08 17:00:00,2024-02-08,17:00:00,3717,0,0,0,1,0,231.8,233.0,150.0,0.1,February,Thursday,17,Local,0
1707401700,2024-02-08 17:15:00,2024-02-08,17:15:00,3718,1,0,1,1,0,229.5,232.0,3300.0,0.8444,February,Thursday,17,Local,0
1707402600,2024-02-08 17:30:00,2024-02-08,17:30:00,3719,0,0,0,0,0,226.2,226.1,0.0,0.1,February,Thursday,17,Local,0
1707403500,2024-02-08 17:45:00,2024-02-08,17:45:00,3720,0,0,0,0,0,226.1,222.2,0.0,0.1,February,Thursday,17,Local,0
1707404400,2024-02-08 18:00:00,2024-02-08,18:00:00,3721,0,1,1,1,0,234.0,232.4,5650.0,1.7107,February,Thursday,18,Local,0
1707405300,2024-02-08 18:15:00,2024-02-08,18:15:00,3722,1,0,0,1,0,229.0,224.3,300.0,0.1,February,Thursday,18,Local,0
1707406200,2024-02-08 18:30:00,2024-02-08,18:30:00,3723,1,0,0,1,0,233.9,231.1,300.0,0.1,February,Thursday,18,Local,0
1707407100,2024-02-08 18:45:00,2024-02-08,18:45:00,3724,0,1,0,0,1,225.7,225.4,3700.0,0.9858,February,Thursday,18,Local,0
1707408000,2024-02-08 19:00:00,2024-02-08,19:00:00,3725,1,0,1,1,0,224.1,222.2,3300.0,0.815,February,Thursday,19,Local,0
1707408900,2024-02-08 19:15:00,2024-02-08,19:15:00,3726,1,0,0,0,1,224.5,223.5,1350.0,0.3693,February,Thursday,19,Local,0
1707409800,2024-02-08 19:30:00,2024-02-08,19:30:00,3727,1,1,0,1,0,224.3,224.2,2800.0,0.7089,February,Thursday,19,Local,0
1707410700,2024-02-08 19:45:00,2024-02-08,19:45:00,3728,0,0,1,0,0,224.6,224.0,3000.0,0.862,February,Thursday,19,Local,0
1707411600,2024-02-08 20:00:00,2024-02-08,20:00:00,3729,1,0,0,1,0,231.6,227.5,300.0,0.1,February,Thursday,20,Local,0
1707412500,2024-02-08 20:15:00,2024-02-08,20:15:00,3730,1,0,0,1,0,232.4,230.7,300.0,0.1,February,Thursday,20,Local,0
1707413400,2024-02-08 20:30:00,2024-02-08,20:30:00,3731,1,1,0,1,0,230.6,231.5,4800.0,1.2641,February,Thursday,20,Local,0
1707414300,2024-02-08 20:45:00,2024-02-08,20:45:00,3732,1,0,1,0,1,228.6,230.1,4350.0,0.9623,February,Thursday,20,Local,0
1707415200,2024-02-08 21:00:00,2024-02-08,21:00:00,3733,1,0,0,1,0,229.0,227.8,300.0,0.1,February,Thursday,21,Local,0
1707416100,2024-02-08 21:15:00,2024-02-08,21:15:00,3734,1,0,0,1,0,228.2,224.0,300.0,0.1,February,Thursday,21,Local,0
1707417000,2024-02-08 21:30:00,2024-02-08,21:30:00,3735,1,0,1,1,0,230.1,226.3,3300.0,0.9397,February,Thursday,21,Local,0
1707417900,2024-02-08 21:45:00,2024-02-08,21:45:00,3736,1,0,0,0,0,232.6,235.1,150.0,0.1,February,Thursday,21,Local,0
1707418800,2024-02-08 22:00:00,2024-02-08,22:00:00,3737,0,0,0,1,0,227.5,228.7,150.0,0.1,February,Thursday,22,Local,0
1707419700,2024-02-08 22:15:00,2024-02-08,22:15:00,3738,1,0,0,1,0,230.7,231.7,300.0,0.1,February,Thursday,22,Local,0
1707420600,2024-02-08 22:30:00,2024-02-08,22:30:00,3739,0,1,0,1,0,228.9,229.4,2650.0,0.7094,February,Thursday,22,Local,0
1707421500,2024-02-08 22:45:00,2024-02-08,22:45:00,3740,0,0,1,0,0,227.5,226.7,3000.0,0.8277,February,Thursday,22,Local,0
1707422400,2024-02-08 23:00:00,2024-02-08,23:00:00,3741,1,0,0,1,0,234.5,238.6,300.0,0.1,February,Thursday,23,Local,0
1707423300,2024-02-08 23:15:00,2024-02-08,23:15:00,3742,0,0,0,0,0,234.0,231.1,0.0,0.1,February,Thursday,23,Local,0
1707424200,2024-02-08 23:30:00,2024-02-08,23:30:00,3743,0,0,1,1,0,226.3,226.1,3150.0,0.9206,February,Thursday,23,Local,0
1707425100,2024-02-08 23:45:00,2024-02-08,23:45:00,3744,0,0,0,0,0,225.8,224.7,0.0,0.1,February,Thursday,23,Local,0
1707426000,2024-02-09 00:00:00,2024-02-09,00:00:00,3745,0,0,0,1,0,231.1,233.0,150.0,0.1,February,Friday,0,Local,0
1707426900,2024-02-09 00:15:00,2024-02-09,00:15:00,3746,0,0,0,1,0,231.5,229.7,150.0,0.1,February,Friday,0,Local,0
1707427800,2024-02-09 00:30:00,2024-02-09,00:30:00,3747,0,0,0,1,0,232.4,233.0,150.0,0.1,February,Friday,0,Local,0
1707428700,2024-02-09 00:45:00,2024-02-09,00:45:00,3748,0,0,0,0,0,230.9,231.1,0.0,0.1,February,Friday,0,Local,0
1707429600,2024-02-09 01:00:00,2024-02-09,01:00:00,3749,0,0,0,1,0,228.8,228.0,150.0,0.1,February,Friday,1,Local,0
1707430500,2024-02-09 01:15:00,2024-02-09,01:15:00,3750,0,0,0,1,0,233.3,236.0,150.0,0.1,February,Friday,1,Local,0
1707431400,2024-02-09 01:30:00,2024-02-09,01:30:00,3751,0,0,0,1,0,227.1,230.0,150.0,0.1,February,Friday,1,Local,0
1707432300,2024-02-09 01:45:00,2024-02-09,01:45:00,3752,0,0,0,0,0,233.4,234.0,0.0,0.1,February,Friday,1,Local,0
1707433200,2024-02-09 02:00:00,2024-02-09,02:00:00,3753,0,0,0,1,0,235.5,233.9,150.0,0.1,February,Friday,2,Local,0
1707434100,2024-02-09 02:15:00,2024-02-09,02:15:00,3754,0,0,0,1,0,231.3,228.1,150.0,0.1,February,Friday,2,Local,0
1707435000,2024-02-09 02:30:00,2024-02-09,02:30:00,3755,0,0,0,0,0,229.8,230.0,0.0,0.1,February,Friday,2,Local,0
1707435900,2024-02-09 02:45:00,2024-02-09,02:45:00,3756,0,0,0,0,0,230.3,231.5,0.0,0.1,February,Friday,2,Local,0
1707436800,2024-02-09 03:00:00,2024-02-09,03:00:00,3757,0,0,0,1,0,227.9,225.2,150.0,0.1,February,Friday,3,Local,0
1707437700,2024-02-09 03:15:00,2024-02-09,03:15:00,3758,0,0,0,1,0,223.4,221.2,150.0,0.1,February,Friday,3,Local,0
1707438600,2024-02-09 03:30:00,2024-02-09,03:30:00,3759,0,0,0,1,0,231.6,229.4,150.0,0.1,February,Friday,3,Local,0
1707439500,2024-02-09 03:45:00,2024-02-09,03:45:00,3760,0,0,0,0,0,230.9,232.4,0.0,0.1,February,Friday,3,Local,0
1707440400,2024-02-09 04:00:00,2024-02-09,04:00:00,3761,0,0,0,1,0,229.3,230.4,150.0,0.1,February,Friday,4,Local,0
1707441300,2024-02-09 04:15:00,2024-02-09,04:15:00,3762,0,0,0,1,0,226.6,227.0,150.0,0.1,February,Friday,4,Local,0
1707442200,2024-02-09 04:30:00,2024-02-09,04:30:00,3763,0,0,0,1,0,234.5,239.5,150.0,0.1,February,Friday,4,Local,0
1707443100,2024-02-09 04:45:00,2024-02-09,04:45:00,3764,0,0,0,0,0,225.6,225.1,0.0,0.1,February,Friday,4,Local,0
1707444000,2024-02-09 05:00:00,2024-02-09,05:00:00,3765,0,0,0,1,0,231.4,233.9,150.0,0.1,February,Friday,5,Local,0
1707444900,2024-02-09 05:15:00,2024-02-09,05:15:00,3766,0,0,0,1,0,231.8,231.1,150.0,0.1,February,Friday,5,Local,0
1707445800,2024-02-09 05:30:00,2024-02-09,05:30:00,3767,0,0,0,1,0,231.3,232.3,150.0,0.1,February,Friday,5,Local,0
1707446700,2024-02-09 05:45:00,2024-02-09,05:45:00,3768,0,0,0,0,0,228.0,228.0,0.0,0.1,February,Friday,5,Local,0
1707447600,2024-02-09 06:00:00,2024-02-09,06:00:00,3769,0,0,0,1,0,228.1,227.2,150.0,0.1,February,Friday,6,Local,0
1707448500,2024-02-09 06:15:00,2024-02-09,06:15:00,3770,1,0,0,1,0,229.4,229.2,300.0,0.1,February,Friday,6,Local,0
1707449400,2024-02-09 06:30:00,2024-02-09,06:30:00,3771,0,0,0,1,0,230.9,234.3,150.0,0.1,February,Friday,6,Local,0
1707450300,2024-02-09 06:45:00,2024-02-09,06:45:00,3772,0,0,0,0,0,229.9,227.3,0.0,0.1,February,Friday,6,Local,0
1707451200,2024-02-09 07:00:00,2024-02-09,07:00:00,3773,0,0,0,1,0,231.6,229.3,150.0,0.1,February,Friday,7,Local,0
1707452100,2024-02-09 07:15:00,2024-02-09,07:15:00,3774,0,0,0,1,0,229.7,228.8,150.0,0.1,February,Friday,7,Local,0
1707453000,2024-02-09 07:30:00,2024-02-09,07:30:00,3775,0,0,0,1,0,230.5,228.9,150.0,0.1,February,Friday,7,Local,0
1707453900,2024-02-09 07:45:00,2024-02-09,07:45:00,3776,0,0,0,0,0,225.5,224.8,0.0,0.1,February,Friday,7,Local,0
1707454800,2024-02-09 08:00:00,2024-02-09,08:00:00,3777,0,0,0,1,1,230.4,233.5,1350.0,0.4052,February,Friday,8,Local,0
1707455700,2024-02-09 08:15:00,2024-02-09,08:15:00,3778,0,0,0,1,0,225.5,226.5,150.0,0.1,February,Friday,8,Local,0
1707456600,2024-02-09 08:30:00,2024-02-09,08:30:00,3779,1,0,0,1,0,235.7,235.9,300.0,0.1,February,Friday,8,Local,0
1707457500,2024-02-09 08:45:00,2024-02-09,08:45:00,3780,0,0,0,0,0,227.6,227.8,0.0,0.1,February,Friday,8,Local,0
1707458400,2024-02-09 09:00:00,2024-02-09,09:00:00,3781,0,0,0,1,0,227.4,231.7,150.0,0.1,February,Friday,9,Local,0
1707459300,2024-02-09 09:15:00,2024-02-09,09:15:00,3782,0,0,0,0,0,231.1,229.5,0.0,0.1,February,Friday,9,Local,0
1707460200,2024-02-09 09:30:00,2024-02-09,09:30:00,3783,1,0,0,1,0,230.4,227.1,300.0,0.1,February,Friday,9,Local,0
1707461100,2024-02-09 09:45:00,2024-02-09,09:45:00,3784,0,0,0,0,0,230.3,224.7,0.0,0.1,February,Friday,9,Local,0
1707462000,2024-02-09 10:00:00,2024-02-09,10:00:00,3785,0,1,0,1,0,228.5,233.6,2650.0,0.7705,February,Friday,10,Local,0
1707462900,2024-02-09 10:15:00,2024-02-09,10:15:00,3786,0,0,0,0,0,231.8,231.2,0.0,0.1,February,Friday,10,Local,0
1707463800,2024-02-09 10:30:00,2024-02-09,10:30:00,3787,0,0,0,1,0,230.7,230.5,150.0,0.1,February,Friday,10,Local,0
1707464700,2024-02-09 10:45:00,2024-02-09,10:45:00,3788,0,0,0,0,0,228.3,229.8,0.0,0.1,February,Friday,10,Local,0
1707465600,2024-02-09 11:00:00,2024-02-09,11:00:00,3789,0,0,0,1,0,232.9,234.1,150.0,0.1,February,Friday,11,Local,0
1707466500,2024-02-09 11:15:00,2024-02-09,11:15:00,3790,0,0,0,1,0,226.0,228.0,150.0,0.1,February,Friday,11,Local,0
1707467400,2024-02-09 11:30:00,2024-02-09,11:30:00,3791,0,0,0,1,0,233.2,236.6,150.0,0.1,February,Friday,11,Local,0
1707468300,2024-02-09 11:45:00,2024-02-09,11:45:00,3792,0,0,0,0,0,227.1,230.7,0.0,0.1,February,Friday,11,Local,0
1707469200,2024-02-09 12:00:00,2024-02-09,12:00:00,3793,0,0,0,1,0,229.9,228.9,150.0,0.1,February,Friday,12,Local,0
1707470100,2024-02-09 12:15:00,2024-02-09,12:15:00,3794,0,1,0,1,1,225.8,228.0,3850.0,0.8707,February,Friday,12,Local,0
1707471000,2024-02-09 12:30:00,2024-02-09,12:30:00,3795,0,1,0,1,1,229.7,224.7,3850.0,1.0402,February,Friday,12,Local,0
1707471900,2024-02-09 12:45:00,2024-02-09,12:45:00,3796,0,0,0,0,0,230.1,227.2,0.0,0.1,February,Friday,12,Local,0
1707472800,2024-02-09 13:00:00,2024-02-09,13:00:00,3797,0,0,0,1,0,231.7,230.3,150.0,0.1,February,Friday,13,Local,0
1707473700,2024-02-09 13:15:00,2024-02-09,13:15:00,3798,1,0,0,1,0,225.9,225.7,300.0,0.1,February,Friday,13,Local,0
1707474600,2024-02-09 13:30:00,2024-02-09,13:30:00,3799,0,0,0,1,0,226.5,228.6,150.0,0.1,February,Friday,13,Local,0
1707475500,2024-02-09 13:45:00,2024-02-09,13:45:00,3800,0,0,0,0,0,230.6,228.5,0.0,0.1,February,Friday,13,Local,0
1707476400,2024-02-09 14:00:00,2024-02-09,14:00:00,3801,0,0,0,1,0,226.9,227.1,150.0,0.1,February,Friday,14,Local,0
1707477300,2024-02-09 14:15:00,2024-02-09,14:15:00,3802,1,0,0,1,0,230.0,230.2,300.0,0.1,February,Friday,14,Local,0
1707478200,2024-02-09 14:30:00,2024-02-09,14:30:00,3803,0,0,0,1,0,236.3,239.4,150.0,0.1,February,Friday,14,Local,0
1707479100,2024-02-09 14:45:00,2024-02-09,14:45:00,3804,0,0,0,0,0,233.9,233.4,0.0,0.1,February,Friday,14,Local,0
1707480000,2024-02-09 15:00:00,2024-02-09,15:00:00,3805,0,0,0,1,0,228.1,225.9,150.0,0.1,February,Friday,15,Local,0
1707480900,2024-02-09 15:15:00,2024-02-09,15:15:00,3806,0,0,0,1,0,228.7,228.2,150.0,0.1,February,Friday,15,Local,0
1707481800,2024-02-09 15:30:00,2024-02-09,15:30:00,3807,0,0,0,1,0,231.5,231.4,150.0,0.1,February,Friday,15,Local,0
1707482700,2024-02-09 15:45:00,2024-02-09,15:45:00,3808,0,0,0,0,0,239.5,236.6,0.0,0.1,February,Friday,15,Local,0
1707483600,2024-02-09 16:00:00,2024-02-09,16:00:00,3809,0,0,0,1,0,231.1,233.4,150.0,0.1,February,Friday,16,Local,0
1707484500,2024-02-09 16:15:00,2024-02-09,16:15:00,3810,0,1,0,1,0,229.2,227.5,2650.0,0.6228,February,Friday,16,Local,0
1707485400,2024-02-09 16:30:00,2024-02-09,16:30:00,3811,0,0,0,1,0,233.1,232.8,150.0,0.1,February,Friday,16,Local,0
1707486300,2024-02-09 16:45:00,2024-02-09,16:45:00,3812,0,0,0,0,0,230.9,232.8,0.0,0.1,February,Friday,16,Local,0
1707487200,2024-02-09 17:00:00,2024-02-09,17:00:00,3813,0,1,0,0,0,232.8,233.3,4500.0,2.7837,February,Friday,17,Local,1
1707488100,2024-02-09 17:15:00,2024-02-09,17:15:00,3814,0,0,1,1,0,232.2,230.4,3150.0,0.8656,February,Friday,17,Local,0
1707489000,2024-02-09 17:30:00,2024-02-09,17:30:00,3815,1,0,0,1,0,234.0,238.0,300.0,0.1,February,Friday,17,Local,0
1707489900,2024-02-09 17:45:00,2024-02-09,17:45:00,3816,0,0,0,0,0,228.1,230.6,0.0,0.1,February,Friday,17,Local,0
1707490800,2024-02-09 18:00:00,2024-02-09,18:00:00,3817,1,0,0,1,0,233.0,235.5,300.0,0.1,February,Friday,18,Local,0
1707491700,2024-02-09 18:15:00,2024-02-09,18:15:00,3818,1,0,1,1,0,231.3,230.8,3300.0,0.9344,February,Friday,18,Local,0
1707492600,2024-02-09 18:30:00,2024-02-09,18:30:00,3819,1,0,0,1,1,229.9,227.1,1500.0,0.3896,February,Friday,18,Local,0
1707493500,2024-02-09 18:45:00,2024-02-09,18:45:00,3820,1,0,1,0,0,232.5,233.3,3150.0,0.77,February,Friday,18,Local,0
1707494400,2024-02-09 19:00:00,2024-02-09,19:00:00,3821,1,0,1,1,0,230.8,232.2,3300.0,0.6807,February,Friday,19,Local,0
1707495300,2024-02-09 19:15:00,2024-02-09,19:15:00,3822,1,0,1,1,1,235.4,230.4,4500.0,1.3333,February,Friday,19,Local,0
1707496200,2024-02-09 19:30:00,2024-02-09,19:30:00,3823,1,0,1,1,0,233.4,237.0,3300.0,0.9922,February,Friday,19,Local,0
1707497100,2024-02-09 19:45:00,2024-02-09,19:45:00,3824,1,0,1,1,1,226.8,226.6,4500.0,1.2811,February,Friday,19,Local,0
1707498000,2024-02-09 20:00:00,2024-02-09,20:00:00,3825,1,0,0,1,0,229.1,229.4,300.0,0.1,February,Friday,20,Local,0
1707498900,2024-02-09 20:15:00,2024-02-09,20:15:00,3826,0,0,0,1,1,229.9,227.1,1350.0,0.3838,February,Friday,20,Local,0
1707499800,2024-02-09 20:30:00,2024-02-09,20:30:00,3827,1,0,0,1,0,230.8,231.7,300.0,0.1,February,Friday,20,Local,0
1707500700,2024-02-09 20:45:00,2024-02-09,20:45:00,3828,1,0,0,1,0,228.7,231.1,300.0,0.1,February,Friday,20,Local,0
1707501600,2024-02-09 21:00:00,2024-02-09,21:00:00,3829,1,0,0,1,0,231.6,229.5,300.0,0.1,February,Friday,21,Local,0
1707502500,2024-02-09 21:15:00,2024-02-09,21:15:00,3830,1,0,0,1,0,227.2,228.1,300.0,0.1,February,Friday,21,Local,0
1707503400,2024-02-09 21:30:00,2024-02-09,21:30:00,3831,1,0,1,1,0,229.0,225.9,3300.0,1.0044,February,Friday,21,Local,0
1707504300,2024-02-09 21:45:00,2024-02-09,21:45:00,3832,0,0,0,0,0,227.9,229.5,0.0,0.1,February,Friday,21,Local,0
1707505200,2024-02-09 22:00:00,2024-02-09,22:00:00,3833,0,0,0,1,0,233.8,229.8,150.0,0.1,February,Friday,22,Local,0
1707506100,2024-02-09 22:15:00,2024-02-09,22:15:00,3834,1,0,0,1,0,229.2,229.8,300.0,0.1,February,Friday,22,Local,0
1707507000,2024-02-09 22:30:00,2024-02-09,22:30:00,3835,1,1,0,1,0,234.1,235.3,2800.0,0.7517,February,Friday,22,Local,0
1707507900,2024-02-09 22:45:00,2024-02-09,22:45:00,3836,0,0,0,0,0,230.9,229.0,0.0,0.1,February,Friday,22,Local,0
1707508800,2024-02-09 23:00:00,2024-02-09,23:00:00,3837,0,0,0,1,0,231.6,230.2,150.0,0.1,February,Friday,23,Local,0
1707509700,2024-02-09 23:15:00,2024-02-09,23:15:00,3838,1,0,1,1,0,232.4,234.8,3300.0,0.8456,February,Friday,23,Local,0
1707510600,2024-02-09 23:30:00,2024-02-09,23:30:00,3839,0,0,0,1,0,230.0,228.5,150.0,0.1,February,Friday,23,Local,0
1707511500,2024-02-09 23:45:00,2024-02-09,23:45:00,3840,0,0,0,0,0,229.9,228.8,0.0,0.1,February,Friday,23,Local,0
1707512400,2024-02-10 00:00:00,2024-02-10,00:00:00,3841,0,0,0,1,0,228.0,229.3,150.0,0.1,February,Saturday,0,Local,0
1707513300,2024-02-10 00:15:00,2024-02-10,00:15:00,3842,0,0,0,1,0,229.7,234.1,150.0,0.1,February,Saturday,0,Local,0
1707514200,2024-02-10 00:30:00,2024-02-10,00:30:00,3843,0,0,0,0,0,227.2,230.1,0.0,0.1,February,Saturday,0,Local,0
1707515100,2024-02-10 00:45:00,2024-02-10,00:45:00,3844,0,0,0,0,0,220.2,219.1,0.0,0.1,February,Saturday,0,Local,0
1707516000,2024-02-10 01:00:00,2024-02-10,01:00:00,3845,0,0,0,1,0,227.9,226.0,150.0,0.1,February,Saturday,1,Local,0
1707516900,2024-02-10 01:15:00,2024-02-10,01:15:00,3846,0,0,0,0,0,224.9,224.4,0.0,0.1,February,Saturday,1,Local,0
1707517800,2024-02-10 01:30:00,2024-02-10,01:30:00,3847,0,0,0,1,0,229.1,231.0,150.0,0.1,February,Saturday,1,Local,0
1707518700,2024-02-10 01:45:00,2024-02-10,01:45:00,3848,0,0,0,0,0,226.9,223.2,0.0,0.1,February,Saturday,1,Local,0
1707519600,2024-02-10 02:00:00,2024-02-10,02:00:00,3849,0,0,0,1,0,228.8,230.0,150.0,0.1,February,Saturday,2,Local,0
1707520500,2024-02-10 02:15:00,2024-02-10,02:15:00,3850,0,0,0,1,0,230.8,228.6,150.0,0.1,February,Saturday,2,Local,0
1707521400,2024-02-10 02:30:00,2024-02-10,02:30:00,3851,0,0,0,1,0,233.2,231.7,150.0,0.1,February,Saturday,2,Local,0
1707522300,2024-02-10 02:45:00,2024-02-10,02:45:00,3852,0,0,0,0,0,232.6,231.8,0.0,0.1,February,Saturday,2,Local,0
1707523200,2024-02-10 03:00:00,2024-02-10,03:00:00,3853,0,0,0,1,0,231.3,233.2,150.0,0.1,February,Saturday,3,Local,0
1707524100,2024-02-10 03:15:00,2024-02-10,03:15:00,3854,0,0,0,1,0,229.9,228.8,150.0,0.1,February,Saturday,3,Local,0
1707525000,2024-02-10 03:30:00,2024-02-10,03:30:00,3855,0,0,0,1,0,228.0,228.7,150.0,0.1,February,Saturday,3,Local,0
1707525900,2024-02-10 03:45:00,2024-02-10,03:45:00,3856,0,0,0,0,0,225.9,225.1,0.0,0.1,February,Saturday,3,Local,0
1707526800,2024-02-10 04:00:00,2024-02-10,04:00:00,3857,0,0,0,1,0,229.1,232.1,150.0,0.1,February,Saturday,4,Local,0
1707527700,2024-02-10 04:15:00,2024-02-10,04:15:00,3858,0,0,0,1,0,225.4,220.5,150.0,0.1,February,Saturday,4,Local,0
1707528600,2024-02-10 04:30:00,2024-02-10,04:30:00,3859,0,0,0,1,0,230.0,229.9,150.0,0.1,February,Saturday,4,Local,0
1707529500,2024-02-10 04:45:00,2024-02-10,04:45:00,3860,0,0,0,0,0,233.0,228.7,0.0,0.1,February,Saturday,4,Local,0
1707530400,2024-02-10 05:00:00,2024-02-10,05:00:00,3861,0,0,0,0,0,227.8,227.3,0.0,0.1,February,Saturday,5,Local,0
1707531300,2024-02-10 05:15:00,2024-02-10,05:15:00,3862,0,0,0,1,0,228.8,230.7,150.0,0.1,February,Saturday,5,Local,0
1707532200,2024-02-10 05:30:00,2024-02-10,05:30:00,3863,0,0,0,1,0,231.0,231.9,150.0,0.1,February,Saturday,5,Local,0
1707533100,2024-02-10 05:45:00,2024-02-10,05:45:00,3864,0,0,0,0,0,230.6,234.4,0.0,0.1,February,Saturday,5,Local,0
1707534000,2024-02-10 06:00:00,2024-02-10,06:00:00,3865,0,0,0,0,0,233.6,234.9,0.0,0.1,February,Saturday,6,Local,0
1707534900,2024-02-10 06:15:00,2024-02-10,06:15:00,3866,0,0,0,0,0,234.1,234.0,0.0,0.1,February,Saturday,6,Local,0
1707535800,2024-02-10 06:30:00,2024-02-10,06:30:00,3867,0,0,0,0,0,228.9,229.2,0.0,0.1,February,Saturday,6,Local,0
1707536700,2024-02-10 06:45:00,2024-02-10,06:45:00,3868,0,0,0,0,0,232.9,232.2,0.0,0.1,February,Saturday,6,Local,0
1707537600,2024-02-10 07:00:00,2024-02-10,07:00:00,3869,1,0,0,1,0,227.5,225.0,300.0,0.1,February,Saturday,7,Local,0
1707538500,2024-02-10 07:15:00,2024-02-10,07:15:00,3870,0,0,0,1,0,229.2,227.9,150.0,0.1,February,Saturday,7,Local,0
1707539400,2024-02-10 07:30:00,2024-02-10,07:30:00,3871,0,0,0,1,0,235.9,234.3,150.0,0.1,February,Saturday,7,Local,0
1707540300,2024-02-10 07:45:00,2024-02-10,07:45:00,3872,0,0,0,0,0,229.0,232.2,0.0,0.1,February,Saturday,7,Local,0
1707541200,2024-02-10 08:00:00,2024-02-10,08:00:00,3873,0,1,0,1,1,231.3,231.8,3850.0,1.0219,February,Saturday,8,Local,0
1707542100,2024-02-10 08:15:00,2024-02-10,08:15:00,3874,0,0,0,1,0,227.6,230.5,150.0,0.1,February,Saturday,8,Local,0
1707543000,2024-02-10 08:30:00,2024-02-10,08:30:00,3875,0,0,0,1,0,226.2,225.3,150.0,0.1,February,Saturday,8,Local,0
1707543900,2024-02-10 08:45:00,2024-02-10,08:45:00,3876,0,0,0,0,0,229.5,229.9,0.0,0.1,February,Saturday,8,Local,0
1707544800,2024-02-10 09:00:00,2024-02-10,09:00:00,3877,0,0,0,1,0,227.0,227.4,150.0,0.1,February,Saturday,9,Local,0
1707545700,2024-02-10 09:15:00,2024-02-10,09:15:00,3878,0,0,0,1,0,228.8,231.8,150.0,0.1,February,Saturday,9,Local,0
1707546600,2024-02-10 09:30:00,2024-02-10,09:30:00,3879,1,0,0,1,0,234.3,235.7,300.0,0.1,February,Saturday,9,Local,0
1707547500,2024-02-10 09:45:00,2024-02-10,09:45:00,3880,0,0,0,0,0,226.0,228.9,0.0,0.1,February,Saturday,9,Local,0
1707548400,2024-02-10 10:00:00,2024-02-10,10:00:00,3881,0,1,0,1,0,227.5,226.7,2650.0,0.8067,February,Saturday,10,Local,0
1707549300,2024-02-10 10:15:00,2024-02-10,10:15:00,3882,0,0,0,1,0,225.8,225.4,150.0,0.1,February,Saturday,10,Local,0
1707550200,2024-02-10 10:30:00,2024-02-10,10:30:00,3883,0,0,0,1,0,229.6,229.5,150.0,0.1,February,Saturday,10,Local,0
1707551100,2024-02-10 10:45:00,2024-02-10,10:45:00,3884,0,0,1,0,0,227.9,229.8,3000.0,0.8301,February,Saturday,10,Local,0
1707552000,2024-02-10 11:00:00,2024-02-10,11:00:00,3885,0,0,0,1,0,229.3,230.4,150.0,0.1,February,Saturday,11,Local,0
1707552900,2024-02-10 11:15:00,2024-02-10,11:15:00,3886,0,1,0,1,0,231.5,234.6,2650.0,0.673,February,Saturday,11,Local,0
1707553800,2024-02-10 11:30:00,2024-02-10,11:30:00,3887,0,0,0,1,0,237.3,241.1,150.0,0.1,February,Saturday,11,Local,0
1707554700,2024-02-10 11:45:00,2024-02-10,11:45:00,3888,0,0,0,0,0,234.7,235.2,0.0,0.1,February,Saturday,11,Local,0
1707555600,2024-02-10 12:00:00,2024-02-10,12:00:00,3889,0,0,0,1,0,225.9,220.9,150.0,0.1,February,Saturday,12,Local,0
1707556500,2024-02-10 12:15:00,2024-02-10,12:15:00,3890,0,0,0,1,0,229.9,232.4,150.0,0.1,February,Saturday,12,Local,0
1707557400,2024-02-10 12:30:00,2024-02-10,12:30:00,3891,0,0,0,1,0,232.4,234.4,150.0,0.1,February,Saturday,12,Local,0
1707558300,2024-02-10 12:45:00,2024-02-10,12:45:00,3892,0,0,0,0,0,234.3,235.4,0.0,0.1,February,Saturday,12,Local,0
1707559200,2024-02-10 13:00:00,2024-02-10,13:00:00,3893,0,0,0,1,0,224.8,226.9,150.0,0.1,February,Saturday,13,Local,0
1707560100,2024-02-10 13:15:00,2024-02-10,13:15:00,3894,0,0,0,1,0,227.1,230.1,150.0,0.27,February,Saturday,13,Local,1
1707561000,2024-02-10 13:30:00,2024-02-10,13:30:00,3895,0,0,1,1,0,235.2,237.4,3150.0,0.7986,February,Saturday,13,Local,0
1707561900,2024-02-10 13:45:00,2024-02-10,13:45:00,3896,1,0,0,0,0,228.2,230.7,150.0,0.1,February,Saturday,13,Local,0
1707562800,2024-02-10 14:00:00,2024-02-10,14:00:00,3897,0,0,0,1,0,231.9,234.3,150.0,0.1,February,Saturday,14,Local,0
1707563700,2024-02-10 14:15:00,2024-02-10,14:15:00,3898,1,0,1,1,0,227.7,230.5,3300.0,0.8822,February,Saturday,14,Local,0
1707564600,2024-02-10 14:30:00,2024-02-10,14:30:00,3899,0,1,0,1,0,226.3,229.0,4150.0,0.9827,February,Saturday,14,Local,0
1707565500,2024-02-10 14:45:00,2024-02-10,14:45:00,3900,0,0,0,0,0,230.6,233.8,0.0,0.1,February,Saturday,14,Local,0
1707566400,2024-02-10 15:00:00,2024-02-10,15:00:00,3901,0,0,0,1,0,226.2,223.9,150.0,0.1,February,Saturday,15,Local,0
1707567300,2024-02-10 15:15:00,2024-02-10,15:15:00,3902,0,1,1,0,0,227.8,226.4,5500.0,1.4491,February,Saturday,15,Local,0
1707568200,2024-02-10 15:30:00,2024-02-10,15:30:00,3903,0,0,1,1,0,230.2,228.0,3150.0,0.6996,February,Saturday,15,Local,0
1707569100,2024-02-10 15:45:00,2024-02-10,15:45:00,3904,0,0,1,1,0,226.6,227.8,3150.0,0.8978,February,Saturday,15,Local,0
1707570000,2024-02-10 16:00:00,2024-02-10,16:00:00,3905,0,1,0,1,0,231.4,232.1,2650.0,0.7227,February,Saturday,16,Local,0
1707570900,2024-02-10 16:15:00,2024-02-10,16:15:00,3906,0,1,0,1,0,232.0,232.5,4650.0,1.4837,February,Saturday,16,Local,0
1707571800,2024-02-10 16:30:00,2024-02-10,16:30:00,3907,0,1,0,1,0,226.7,225.4,2650.0,0.8676,February,Saturday,16,Local,0
1707572700,2024-02-10 16:45:00,2024-02-10,16:45:00,3908,0,1,0,0,1,226.6,224.5,3700.0,1.0834,February,Saturday,16,Local,0
1707573600,2024-02-10 17:00:00,2024-02-10,17:00:00,3909,0,1,0,1,0,227.4,226.4,2650.0,0.7437,February,Saturday,17,Local,0
1707574500,2024-02-10 17:15:00,2024-02-10,17:15:00,3910,1,0,0,1,0,229.7,233.2,300.0,0.1,February,Saturday,17,Local,0
1707575400,2024-02-10 17:30:00,2024-02-10,17:30:00,3911,0,0,1,1,0,227.9,231.2,3150.0,0.9876,February,Saturday,17,Local,0
1707576300,2024-02-10 17:45:00,2024-02-10,17:45:00,3912,0,0,0,1,0,229.0,227.1,150.0,0.1,February,Saturday,17,Local,0
1707577200,2024-02-10 18:00:00,2024-02-10,18:00:00,3913,1,0,0,1,1,229.8,228.0,1500.0,0.4682,February,Saturday,18,Local,0
1707578100,2024-02-10 18:15:00,2024-02-10,18:15:00,3914,1,0,0,1,0,230.9,229.4,300.0,0.1,February,Saturday,18,Local,0
1707579000,2024-02-10 18:30:00,2024-02-10,18:30:00,3915,1,1,1,1,0,228.0,222.3,5800.0,1.8256,February,Saturday,18,Local,0
1707579900,2024-02-10 18:45:00,2024-02-10,18:45:00,3916,1,0,0,0,0,231.5,232.8,150.0,0.1,February,Saturday,18,Local,0
1707580800,2024-02-10 19:00:00,2024-02-10,19:00:00,3917,1,0,1,1,0,228.1,226.3,3300.0,1.0684,February,Saturday,19,Local,0
1707581700,2024-02-10 19:15:00,2024-02-10,19:15:00,3918,1,0,1,1,1,229.5,228.2,5000.0,1.1996,February,Saturday,19,Local,0
1707582600,2024-02-10 19:30:00,2024-02-10,19:30:00,3919,1,0,0,1,1,224.3,223.1,1500.0,0.4461,February,Saturday,19,Local,0
1707583500,2024-02-10 19:45:00,2024-02-10,19:45:00,3920,1,0,1,0,0,229.6,225.4,3150.0,0.859,February,Saturday,19,Local,0
1707584400,2024-02-10 20:00:00,2024-02-10,20:00:00,3921,1,0,1,0,0,227.9,229.7,3150.0,0.8091,February,Saturday,20,Local,0
1707585300,2024-02-10 20:15:00,2024-02-10,20:15:00,3922,1,0,1,1,0,231.9,227.8,3300.0,1.0401,February,Saturday,20,Local,0
1707586200,2024-02-10 20:30:00,2024-02-10,20:30:00,3923,1,0,0,1,0,231.5,231.5,300.0,0.1,February,Saturday,20,Local,0
1707587100,2024-02-10 20:45:00,2024-02-10,20:45:00,3924,1,0,1,0,0,232.4,234.2,3150.0,0.7663,February,Saturday,20,Local,0
1707588000,2024-02-10 21:00:00,2024-02-10,21:00:00,3925,1,1,1,1,0,223.9,224.2,5800.0,1.8703,February,Saturday,21,Local,0
1707588900,2024-02-10 21:15:00,2024-02-10,21:15:00,3926,1,0,0,1,0,229.0,226.7,300.0,0.1,February,Saturday,21,Local,0
1707589800,2024-02-10 21:30:00,2024-02-10,21:30:00,3927,1,0,0,0,1,230.5,226.9,1350.0,0.3836,February,Saturday,21,Local,0
1707590700,2024-02-10 21:45:00,2024-02-10,21:45:00,3928,1,0,0,0,0,223.3,224.8,150.0,0.1,February,Saturday,21,Local,0
1707591600,2024-02-10 22:00:00,2024-02-10,22:00:00,3929,0,0,1,1,0,232.6,233.0,3150.0,0.9829,February,Saturday,22,Local,0
1707592500,2024-02-10 22:15:00,2024-02-10,22:15:00,3930,1,0,0,1,0,233.9,234.8,2300.0,0.6261,February,Saturday,22,Local,0
1707593400,2024-02-10 22:30:00,2024-02-10,22:30:00,3931,1,0,0,1,0,230.2,228.7,300.0,0.1,February,Saturday,22,Local,0
1707594300,2024-02-10 22:45:00,2024-02-10,22:45:00,3932,1,0,0,0,0,229.3,229.8,150.0,0.1,February,Saturday,22,Local,0
1707595200,2024-02-10 23:00:00,2024-02-10,23:00:00,3933,0,0,1,0,0,233.2,233.8,3000.0,0.7592,February,Saturday,23,Local,0
1707596100,2024-02-10 23:15:00,2024-02-10,23:15:00,3934,1,0,0,1,0,224.6,224.5,300.0,0.1,February,Saturday,23,Local,0
1707597000,2024-02-10 23:30:00,2024-02-10,23:30:00,3935,0,0,0,1,0,228.4,226.3,150.0,0.1,February,Saturday,23,Local,0
1707597900,2024-02-10 23:45:00,2024-02-10,23:45:00,3936,1,0,0,0,0,226.0,226.8,150.0,0.1,February,Saturday,23,Local,0
1707598800,2024-02-11 00:00:00,2024-02-11,00:00:00,3937,0,0,0,0,0,227.4,228.0,0.0,0.1,February,Sunday,0,Local,0
1707599700,2024-02-11 00:15:00,2024-02-11,00:15:00,3938,0,0,0,1,0,233.3,234.4,150.0,0.1,February,Sunday,0,Local,0
1707600600,2024-02-11 00:30:00,2024-02-11,00:30:00,3939,0,0,0,1,0,226.6,224.4,150.0,0.1,February,Sunday,0,Local,0
1707601500,2024-02-11 00:45:00,2024-02-11,00:45:00,3940,0,0,0,0,0,228.6,227.9,0.0,0.1,February,Sunday,0,Local,0
1707602400,2024-02-11 01:00:00,2024-02-11,01:00:00,3941,0,0,0,1,0,233.4,231.4,150.0,0.1,February,Sunday,1,Local,0
1707603300,2024-02-11 01:15:00,2024-02-11,01:15:00,3942,0,0,0,1,0,231.9,229.6,150.0,0.1,February,Sunday,1,Local,0
1707604200,2024-02-11 01:30:00,2024-02-11,01:30:00,3943,0,0,0,1,0,228.2,230.3,150.0,0.1,February,Sunday,1,Local,0
1707605100,2024-02-11 01:45:00,2024-02-11,01:45:00,3944,0,0,0,0,0,224.4,222.4,0.0,0.1,February,Sunday,1,Local,0
1707606000,2024-02-11 02:00:00,2024-02-11,02:00:00,3945,0,0,0,1,0,234.6,233.4,150.0,0.1,February,Sunday,2,Local,0
1707606900,2024-02-11 02:15:00,2024-02-11,02:15:00,3946,0,0,0,1,0,230.0,228.9,150.0,0.1,February,Sunday,2,Local,0
1707607800,2024-02-11 02:30:00,2024-02-11,02:30:00,3947,0,0,0,1,0,231.9,230.6,150.0,0.1,February,Sunday,2,Local,0
1707608700,2024-02-11 02:45:00,2024-02-11,02:45:00,3948,0,0,0,0,0,225.5,223.5,0.0,0.1,February,Sunday,2,Local,0
1707609600,2024-02-11 03:00:00,2024-02-11,03:00:00,3949,0,0,0,1,0,228.3,228.3,150.0,0.1,February,Sunday,3,Local,0
1707610500,2024-02-11 03:15:00,2024-02-11,03:15:00,3950,0,0,0,1,0,230.9,230.6,150.0,0.1,February,Sunday,3,Local,0
1707611400,2024-02-11 03:30:00,2024-02-11,03:30:00,3951,0,0,0,1,0,231.8,233.9,150.0,0.1,February,Sunday,3,Local,0
1707612300,2024-02-11 03:45:00,2024-02-11,03:45:00,3952,0,0,0,0,0,231.4,229.8,0.0,0.1,February,Sunday,3,Local,0
1707613200,2024-02-11 04:00:00,2024-02-11,04:00:00,3953,0,0,0,1,0,230.7,231.8,150.0,0.1,February,Sunday,4,Local,0
1707614100,2024-02-11 04:15:00,2024-02-11,04:15:00,3954,0,0,0,1,0,230.4,226.8,1650.0,0.4488,February,Sunday,4,Local,0
1707615000,2024-02-11 04:30:00,2024-02-11,04:30:00,3955,0,0,0,1,0,229.1,230.0,150.0,0.1,February,Sunday,4,Local,0
1707615900,2024-02-11 04:45:00,2024-02-11,04:45:00,3956,0,0,0,0,0,230.7,231.0,0.0,0.1,February,Sunday,4,Local,0
1707616800,2024-02-11 05:00:00,2024-02-11,05:00:00,3957,0,0,0,0,0,228.6,227.8,0.0,0.1,February,Sunday,5,Local,0
1707617700,2024-02-11 05:15:00,2024-02-11,05:15:00,3958,0,0,0,1,0,232.8,233.7,150.0,0.1,February,Sunday,5,Local,0
1707618600,2024-02-11 05:30:00,2024-02-11,05:30:00,3959,0,0,0,1,0,229.7,228.5,150.0,0.1,February,Sunday,5,Local,0
1707619500,2024-02-11 05:45:00,2024-02-11,05:45:00,3960,0,0,0,0,0,231.5,230.5,0.0,0.1,February,Sunday,5,Local,0
1707620400,2024-02-11 06:00:00,2024-02-11,06:00:00,3961,0,0,0,1,0,227.3,228.6,150.0,0.1,February,Sunday,6,Local,0
1707621300,2024-02-11 06:15:00,2024-02-11,06:15:00,3962,0,0,0,0,1,229.4,227.4,1200.0,0.337,February,Sunday,6,Local,0
1707622200,2024-02-11 06:30:00,2024-02-11,06:30:00,3963,0,0,0,1,0,229.2,230.4,150.0,0.1,February,Sunday,6,Local,0
1707623100,2024-02-11 06:45:00,2024-02-11,06:45:00,3964,0,0,0,0,0,228.5,227.8,0.0,0.1,February,Sunday,6,Local,0
1707624000,2024-02-11 07:00:00,2024-02-11,07:00:00,3965,0,0,0,1,0,230.9,229.8,150.0,0.1,February,Sunday,7,Local,0
1707624900,2024-02-11 07:15:00,2024-02-11,07:15:00,3966,0,0,0,1,0,231.7,230.5,150.0,0.1,February,Sunday,7,Local,0
1707625800,2024-02-11 07:30:00,2024-02-11,07:30:00,3967,0,0,0,1,0,228.0,231.7,150.0,0.1,February,Sunday,7,Local,0
1707626700,2024-02-11 07:45:00,2024-02-11,07:45:00,3968,0,0,0,1,0,226.3,226.9,150.0,0.1,February,Sunday,7,Local,0
1707627600,2024-02-11 08:00:00,2024-02-11,08:00:00,3969,0,0,0,1,0,228.6,226.7,1150.0,0.2765,February,Sunday,8,Local,0
1707628500,2024-02-11 08:15:00,2024-02-11,08:15:00,3970,0,0,1,1,0,233.5,236.3,3150.0,0.8501,February,Sunday,8,Local,0
1707629400,2024-02-11 08:30:00,2024-02-11,08:30:00,3971,0,0,0,1,0,227.1,226.9,150.0,0.1,February,Sunday,8,Local,0
1707630300,2024-02-11 08:45:00,2024-02-11,08:45:00,3972,0,0,0,0,1,231.7,229.0,1200.0,0.3233,February,Sunday,8,Local,0
1707631200,2024-02-11 09:00:00,2024-02-11,09:00:00,3973,0,0,0,1,0,231.4,227.8,150.0,0.1,February,Sunday,9,Local,0
1707632100,2024-02-11 09:15:00,2024-02-11,09:15:00,3974,1,0,0,1,0,225.1,221.8,300.0,0.1,February,Sunday,9,Local,0
1707633000,2024-02-11 09:30:00,2024-02-11,09:30:00,3975,0,0,0,1,0,229.8,227.9,150.0,0.1,February,Sunday,9,Local,0
1707633900,2024-02-11 09:45:00,2024-02-11,09:45:00,3976,0,0,0,1,0,231.1,227.4,150.0,0.1,February,Sunday,9,Local,0
1707634800,2024-02-11 10:00:00,2024-02-11,10:00:00,3977,0,0,0,0,0,229.7,228.5,0.0,0.1,February,Sunday,10,Local,0
1707635700,2024-02-11 10:15:00,2024-02-11,10:15:00,3978,0,0,0,1,0,230.1,233.0,150.0,0.1,February,Sunday,10,Local,0
1707636600,2024-02-11 10:30:00,2024-02-11,10:30:00,3979,0,0,0,1,0,225.6,223.8,150.0,0.1,February,Sunday,10,Local,0
1707637500,2024-02-11 10:45:00,2024-02-11,10:45:00,3980,0,0,0,0,0,228.8,231.0,0.0,0.1,February,Sunday,10,Local,0
1707638400,2024-02-11 11:00:00,2024-02-11,11:00:00,3981,0,0,0,0,0,228.1,225.6,0.0,0.1,February,Sunday,11,Local,0
1707639300,2024-02-11 11:15:00,2024-02-11,11:15:00,3982,0,0,0,1,0,228.4,227.4,150.0,0.1,February,Sunday,11,Local,0
1707640200,2024-02-11 11:30:00,2024-02-11,11:30:00,3983,1,0,0,1,0,234.3,230.6,300.0,0.1,February,Sunday,11,Local,0
1707641100,2024-02-11 11:45:00,2024-02-11,11:45:00,3984,0,0,0,0,0,232.7,232.7,500.0,0.1567,February,Sunday,11,Local,0
1707642000,2024-02-11 12:00:00,2024-02-11,12:00:00,3985,0,0,0,1,0,230.9,232.3,150.0,0.1,February,Sunday,12,Local,0
1707642900,2024-02-11 12:15:00,2024-02-11,12:15:00,3986,0,0,1,1,0,230.6,229.3,3150.0,0.8947,February,Sunday,12,Local,0
1707643800,2024-02-11 12:30:00,2024-02-11,12:30:00,3987,0,0,0,0,0,229.3,228.2,0.0,0.1,February,Sunday,12,Local,0
1707644700,2024-02-11 12:45:00,2024-02-11,12:45:00,3988,1,0,0,1,1,232.1,234.4,1500.0,0.3769,February,Sunday,12,Local,0
1707645600,2024-02-11 13:00:00,2024-02-11,13:00:00,3989,0,0,1,1,0,227.4,229.0,3150.0,0.8251,February,Sunday,13,Local,0
1707646500,2024-02-11 13:15:00,2024-02-11,13:15:00,3990,0,0,0,1,0,234.7,237.1,150.0,0.1,February,Sunday,13,Local,0
1707647400,2024-02-11 13:30:00,2024-02-11,13:30:00,3991,0,0,0,1,1,227.0,227.5,1350.0,0.4076,February,Sunday,13,Local,0
1707648300,2024-02-11 13:45:00,2024-02-11,13:45:00,3992,0,0,0,0,1,231.2,230.2,1200.0,0.3406,February,Sunday,13,Local,0
1707649200,2024-02-11 14:00:00,2024-02-11,14:00:00,3993,0,0,1,1,0,229.8,229.5,3150.0,0.7546,February,Sunday,14,Local,0
1707650100,2024-02-11 14:15:00,2024-02-11,14:15:00,3994,0,0,0,1,0,225.0,223.5,150.0,0.1,February,Sunday,14,Local,0
1707651000,2024-02-11 14:30:00,2024-02-11,14:30:00,3995,0,0,0,1,0,229.0,228.5,150.0,0.1,February,Sunday,14,Local,0
1707651900,2024-02-11 14:45:00,2024-02-11,14:45:00,3996,0,0,0,0,0,233.8,234.9,0.0,0.1,February,Sunday,14,Local,0
1707652800,2024-02-11 15:00:00,2024-02-11,15:00:00,3997,0,0,1,1,0,223.3,223.9,3150.0,0.7349,February,Sunday,15,Local,0
1707653700,2024-02-11 15:15:00,2024-02-11,15:15:00,3998,0,0,0,1,0,227.2,226.9,150.0,0.1,February,Sunday,15,Local,0
1707654600,2024-02-11 15:30:00,2024-02-11,15:30:00,3999,0,0,0,1,0,228.2,227.5,150.0,0.1,February,Sunday,15,Local,0
1707655500,2024-02-11 15:45:00,2024-02-11,15:45:00,4000,0,0,0,0,0,227.7,229.8,0.0,0.1,February,Sunday,15,Local,0
1707656400,2024-02-11 16:00:00,2024-02-11,16:00:00,4001,0,0,0,1,0,230.9,230.0,150.0,0.1,February,Sunday,16,Local,0
1707657300,2024-02-11 16:15:00,2024-02-11,16:15:00,4002,0,1,0,1,0,227.5,226.2,2650.0,0.6938,February,Sunday,16,Local,0
1707658200,2024-02-11 16:30:00,2024-02-11,16:30:00,4003,0,0,0,1,0,231.9,230.3,150.0,0.1,February,Sunday,16,Local,0
1707659100,2024-02-11 16:45:00,2024-02-11,16:45:00,4004,1,0,0,0,0,228.4,227.5,150.0,0.1,February,Sunday,16,Local,0
1707660000,2024-02-11 17:00:00,2024-02-11,17:00:00,4005,0,0,1,1,0,225.5,229.6,3150.0,0.9672,February,Sunday,17,Local,0
1707660900,2024-02-11 17:15:00,2024-02-11,17:15:00,4006,1,1,0,1,0,229.2,232.0,2800.0,0.8184,February,Sunday,17,Local,0
1707661800,2024-02-11 17:30:00,2024-02-11,17:30:00,4007,0,0,1,1,0,232.7,234.1,3150.0,0.9191,February,Sunday,17,Local,0
1707662700,2024-02-11 17:45:00,2024-02-11,17:45:00,4008,0,0,0,1,0,225.9,225.4,150.0,0.1,February,Sunday,17,Local,0
1707663600,2024-02-11 18:00:00,2024-02-11,18:00:00,4009,1,1,0,1,0,230.0,232.5,3300.0,0.8237,February,Sunday,18,Local,0
1707664500,2024-02-11 18:15:00,2024-02-11,18:15:00,4010,1,0,1,1,0,229.1,229.3,3300.0,1.2105,February,Sunday,18,Local,0
1707665400,2024-02-11 18:30:00,2024-02-11,18:30:00,4011,1,0,0,1,0,224.5,224.7,300.0,0.1,February,Sunday,18,Local,0
1707666300,2024-02-11 18:45:00,2024-02-11,18:45:00,4012,1,0,1,0,0,228.2,230.5,3150.0,0.9425,February,Sunday,18,Local,0
1707667200,2024-02-11 19:00:00,2024-02-11,19:00:00,4013,1,0,1,1,0,231.3,232.5,3300.0,0.9876,February,Sunday,19,Local,0
1707668100,2024-02-11 19:15:00,2024-02-11,19:15:00,4014,1,0,1,1,0,230.7,227.1,3300.0,1.0342,February,Sunday,19,Local,0
1707669000,2024-02-11 19:30:00,2024-02-11,19:30:00,4015,1,0,0,1,0,231.8,228.5,300.0,0.1,February,Sunday,19,Local,0
1707669900,2024-02-11 19:45:00,2024-02-11,19:45:00,4016,1,0,1,0,1,231.9,234.2,4350.0,1.2988,February,Sunday,19,Local,0
1707670800,2024-02-11 20:00:00,2024-02-11,20:00:00,4017,1,0,1,1,0,231.0,228.9,3300.0,1.0404,February,Sunday,20,Local,0
1707671700,2024-02-11 20:15:00,2024-02-11,20:15:00,4018,1,0,0,1,0,232.7,233.8,300.0,0.1,February,Sunday,20,Local,0
1707672600,2024-02-11 20:30:00,2024-02-11,20:30:00,4019,1,0,0,1,0,231.4,229.3,300.0,0.1,February,Sunday,20,Local,0
1707673500,2024-02-11 20:45:00,2024-02-11,20:45:00,4020,1,0,0,0,1,225.1,223.4,1350.0,0.3358,February,Sunday,20,Local,0
1707674400,2024-02-11 21:00:00,2024-02-11,21:00:00,4021,1,0,0,0,0,229.2,228.0,150.0,0.1,February,Sunday,21,Local,0
1707675300,2024-02-11 21:15:00,2024-02-11,21:15:00,4022,1,0,0,1,0,227.5,225.8,300.0,0.1,February,Sunday,21,Local,0
1707676200,2024-02-11 21:30:00,2024-02-11,21:30:00,4023,1,0,0,1,0,233.6,232.0,300.0,0.1,February,Sunday,21,Local,0
1707677100,2024-02-11 21:45:00,2024-02-11,21:45:00,4024,1,1,1,0,0,229.4,229.0,5650.0,1.3931,February,Sunday,21,Local,0
1707678000,2024-02-11 22:00:00,2024-02-11,22:00:00,4025,0,0,0,1,0,238.5,236.3,150.0,0.1,February,Sunday,22,Local,0
1707678900,2024-02-11 22:15:00,2024-02-11,22:15:00,4026,1,0,0,1,0,224.7,223.5,300.0,0.1,February,Sunday,22,Local,0
1707679800,2024-02-11 22:30:00,2024-02-11,22:30:00,4027,1,0,0,1,0,228.5,229.7,300.0,0.1,February,Sunday,22,Local,0
1707680700,2024-02-11 22:45:00,2024-02-11,22:45:00,4028,0,0,0,0,0,232.6,231.9,0.0,0.1,February,Sunday,22,Local,0
1707681600,2024-02-11 23:00:00,2024-02-11,23:00:00,4029,0,0,0,0,0,229.2,229.4,0.0,0.1,February,Sunday,23,Local,0
1707682500,2024-02-11 23:15:00,2024-02-11,23:15:00,4030,1,0,0,1,0,230.5,229.6,300.0,0.1,February,Sunday,23,Local,0
1707683400,2024-02-11 23:30:00,2024-02-11,23:30:00,4031,0,0,0,1,0,235.0,236.4,150.0,0.1,February,Sunday,23,Local,0
1707684300,2024-02-11 23:45:00,2024-02-11,23:45:00,4032,1,0,0,0,0,227.0,230.1,150.0,0.1,February,Sunday,23,Local,0
1707685200,2024-02-12 00:00:00,2024-02-12,00:00:00,4033,0,0,0,1,0,229.8,230.8,1150.0,0.3459,February,Monday,0,Local,0
1707686100,2024-02-12 00:15:00,2024-02-12,00:15:00,4034,0,0,0,0,0,232.0,231.7,0.0,0.1,February,Monday,0,Local,0
1707687000,2024-02-12 00:30:00,2024-02-12,00:30:00,4035,0,0,0,1,0,224.9,223.0,150.0,0.1,February,Monday,0,Local,0
1707687900,2024-02-12 00:45:00,2024-02-12,00:45:00,4036,0,0,0,0,0,231.8,232.7,0.0,0.1,February,Monday,0,Local,0
1707688800,2024-02-12 01:00:00,2024-02-12,01:00:00,4037,0,0,0,1,0,238.2,237.5,150.0,0.1,February,Monday,1,Local,0
1707689700,2024-02-12 01:15:00,2024-02-12,01:15:00,4038,0,0,0,1,0,229.5,228.4,150.0,0.1,February,Monday,1,Local,0
1707690600,2024-02-12 01:30:00,2024-02-12,01:30:00,4039,0,0,0,1,0,234.0,235.5,150.0,0.1,February,Monday,1,Local,0
1707691500,2024-02-12 01:45:00,2024-02-12,01:45:00,4040,0,0,0,0,0,228.0,227.7,0.0,0.1,February,Monday,1,Local,0
1707692400,2024-02-12 02:00:00,2024-02-12,02:00:00,4041,0,0,0,1,0,232.4,232.5,150.0,0.1,February,Monday,2,Local,0
1707693300,2024-02-12 02:15:00,2024-02-12,02:15:00,4042,0,0,0,0,0,234.2,235.2,0.0,0.1,February,Monday,2,Local,0
1707694200,2024-02-12 02:30:00,2024-02-12,02:30:00,4043,0,0,0,1,0,232.4,228.7,150.0,0.1,February,Monday,2,Local,0
1707695100,2024-02-12 02:45:00,2024-02-12,02:45:00,4044,0,0,0,0,0,234.6,234.3,0.0,0.1,February,Monday,2,Local,0
1707696000,2024-02-12 03:00:00,2024-02-12,03:00:00,4045,0,0,0,1,0,230.7,226.8,150.0,0.1,February,Monday,3,Local,0
1707696900,2024-02-12 03:15:00,2024-02-12,03:15:00,4046,0,0,0,1,0,233.8,232.0,150.0,0.1,February,Monday,3,Local,0
1707697800,2024-02-12 03:30:00,2024-02-12,03:30:00,4047,0,0,0,1,0,231.5,231.3,150.0,0.1,February,Monday,3,Local,0
1707698700,2024-02-12 03:45:00,2024-02-12,03:45:00,4048,0,0,0,1,0,235.7,235.3,150.0,0.1,February,Monday,3,Local,0
1707699600,2024-02-12 04:00:00,2024-02-12,04:00:00,4049,0,0,0,1,0,227.0,228.0,150.0,0.1,February,Monday,4,Local,0
1707700500,2024-02-12 04:15:00,2024-02-12,04:15:00,4050,0,0,0,0,0,233.7,234.1,0.0,0.1,February,Monday,4,Local,0
1707701400,2024-02-12 04:30:00,2024-02-12,04:30:00,4051,0,0,0,1,0,232.5,233.8,150.0,0.1,February,Monday,4,Local,0
1707702300,2024-02-12 04:45:00,2024-02-12,04:45:00,4052,0,0,0,0,0,232.2,230.0,0.0,0.1,February,Monday,4,Local,0
1707703200,2024-02-12 05:00:00,2024-02-12,05:00:00,4053,0,0,0,0,0,228.8,224.9,0.0,0.1,February,Monday,5,Local,0
1707704100,2024-02-12 05:15:00,2024-02-12,05:15:00,4054,0,0,0,1,0,224.9,223.9,150.0,0.1,February,Monday,5,Local,0
1707705000,2024-02-12 05:30:00,2024-02-12,05:30:00,4055,1,0,0,1,0,236.9,237.0,300.0,0.1,February,Monday,5,Local,0
1707705900,2024-02-12 05:45:00,2024-02-12,05:45:00,4056,0,0,0,0,0,230.5,228.7,0.0,0.1,February,Monday,5,Local,0
1707706800,2024-02-12 06:00:00,2024-02-12,06:00:00,4057,0,0,0,1,0,230.7,234.5,150.0,0.1,February,Monday,6,Local,0
1707707700,2024-02-12 06:15:00,2024-02-12,06:15:00,4058,0,0,0,1,0,229.9,231.5,150.0,0.1,February,Monday,6,Local,0
1707708600,2024-02-12 06:30:00,2024-02-12,06:30:00,4059,0,0,0,1,0,221.4,222.5,150.0,0.1,February,Monday,6,Local,0
1707709500,2024-02-12 06:45:00,2024-02-12,06:45:00,4060,0,0,0,0,0,230.7,229.1,0.0,0.1,February,Monday,6,Local,0
1707710400,2024-02-12 07:00:00,2024-02-12,07:00:00,4061,1,0,0,1,0,230.7,234.1,300.0,0.1,February,Monday,7,Local,0
1707711300,2024-02-12 07:15:00,2024-02-12,07:15:00,4062,0,0,0,1,0,232.9,231.9,150.0,0.1,February,Monday,7,Local,0
1707712200,2024-02-12 07:30:00,2024-02-12,07:30:00,4063,0,0,0,0,0,230.4,230.5,0.0,0.1,February,Monday,7,Local,0
1707713100,2024-02-12 07:45:00,2024-02-12,07:45:00,4064,0,0,0,0,0,235.5,237.7,0.0,0.1,February,Monday,7,Local,0
1707714000,2024-02-12 08:00:00,2024-02-12,08:00:00,4065,0,0,0,1,0,231.7,231.4,150.0,0.1,February,Monday,8,Local,0
1707714900,2024-02-12 08:15:00,2024-02-12,08:15:00,4066,0,0,0,1,0,228.4,232.1,150.0,0.1,February,Monday,8,Local,0
1707715800,2024-02-12 08:30:00,2024-02-12,08:30:00,4067,1,0,0,1,0,231.3,230.2,300.0,0.1,February,Monday,8,Local,0
1707716700,2024-02-12 08:45:00,2024-02-12,08:45:00,4068,0,0,0,0,0,231.9,231.9,0.0,0.1,February,Monday,8,Local,0
1707717600,2024-02-12 09:00:00,2024-02-12,09:00:00,4069,0,0,0,1,0,231.8,232.8,150.0,0.1,February,Monday,9,Local,0
1707718500,2024-02-12 09:15:00,2024-02-12,09:15:00,4070,0,1,0,1,0,234.4,232.6,2650.0,0.6594,February,Monday,9,Local,0
1707719400,2024-02-12 09:30:00,2024-02-12,09:30:00,4071,0,0,0,1,0,232.1,233.8,150.0,0.1,February,Monday,9,Local,0
1707720300,2024-02-12 09:45:00,2024-02-12,09:45:00,4072,1,0,0,0,0,233.7,230.6,150.0,0.1,February,Monday,9,Local,0
1707721200,2024-02-12 10:00:00,2024-02-12,10:00:00,4073,0,0,0,1,0,224.1,223.5,150.0,0.1,February,Monday,10,Local,0
1707722100,2024-02-12 10:15:00,2024-02-12,10:15:00,4074,0,0,0,1,0,232.0,228.7,150.0,0.1,February,Monday,10,Local,0
1707723000,2024-02-12 10:30:00,2024-02-12,10:30:00,4075,0,0,0,1,0,228.4,233.0,150.0,0.1,February,Monday,10,Local,0
1707723900,2024-02-12 10:45:00,2024-02-12,10:45:00,4076,0,1,0,0,0,223.8,225.3,2500.0,0.726,February,Monday,10,Local,0
1707724800,2024-02-12 11:00:00,2024-02-12,11:00:00,4077,0,0,0,1,0,229.6,229.0,150.0,0.1,February,Monday,11,Local,0
1707725700,2024-02-12 11:15:00,2024-02-12,11:15:00,4078,0,0,0,1,0,228.1,227.4,150.0,0.1,February,Monday,11,Local,0
1707726600,2024-02-12 11:30:00,2024-02-12,11:30:00,4079,0,0,0,1,0,227.6,224.5,150.0,0.1,February,Monday,11,Local,0
1707727500,2024-02-12 11:45:00,2024-02-12,11:45:00,4080,1,0,0,0,0,231.0,232.1,150.0,0.1,February,Monday,11,Local,0
1707728400,2024-02-12 12:00:00,2024-02-12,12:00:00,4081,0,0,0,1,0,231.4,233.0,150.0,0.1,February,Monday,12,Local,0
1707729300,2024-02-12 12:15:00,2024-02-12,12:15:00,4082,0,0,0,1,0,227.2,222.7,150.0,0.1,February,Monday,12,Local,0
1707730200,2024-02-12 12:30:00,2024-02-12,12:30:00,4083,0,0,0,1,0,231.2,230.9,150.0,0.1,February,Monday,12,Local,0
1707731100,2024-02-12 12:45:00,2024-02-12,12:45:00,4084,0,0,1,0,0,232.4,234.1,3000.0,0.8279,February,Monday,12,Local,0
1707732000,2024-02-12 13:00:00,2024-02-12,13:00:00,4085,1,0,0,1,0,225.1,222.4,300.0,0.1,February,Monday,13,Local,0
1707732900,2024-02-12 13:15:00,2024-02-12,13:15:00,4086,0,0,0,1,1,224.8,227.9,1350.0,0.4277,February,Monday,13,Local,0
1707733800,2024-02-12 13:30:00,2024-02-12,13:30:00,4087,0,0,0,1,0,233.7,232.7,150.0,0.1,February,Monday,13,Local,0
1707734700,2024-02-12 13:45:00,2024-02-12,13:45:00,4088,1,0,0,1,0,228.7,227.7,300.0,0.1,February,Monday,13,Local,0
1707735600,2024-02-12 14:00:00,2024-02-12,14:00:00,4089,0,0,0,0,0,230.6,234.6,0.0,0.1,February,Monday,14,Local,0
1707736500,2024-02-12 14:15:00,2024-02-12,14:15:00,4090,0,0,0,1,0,230.7,231.4,150.0,0.1,February,Monday,14,Local,0
1707737400,2024-02-12 14:30:00,2024-02-12,14:30:00,4091,0,1,0,1,0,227.9,228.4,2650.0,0.7774,February,Monday,14,Local,0
1707738300,2024-02-12 14:45:00,2024-02-12,14:45:00,4092,0,1,0,0,0,231.0,230.2,2500.0,0.6525,February,Monday,14,Local,0
1707739200,2024-02-12 15:00:00,2024-02-12,15:00:00,4093,1,0,1,1,0,231.0,230.1,3300.0,0.7784,February,Monday,15,Local,0
1707740100,2024-02-12 15:15:00,2024-02-12,15:15:00,4094,0,1,0,1,0,231.7,232.6,2650.0,0.6956,February,Monday,15,Local,0
1707741000,2024-02-12 15:30:00,2024-02-12,15:30:00,4095,0,1,0,1,0,227.3,226.3,2650.0,0.7407,February,Monday,15,Local,0
1707741900,2024-02-12 15:45:00,2024-02-12,15:45:00,4096,0,0,0,0,0,229.7,229.0,0.0,0.1,February,Monday,15,Local,0
1707742800,2024-02-12 16:00:00,2024-02-12,16:00:00,4097,0,0,1,0,0,232.0,229.1,3000.0,0.7652,February,Monday,16,Local,0
1707743700,2024-02-12 16:15:00,2024-02-12,16:15:00,4098,0,0,0,1,0,233.5,236.9,150.0,0.1,February,Monday,16,Local,0
1707744600,2024-02-12 16:30:00,2024-02-12,16:30:00,4099,0,0,0,1,0,227.4,226.6,150.0,0.1,February,Monday,16,Local,0
1707745500,2024-02-12 16:45:00,2024-02-12,16:45:00,4100,0,0,0,0,0,232.1,231.1,0.0,0.1,February,Monday,16,Local,0
1707746400,2024-02-12 17:00:00,2024-02-12,17:00:00,4101,0,0,1,1,0,226.0,225.7,3150.0,0.6551,February,Monday,17,Local,0
1707747300,2024-02-12 17:15:00,2024-02-12,17:15:00,4102,0,0,1,1,1,232.9,234.9,4350.0,1.294,February,Monday,17,Local,0
1707748200,2024-02-12 17:30:00,2024-02-12,17:30:00,4103,1,1,0,1,0,225.1,226.5,2800.0,2.2202,February,Monday,17,Local,1
1707749100,2024-02-12 17:45:00,2024-02-12,17:45:00,4104,0,0,0,0,0,231.2,233.2,0.0,0.1,February,Monday,17,Local,0
1707750000,2024-02-12 18:00:00,2024-02-12,18:00:00,4105,1,0,0,1,1,228.7,225.6,1500.0,0.3671,February,Monday,18,Local,0
1707750900,2024-02-12 18:15:00,2024-02-12,18:15:00,4106,0,0,1,1,0,228.8,226.3,3150.0,0.6115,February,Monday,18,Local,0
1707751800,2024-02-12 18:30:00,2024-02-12,18:30:00,4107,1,0,1,1,1,226.8,228.3,4500.0,1.5506,February,Monday,18,Local,0
1707752700,2024-02-12 18:45:00,2024-02-12,18:45:00,4108,1,0,0,0,0,233.4,233.9,150.0,0.1,February,Monday,18,Local,0
1707753600,2024-02-12 19:00:00,2024-02-12,19:00:00,4109,1,1,1,1,0,228.4,228.2,7800.0,2.3726,February,Monday,19,Local,0
1707754500,2024-02-12 19:15:00,2024-02-12,19:15:00,4110,1,0,0,1,0,224.2,227.4,300.0,0.1,February,Monday,19,Local,0
1707755400,2024-02-12 19:30:00,2024-02-12,19:30:00,4111,1,0,0,1,1,229.9,230.3,1500.0,0.4526,February,Monday,19,Local,0
1707756300,2024-02-12 19:45:00,2024-02-12,19:45:00,4112,1,0,0,0,1,233.9,236.8,3350.0,0.9343,February,Monday,19,Local,0
1707757200,2024-02-12 20:00:00,2024-02-12,20:00:00,4113,0,1,0,0,0,230.2,226.4,2500.0,0.6394,February,Monday,20,Local,0
1707758100,2024-02-12 20:15:00,2024-02-12,20:15:00,4114,1,0,0,1,0,230.7,231.5,300.0,0.1,February,Monday,20,Local,0
1707759000,2024-02-12 20:30:00,2024-02-12,20:30:00,4115,1,0,0,1,0,227.6,229.4,300.0,0.1,February,Monday,20,Local,0
1707759900,2024-02-12 20:45:00,2024-02-12,20:45:00,4116,0,0,1,0,0,230.7,232.9,3000.0,0.8331,February,Monday,20,Local,0
1707760800,2024-02-12 21:00:00,2024-02-12,21:00:00,4117,1,0,0,1,0,238.2,240.9,300.0,0.1,February,Monday,21,Local,0
1707761700,2024-02-12 21:15:00,2024-02-12,21:15:00,4118,1,0,0,0,0,231.6,233.6,150.0,0.1,February,Monday,21,Local,0
1707762600,2024-02-12 21:30:00,2024-02-12,21:30:00,4119,1,0,0,1,1,227.4,225.4,1500.0,0.3997,February,Monday,21,Local,0
1707763500,2024-02-12 21:45:00,2024-02-12,21:45:00,4120,1,0,0,0,0,224.6,223.2,150.0,0.1,February,Monday,21,Local,0
1707764400,2024-02-12 22:00:00,2024-02-12,22:00:00,4121,1,0,0,1,0,227.6,225.7,300.0,0.1,February,Monday,22,Local,0
1707765300,2024-02-12 22:15:00,2024-02-12,22:15:00,4122,1,0,0,1,0,233.0,234.6,300.0,0.1,February,Monday,22,Local,0
1707766200,2024-02-12 22:30:00,2024-02-12,22:30:00,4123,1,0,0,1,0,234.4,237.5,300.0,0.1,February,Monday,22,Local,0
1707767100,2024-02-12 22:45:00,2024-02-12,22:45:00,4124,0,0,0,0,0,231.4,230.7,0.0,0.1,February,Monday,22,Local,0
1707768000,2024-02-12 23:00:00,2024-02-12,23:00:00,4125,1,0,0,1,0,230.1,227.8,300.0,0.1,February,Monday,23,Local,0
1707768900,2024-02-12 23:15:00,2024-02-12,23:15:00,4126,1,0,0,1,0,228.4,229.7,300.0,0.1,February,Monday,23,Local,0
1707769800,2024-02-12 23:30:00,2024-02-12,23:30:00,4127,0,0,0,1,0,232.1,233.1,150.0,0.1,February,Monday,23,Local,0
1707770700,2024-02-12 23:45:00,2024-02-12,23:45:00,4128,0,0,0,0,0,232.9,232.7,0.0,0.1,February,Monday,23,Local,0
1707771600,2024-02-13 00:00:00,2024-02-13,00:00:00,4129,0,0,0,0,0,228.2,229.4,1000.0,0.267,February,Tuesday,0,Local,0
1707772500,2024-02-13 00:15:00,2024-02-13,00:15:00,4130,0,0,0,1,0,229.3,226.7,150.0,0.1,February,Tuesday,0,Local,0
1707773400,2024-02-13 00:30:00,2024-02-13,00:30:00,4131,0,0,0,1,0,229.6,228.2,150.0,0.1,February,Tuesday,0,Local,0
1707774300,2024-02-13 00:45:00,2024-02-13,00:45:00,4132,0,0,0,0,0,223.6,225.9,0.0,0.1,February,Tuesday,0,Local,0
1707775200,2024-02-13 01:00:00,2024-02-13,01:00:00,4133,0,0,0,1,0,234.4,236.6,150.0,0.1,February,Tuesday,1,Local,0
1707776100,2024-02-13 01:15:00,2024-02-13,01:15:00,4134,0,0,0,0,0,229.3,228.9,0.0,0.1,February,Tuesday,1,Local,0
1707777000,2024-02-13 01:30:00,2024-02-13,01:30:00,4135,0,0,0,0,0,225.8,225.4,0.0,0.1,February,Tuesday,1,Local,0
1707777900,2024-02-13 01:45:00,2024-02-13,01:45:00,4136,0,0,0,0,0,231.5,234.0,0.0,0.1,February,Tuesday,1,Local,0
1707778800,2024-02-13 02:00:00,2024-02-13,02:00:00,4137,0,0,0,1,0,231.3,231.9,150.0,0.1,February,Tuesday,2,Local,0
1707779700,2024-02-13 02:15:00,2024-02-13,02:15:00,4138,0,0,0,1,0,231.0,229.9,150.0,0.1,February,Tuesday,2,Local,0
1707780600,2024-02-13 02:30:00,2024-02-13,02:30:00,4139,0,0,0,1,0,228.7,229.4,150.0,0.1,February,Tuesday,2,Local,0
1707781500,2024-02-13 02:45:00,2024-02-13,02:45:00,4140,0,0,0,0,0,224.5,223.7,0.0,0.1,February,Tuesday,2,Local,0
1707782400,2024-02-13 03:00:00,2024-02-13,03:00:00,4141,0,0,0,1,0,227.2,224.3,150.0,0.1,February,Tuesday,3,Local,0
1707783300,2024-02-13 03:15:00,2024-02-13,03:15:00,4142,0,0,0,1,0,233.4,236.1,150.0,0.1,February,Tuesday,3,Local,0
1707784200,2024-02-13 03:30:00,2024-02-13,03:30:00,4143,0,0,0,1,0,230.7,232.5,150.0,0.1,February,Tuesday,3,Local,0
1707785100,2024-02-13 03:45:00,2024-02-13,03:45:00,4144,0,0,0,1,0,236.3,237.4,150.0,0.1,February,Tuesday,3,Local,0
1707786000,2024-02-13 04:00:00,2024-02-13,04:00:00,4145,0,0,0,1,0,230.4,229.7,150.0,0.1,February,Tuesday,4,Local,0
1707786900,2024-02-13 04:15:00,2024-02-13,04:15:00,4146,0,0,0,0,0,231.2,234.0,0.0,0.1,February,Tuesday,4,Local,0
1707787800,2024-02-13 04:30:00,2024-02-13,04:30:00,4147,0,0,0,1,0,229.6,232.6,150.0,0.1,February,Tuesday,4,Local,0
1707788700,2024-02-13 04:45:00,2024-02-13,04:45:00,4148,0,0,0,0,0,230.3,228.7,0.0,0.1,February,Tuesday,4,Local,0
1707789600,2024-02-13 05:00:00,2024-02-13,05:00:00,4149,0,0,0,1,0,233.6,233.7,150.0,0.2512,February,Tuesday,5,Local,1
1707790500,2024-02-13 05:15:00,2024-02-13,05:15:00,4150,0,0,0,1,0,230.7,229.5,150.0,0.1,February,Tuesday,5,Local,0
1707791400,2024-02-13 05:30:00,2024-02-13,05:30:00,4151,0,0,0,1,0,230.8,234.1,150.0,0.1,February,Tuesday,5,Local,0
1707792300,2024-02-13 05:45:00,2024-02-13,05:45:00,4152,0,0,0,0,0,228.5,228.1,0.0,0.1,February,Tuesday,5,Local,0
1707793200,2024-02-13 06:00:00,2024-02-13,06:00:00,4153,0,0,0,1,0,230.9,229.6,150.0,0.1,February,Tuesday,6,Local,0
1707794100,2024-02-13 06:15:00,2024-02-13,06:15:00,4154,0,0,0,1,0,235.1,234.5,150.0,0.1,February,Tuesday,6,Local,0
1707795000,2024-02-13 06:30:00,2024-02-13,06:30:00,4155,1,0,0,1,0,226.7,226.3,300.0,0.1,February,Tuesday,6,Local,0
1707795900,2024-02-13 06:45:00,2024-02-13,06:45:00,4156,0,0,0,0,0,227.3,228.0,0.0,0.1,February,Tuesday,6,Local,0
1707796800,2024-02-13 07:00:00,2024-02-13,07:00:00,4157,0,0,0,1,0,232.9,235.3,150.0,0.1,February,Tuesday,7,Local,0
1707797700,2024-02-13 07:15:00,2024-02-13,07:15:00,4158,0,0,0,1,0,228.5,230.6,150.0,0.1,February,Tuesday,7,Local,0
1707798600,2024-02-13 07:30:00,2024-02-13,07:30:00,4159,1,0,0,1,0,234.1,235.4,300.0,0.1,February,Tuesday,7,Local,0
1707799500,2024-02-13 07:45:00,2024-02-13,07:45:00,4160,0,0,0,0,0,226.4,224.4,0.0,0.1,February,Tuesday,7,Local,0
1707800400,2024-02-13 08:00:00,2024-02-13,08:00:00,4161,0,0,0,1,0,232.8,232.8,150.0,0.1,February,Tuesday,8,Local,0
1707801300,2024-02-13 08:15:00,2024-02-13,08:15:00,4162,0,0,0,1,1,230.8,231.4,2350.0,0.7459,February,Tuesday,8,Local,0
1707802200,2024-02-13 08:30:00,2024-02-13,08:30:00,4163,1,0,0,1,0,230.6,233.5,300.0,0.1,February,Tuesday,8,Local,0
1707803100,2024-02-13 08:45:00,2024-02-13,08:45:00,4164,0,0,0,0,0,229.5,231.2,0.0,0.1,February,Tuesday,8,Local,0
1707804000,2024-02-13 09:00:00,2024-02-13,09:00:00,4165,0,0,0,1,0,234.4,234.2,150.0,0.1,February,Tuesday,9,Local,0
1707804900,2024-02-13 09:15:00,2024-02-13,09:15:00,4166,0,0,0,1,0,227.8,227.6,150.0,0.1,February,Tuesday,9,Local,0
1707805800,2024-02-13 09:30:00,2024-02-13,09:30:00,4167,0,0,0,0,0,227.6,229.3,0.0,0.1,February,Tuesday,9,Local,0
1707806700,2024-02-13 09:45:00,2024-02-13,09:45:00,4168,0,0,0,0,0,235.4,235.6,0.0,0.1,February,Tuesday,9,Local,0
1707807600,2024-02-13 10:00:00,2024-02-13,10:00:00,4169,0,0,0,1,0,231.6,235.8,150.0,0.1,February,Tuesday,10,Local,0
1707808500,2024-02-13 10:15:00,2024-02-13,10:15:00,4170,0,0,0,1,0,225.5,225.0,150.0,0.1,February,Tuesday,10,Local,0
1707809400,2024-02-13 10:30:00,2024-02-13,10:30:00,4171,0,0,0,1,0,230.5,229.6,150.0,0.1,February,Tuesday,10,Local,0
1707810300,2024-02-13 10:45:00,2024-02-13,10:45:00,4172,0,0,0,0,0,227.2,224.9,0.0,0.1,February,Tuesday,10,Local,0
1707811200,2024-02-13 11:00:00,2024-02-13,11:00:00,4173,0,0,0,1,0,229.9,231.1,150.0,0.1,February,Tuesday,11,Local,0
1707812100,2024-02-13 11:15:00,2024-02-13,11:15:00,4174,0,0,0,1,0,231.5,233.9,150.0,0.1,February,Tuesday,11,Local,0
1707813000,2024-02-13 11:30:00,2024-02-13,11:30:00,4175,1,0,0,1,0,229.8,228.4,300.0,0.1,February,Tuesday,11,Local,0
1707813900,2024-02-13 11:45:00,2024-02-13,11:45:00,4176,0,0,0,0,0,231.6,231.9,0.0,0.1,February,Tuesday,11,Local,0
1707814800,2024-02-13 12:00:00,2024-02-13,12:00:00,4177,0,0,0,1,1,235.0,234.2,1350.0,0.3795,February,Tuesday,12,Local,0
1707815700,2024-02-13 12:15:00,2024-02-13,12:15:00,4178,0,1,0,1,0,235.5,235.7,2650.0,0.7511,February,Tuesday,12,Local,0
1707816600,2024-02-13 12:30:00,2024-02-13,12:30:00,4179,0,0,0,1,0,230.6,231.0,150.0,0.1,February,Tuesday,12,Local,0
1707817500,2024-02-13 12:45:00,2024-02-13,12:45:00,4180,0,0,0,0,1,227.8,227.7,1200.0,0.3065,February,Tuesday,12,Local,0
1707818400,2024-02-13 13:00:00,2024-02-13,13:00:00,4181,0,0,0,0,0,226.7,225.5,0.0,0.1,February,Tuesday,13,Local,0
1707819300,2024-02-13 13:15:00,2024-02-13,13:15:00,4182,0,0,0,1,0,232.6,232.9,150.0,0.1,February,Tuesday,13,Local,0
1707820200,2024-02-13 13:30:00,2024-02-13,13:30:00,4183,1,0,0,1,0,226.4,225.5,300.0,0.1,February,Tuesday,13,Local,0
1707821100,2024-02-13 13:45:00,2024-02-13,13:45:00,4184,0,0,0,0,1,231.0,231.1,1200.0,0.352,February,Tuesday,13,Local,0
1707822000,2024-02-13 14:00:00,2024-02-13,14:00:00,4185,0,0,0,0,0,230.6,230.4,0.0,0.1,February,Tuesday,14,Local,0
1707822900,2024-02-13 14:15:00,2024-02-13,14:15:00,4186,0,0,0,1,0,235.3,234.4,150.0,0.1,February,Tuesday,14,Local,0
1707823800,2024-02-13 14:30:00,2024-02-13,14:30:00,4187,0,1,0,1,0,232.4,235.7,2650.0,0.877,February,Tuesday,14,Local,0
1707824700,2024-02-13 14:45:00,2024-02-13,14:45:00,4188,0,0,0,0,0,230.1,226.1,0.0,0.1,February,Tuesday,14,Local,0
1707825600,2024-02-13 15:00:00,2024-02-13,15:00:00,4189,0,0,0,1,0,226.1,228.6,150.0,0.1,February,Tuesday,15,Local,0
1707826500,2024-02-13 15:15:00,2024-02-13,15:15:00,4190,0,0,0,1,0,227.5,228.1,150.0,0.1,February,Tuesday,15,Local,0
1707827400,2024-02-13 15:30:00,2024-02-13,15:30:00,4191,0,1,0,1,0,232.2,232.4,2650.0,0.8737,February,Tuesday,15,Local,0
1707828300,2024-02-13 15:45:00,2024-02-13,15:45:00,4192,0,0,0,0,0,226.3,224.5,0.0,0.1,February,Tuesday,15,Local,0
1707829200,2024-02-13 16:00:00,2024-02-13,16:00:00,4193,0,0,0,1,0,236.6,237.8,150.0,0.1,February,Tuesday,16,Local,0
1707830100,2024-02-13 16:15:00,2024-02-13,16:15:00,4194,0,0,0,1,0,228.6,229.7,150.0,0.1,February,Tuesday,16,Local,0
1707831000,2024-02-13 16:30:00,2024-02-13,16:30:00,4195,0,0,0,1,0,227.3,228.9,150.0,0.1,February,Tuesday,16,Local,0
1707831900,2024-02-13 16:45:00,2024-02-13,16:45:00,4196,0,0,0,0,0,231.2,231.5,0.0,0.1,February,Tuesday,16,Local,0
1707832800,2024-02-13 17:00:00,2024-02-13,17:00:00,4197,0,0,0,1,0,235.1,236.9,150.0,0.1,February,Tuesday,17,Local,0
1707833700,2024-02-13 17:15:00,2024-02-13,17:15:00,4198,1,1,1,1,0,233.9,232.3,5800.0,1.6626,February,Tuesday,17,Local,0
1707834600,2024-02-13 17:30:00,2024-02-13,17:30:00,4199,0,0,0,1,0,225.1,227.4,150.0,0.1,February,Tuesday,17,Local,0
1707835500,2024-02-13 17:45:00,2024-02-13,17:45:00,4200,1,0,0,0,0,228.5,229.9,150.0,0.1,February,Tuesday,17,Local,0
1707836400,2024-02-13 18:00:00,2024-02-13,18:00:00,4201,1,0,1,1,0,232.8,233.8,3300.0,0.9643,February,Tuesday,18,Local,0
1707837300,2024-02-13 18:15:00,2024-02-13,18:15:00,4202,1,0,0,1,0,225.7,225.7,300.0,0.1,February,Tuesday,18,Local,0
1707838200,2024-02-13 18:30:00,2024-02-13,18:30:00,4203,1,0,0,1,1,229.4,227.1,1500.0,0.4613,February,Tuesday,18,Local,0
1707839100,2024-02-13 18:45:00,2024-02-13,18:45:00,4204,0,0,0,0,0,229.0,226.5,0.0,0.1,February,Tuesday,18,Local,0
1707840000,2024-02-13 19:00:00,2024-02-13,19:00:00,4205,1,0,1,1,0,233.7,232.8,3300.0,0.9218,February,Tuesday,19,Local,0
1707840900,2024-02-13 19:15:00,2024-02-13,19:15:00,4206,1,0,1,1,0,230.4,229.7,3300.0,0.7536,February,Tuesday,19,Local,0
1707841800,2024-02-13 19:30:00,2024-02-13,19:30:00,4207,1,0,0,1,1,230.3,231.1,2300.0,0.7191,February,Tuesday,19,Local,0
1707842700,2024-02-13 19:45:00,2024-02-13,19:45:00,4208,1,0,0,0,1,228.9,228.7,1350.0,0.3587,February,Tuesday,19,Local,0
1707843600,2024-02-13 20:00:00,2024-02-13,20:00:00,4209,1,0,0,1,0,230.0,228.8,300.0,0.1,February,Tuesday,20,Local,0
1707844500,2024-02-13 20:15:00,2024-02-13,20:15:00,4210,1,0,0,0,0,231.1,230.6,150.0,0.1,February,Tuesday,20,Local,0
1707845400,2024-02-13 20:30:00,2024-02-13,20:30:00,4211,1,1,0,1,1,231.5,233.6,4000.0,1.0542,February,Tuesday,20,Local,0
1707846300,2024-02-13 20:45:00,2024-02-13,20:45:00,4212,0,0,0,0,0,233.0,231.0,0.0,0.1,February,Tuesday,20,Local,0
1707847200,2024-02-13 21:00:00,2024-02-13,21:00:00,4213,0,0,0,1,1,226.8,229.1,1350.0,0.36,February,Tuesday,21,Local,0
1707848100,2024-02-13 21:15:00,2024-02-13,21:15:00,4214,1,0,0,1,0,231.4,228.4,300.0,0.1,February,Tuesday,21,Local,0
1707849000,2024-02-13 21:30:00,2024-02-13,21:30:00,4215,1,0,0,1,0,236.4,234.8,300.0,0.1,February,Tuesday,21,Local,0
1707849900,2024-02-13 21:45:00,2024-02-13,21:45:00,4216,1,1,0,0,0,229.5,228.3,3450.0,0.9497,February,Tuesday,21,Local,0
1707850800,2024-02-13 22:00:00,2024-02-13,22:00:00,4217,0,1,0,1,0,230.6,233.2,2650.0,0.7678,February,Tuesday,22,Local,0
1707851700,2024-02-13 22:15:00,2024-02-13,22:15:00,4218,1,0,0,1,1,225.7,228.3,1500.0,0.3421,February,Tuesday,22,Local,0
1707852600,2024-02-13 22:30:00,2024-02-13,22:30:00,4219,1,0,0,1,1,229.3,230.9,1500.0,0.4516,February,Tuesday,22,Local,0
1707853500,2024-02-13 22:45:00,2024-02-13,22:45:00,4220,1,0,0,0,0,230.9,229.4,150.0,0.1,February,Tuesday,22,Local,0
1707854400,2024-02-13 23:00:00,2024-02-13,23:00:00,4221,0,0,0,1,0,228.1,226.4,2150.0,0.58,February,Tuesday,23,Local,0
1707855300,2024-02-13 23:15:00,2024-02-13,23:15:00,4222,0,0,0,0,0,227.8,230.0,0.0,0.1,February,Tuesday,23,Local,0
1707856200,2024-02-13 23:30:00,2024-02-13,23:30:00,4223,0,0,0,1,0,232.3,234.2,150.0,0.1,February,Tuesday,23,Local,0
1707857100,2024-02-13 23:45:00,2024-02-13,23:45:00,4224,1,0,0,0,0,229.4,227.2,150.0,0.1,February,Tuesday,23,Local,0
1707858000,2024-02-14 00:00:00,2024-02-14,00:00:00,4225,0,0,0,1,0,231.5,230.9,150.0,0.1,February,Wednesday,0,Local,0
1707858900,2024-02-14 00:15:00,2024-02-14,00:15:00,4226,0,0,0,1,0,225.5,226.3,150.0,0.1,February,Wednesday,0,Local,0
1707859800,2024-02-14 00:30:00,2024-02-14,00:30:00,4227,0,0,0,1,0,234.2,236.2,950.0,0.2079,February,Wednesday,0,Local,0
1707860700,2024-02-14 00:45:00,2024-02-14,00:45:00,4228,0,0,0,0,0,228.6,229.8,0.0,0.1,February,Wednesday,0,Local,0
1707861600,2024-02-14 01:00:00,2024-02-14,01:00:00,4229,0,0,0,1,0,224.2,224.1,150.0,0.1,February,Wednesday,1,Local,0
1707862500,2024-02-14 01:15:00,2024-02-14,01:15:00,4230,0,0,0,1,0,232.2,235.8,150.0,0.1,February,Wednesday,1,Local,0
1707863400,2024-02-14 01:30:00,2024-02-14,01:30:00,4231,0,0,0,1,0,229.2,229.3,150.0,0.1,February,Wednesday,1,Local,0
1707864300,2024-02-14 01:45:00,2024-02-14,01:45:00,4232,0,0,0,0,0,230.8,230.9,0.0,0.1,February,Wednesday,1,Local,0
1707865200,2024-02-14 02:00:00,2024-02-14,02:00:00,4233,0,0,0,1,0,229.4,227.7,150.0,0.1,February,Wednesday,2,Local,0
1707866100,2024-02-14 02:15:00,2024-02-14,02:15:00,4234,0,0,0,1,0,225.1,224.6,150.0,0.1,February,Wednesday,2,Local,0
1707867000,2024-02-14 02:30:00,2024-02-14,02:30:00,4235,0,0,0,1,0,229.6,229.4,150.0,0.1,February,Wednesday,2,Local,0
1707867900,2024-02-14 02:45:00,2024-02-14,02:45:00,4236,0,0,0,0,0,230.5,233.1,0.0,0.1,February,Wednesday,2,Local,0
1707868800,2024-02-14 03:00:00,2024-02-14,03:00:00,4237,0,0,0,1,0,227.4,228.2,150.0,0.1,February,Wednesday,3,Local,0
1707869700,2024-02-14 03:15:00,2024-02-14,03:15:00,4238,0,0,0,0,0,234.5,236.2,2000.0,0.5873,February,Wednesday,3,Local,0
1707870600,2024-02-14 03:30:00,2024-02-14,03:30:00,4239,0,0,0,1,0,229.4,232.9,150.0,0.1,February,Wednesday,3,Local,0
1707871500,2024-02-14 03:45:00,2024-02-14,03:45:00,4240,0,0,0,0,0,228.9,228.4,0.0,0.1,February,Wednesday,3,Local,0
1707872400,2024-02-14 04:00:00,2024-02-14,04:00:00,4241,0,0,0,1,0,231.4,231.6,150.0,0.1,February,Wednesday,4,Local,0
1707873300,2024-02-14 04:15:00,2024-02-14,04:15:00,4242,0,0,0,1,0,226.9,230.4,150.0,0.1,February,Wednesday,4,Local,0
1707874200,2024-02-14 04:30:00,2024-02-14,04:30:00,4243,0,0,0,1,0,227.2,229.7,150.0,0.1,February,Wednesday,4,Local,0
1707875100,2024-02-14 04:45:00,2024-02-14,04:45:00,4244,0,0,0,0,0,230.8,229.5,0.0,0.1,February,Wednesday,4,Local,0
1707876000,2024-02-14 05:00:00,2024-02-14,05:00:00,4245,0,0,0,1,0,229.7,226.8,150.0,0.1,February,Wednesday,5,Local,0
1707876900,2024-02-14 05:15:00,2024-02-14,05:15:00,4246,0,0,0,1,0,232.5,234.0,150.0,0.1,February,Wednesday,5,Local,0
1707877800,2024-02-14 05:30:00,2024-02-14,05:30:00,4247,0,0,0,1,0,231.5,232.2,2150.0,0.5891,February,Wednesday,5,Local,0
1707878700,2024-02-14 05:45:00,2024-02-14,05:45:00,4248,0,0,0,0,0,230.5,231.1,0.0,0.1,February,Wednesday,5,Local,0
1707879600,2024-02-14 06:00:00,2024-02-14,06:00:00,4249,0,0,0,1,0,228.4,228.5,150.0,0.1,February,Wednesday,6,Local,0
1707880500,2024-02-14 06:15:00,2024-02-14,06:15:00,4250,0,0,0,1,0,226.3,225.9,150.0,0.1,February,Wednesday,6,Local,0
1707881400,2024-02-14 06:30:00,2024-02-14,06:30:00,4251,0,0,0,1,0,232.6,237.6,150.0,0.1,February,Wednesday,6,Local,0
1707882300,2024-02-14 06:45:00,2024-02-14,06:45:00,4252,0,0,0,0,0,232.8,233.1,0.0,0.1,February,Wednesday,6,Local,0
1707883200,2024-02-14 07:00:00,2024-02-14,07:00:00,4253,1,0,0,1,0,227.8,232.1,300.0,0.1,February,Wednesday,7,Local,0
1707884100,2024-02-14 07:15:00,2024-02-14,07:15:00,4254,0,0,0,1,0,232.0,231.3,150.0,0.1,February,Wednesday,7,Local,0
1707885000,2024-02-14 07:30:00,2024-02-14,07:30:00,4255,0,0,0,1,0,237.2,236.8,150.0,0.1,February,Wednesday,7,Local,0
1707885900,2024-02-14 07:45:00,2024-02-14,07:45:00,4256,0,0,0,0,0,226.1,224.9,0.0,0.1,February,Wednesday,7,Local,0
1707886800,2024-02-14 08:00:00,2024-02-14,08:00:00,4257,0,0,0,1,0,223.8,221.1,150.0,0.1,February,Wednesday,8,Local,0
1707887700,2024-02-14 08:15:00,2024-02-14,08:15:00,4258,0,1,0,1,0,226.7,226.3,2650.0,0.6265,February,Wednesday,8,Local,0
1707888600,2024-02-14 08:30:00,2024-02-14,08:30:00,4259,0,0,0,1,0,233.4,230.9,150.0,0.1,February,Wednesday,8,Local,0
1707889500,2024-02-14 08:45:00,2024-02-14,08:45:00,4260,0,1,0,1,0,229.8,232.4,2650.0,0.716,February,Wednesday,8,Local,0
1707890400,2024-02-14 09:00:00,2024-02-14,09:00:00,4261,1,1,0,1,0,225.6,224.2,2800.0,0.7877,February,Wednesday,9,Local,0
1707891300,2024-02-14 09:15:00,2024-02-14,09:15:00,4262,0,0,0,1,0,227.3,225.0,150.0,0.1,February,Wednesday,9,Local,0
1707892200,2024-02-14 09:30:00,2024-02-14,09:30:00,4263,0,0,0,1,0,234.1,235.1,150.0,0.1,February,Wednesday,9,Local,0
1707893100,2024-02-14 09:45:00,2024-02-14,09:45:00,4264,0,1,0,0,0,236.6,236.8,2500.0,0.6205,February,Wednesday,9,Local,0
1707894000,2024-02-14 10:00:00,2024-02-14,10:00:00,4265,0,1,0,1,0,236.0,232.7,2650.0,0.7357,February,Wednesday,10,Local,0
1707894900,2024-02-14 10:15:00,2024-02-14,10:15:00,4266,0,0,0,0,0,233.0,231.5,0.0,0.1,February,Wednesday,10,Local,0
1707895800,2024-02-14 10:30:00,2024-02-14,10:30:00,4267,1,1,0,1,0,233.1,231.9,2800.0,0.819,February,Wednesday,10,Local,0
1707896700,2024-02-14 10:45:00,2024-02-14,10:45:00,4268,0,0,0,1,0,229.9,231.2,150.0,0.1,February,Wednesday,10,Local,0
1707897600,2024-02-14 11:00:00,2024-02-14,11:00:00,4269,0,0,0,0,0,230.2,232.6,0.0,0.1,February,Wednesday,11,Local,0
1707898500,2024-02-14 11:15:00,2024-02-14,11:15:00,4270,0,0,0,0,0,228.8,228.4,0.0,0.1,February,Wednesday,11,Local,0
1707899400,2024-02-14 11:30:00,2024-02-14,11:30:00,4271,0,0,0,1,0,233.1,228.9,650.0,0.1856,February,Wednesday,11,Local,0
1707900300,2024-02-14 11:45:00,2024-02-14,11:45:00,4272,1,0,0,0,0,227.1,227.1,150.0,0.1,February,Wednesday,11,Local,0
1707901200,2024-02-14 12:00:00,2024-02-14,12:00:00,4273,0,0,0,1,0,236.4,234.2,150.0,0.1,February,Wednesday,12,Local,0
1707902100,2024-02-14 12:15:00,2024-02-14,12:15:00,4274,0,0,1,1,0,229.8,228.2,3150.0,0.8099,February,Wednesday,12,Local,0
1707903000,2024-02-14 12:30:00,2024-02-14,12:30:00,4275,0,0,0,1,0,226.2,226.2,150.0,0.1,February,Wednesday,12,Local,0
1707903900,2024-02-14 12:45:00,2024-02-14,12:45:00,4276,1,0,0,0,0,230.7,229.6,150.0,0.1,February,Wednesday,12,Local,0
1707904800,2024-02-14 13:00:00,2024-02-14,13:00:00,4277,0,0,0,1,0,230.7,229.8,150.0,0.1,February,Wednesday,13,Local,0
1707905700,2024-02-14 13:15:00,2024-02-14,13:15:00,4278,0,1,1,1,0,229.8,226.6,5650.0,1.5384,February,Wednesday,13,Local,0
1707906600,2024-02-14 13:30:00,2024-02-14,13:30:00,4279,0,0,0,1,0,231.6,228.6,950.0,0.2322,February,Wednesday,13,Local,0
1707907500,2024-02-14 13:45:00,2024-02-14,13:45:00,4280,0,0,1,0,0,227.6,225.6,3000.0,0.8489,February,Wednesday,13,Local,0
1707908400,2024-02-14 14:00:00,2024-02-14,14:00:00,4281,0,0,0,1,0,229.6,229.8,150.0,0.1,February,Wednesday,14,Local,0
1707909300,2024-02-14 14:15:00,2024-02-14,14:15:00,4282,0,0,0,1,0,233.0,231.8,150.0,0.1,February,Wednesday,14,Local,0
1707910200,2024-02-14 14:30:00,2024-02-14,14:30:00,4283,0,0,0,0,0,231.2,231.7,0.0,0.1,February,Wednesday,14,Local,0
1707911100,2024-02-14 14:45:00,2024-02-14,14:45:00,4284,0,0,0,0,0,231.1,230.9,0.0,0.1,February,Wednesday,14,Local,0
1707912000,2024-02-14 15:00:00,2024-02-14,15:00:00,4285,0,0,0,1,0,230.9,231.5,150.0,0.1,February,Wednesday,15,Local,0
1707912900,2024-02-14 15:15:00,2024-02-14,15:15:00,4286,0,0,0,1,0,230.7,228.1,150.0,0.1,February,Wednesday,15,Local,0
1707913800,2024-02-14 15:30:00,2024-02-14,15:30:00,4287,0,0,0,1,0,233.3,233.5,150.0,0.1,February,Wednesday,15,Local,0
1707914700,2024-02-14 15:45:00,2024-02-14,15:45:00,4288,0,0,0,0,0,228.7,230.2,0.0,0.1,February,Wednesday,15,Local,0
1707915600,2024-02-14 16:00:00,2024-02-14,16:00:00,4289,0,0,0,0,0,233.7,231.5,0.0,0.1,February,Wednesday,16,Local,0
1707916500,2024-02-14 16:15:00,2024-02-14,16:15:00,4290,0,0,0,1,0,229.2,229.2,650.0,0.1604,February,Wednesday,16,Local,0
1707917400,2024-02-14 16:30:00,2024-02-14,16:30:00,4291,1,0,0,1,0,227.4,223.1,300.0,0.1,February,Wednesday,16,Local,0
1707918300,2024-02-14 16:45:00,2024-02-14,16:45:00,4292,0,0,0,0,0,230.9,232.9,0.0,0.1,February,Wednesday,16,Local,0
1707919200,2024-02-14 17:00:00,2024-02-14,17:00:00,4293,0,1,0,1,0,226.5,228.9,2650.0,0.7067,February,Wednesday,17,Local,0
1707920100,2024-02-14 17:15:00,2024-02-14,17:15:00,4294,0,0,0,1,0,237.0,239.8,150.0,0.1,February,Wednesday,17,Local,0
1707921000,2024-02-14 17:30:00,2024-02-14,17:30:00,4295,0,0,0,1,0,228.3,225.8,150.0,0.1,February,Wednesday,17,Local,0
1707921900,2024-02-14 17:45:00,2024-02-14,17:45:00,4296,0,0,0,0,0,230.2,230.6,0.0,0.1,February,Wednesday,17,Local,0
1707922800,2024-02-14 18:00:00,2024-02-14,18:00:00,4297,1,0,1,1,1,232.7,234.8,4500.0,1.4169,February,Wednesday,18,Local,0
1707923700,2024-02-14 18:15:00,2024-02-14,18:15:00,4298,1,0,0,1,0,231.1,226.4,300.0,0.1,February,Wednesday,18,Local,0
1707924600,2024-02-14 18:30:00,2024-02-14,18:30:00,4299,0,0,0,1,0,229.8,228.2,150.0,0.1,February,Wednesday,18,Local,0
1707925500,2024-02-14 18:45:00,2024-02-14,18:45:00,4300,0,0,0,1,0,233.1,234.9,150.0,0.1,February,Wednesday,18,Local,0
1707926400,2024-02-14 19:00:00,2024-02-14,19:00:00,4301,1,1,1,0,0,232.5,232.8,5650.0,1.5181,February,Wednesday,19,Local,0
1707927300,2024-02-14 19:15:00,2024-02-14,19:15:00,4302,1,0,0,1,0,226.6,226.0,300.0,0.1,February,Wednesday,19,Local,0
1707928200,2024-02-14 19:30:00,2024-02-14,19:30:00,4303,0,1,0,1,0,224.6,227.0,2650.0,0.6809,February,Wednesday,19,Local,0
1707929100,2024-02-14 19:45:00,2024-02-14,19:45:00,4304,1,0,0,0,0,229.0,230.2,150.0,0.1,February,Wednesday,19,Local,0
1707930000,2024-02-14 20:00:00,2024-02-14,20:00:00,4305,1,0,0,1,0,231.4,231.0,300.0,0.1,February,Wednesday,20,Local,0
1707930900,2024-02-14 20:15:00,2024-02-14,20:15:00,4306,1,0,1,1,0,228.2,224.9,3300.0,0.7607,February,Wednesday,20,Local,0
1707931800,2024-02-14 20:30:00,2024-02-14,20:30:00,4307,1,1,0,1,0,232.8,231.7,2800.0,0.7074,February,Wednesday,20,Local,0
1707932700,2024-02-14 20:45:00,2024-02-14,20:45:00,4308,1,0,0,0,0,232.9,228.0,150.0,0.1,February,Wednesday,20,Local,0
1707933600,2024-02-14 21:00:00,2024-02-14,21:00:00,4309,0,0,0,1,0,234.0,235.6,150.0,0.1,February,Wednesday,21,Local,0
1707934500,2024-02-14 21:15:00,2024-02-14,21:15:00,4310,1,0,0,1,0,229.1,232.1,300.0,0.1,February,Wednesday,21,Local,0
1707935400,2024-02-14 21:30:00,2024-02-14,21:30:00,4311,0,0,0,1,0,233.9,234.2,150.0,0.1,February,Wednesday,21,Local,0
1707936300,2024-02-14 21:45:00,2024-02-14,21:45:00,4312,1,0,0,0,0,224.6,224.9,150.0,0.1,February,Wednesday,21,Local,0
1707937200,2024-02-14 22:00:00,2024-02-14,22:00:00,4313,0,0,1,0,0,232.9,231.9,3000.0,0.9976,February,Wednesday,22,Local,0
1707938100,2024-02-14 22:15:00,2024-02-14,22:15:00,4314,1,0,0,1,0,223.0,220.6,300.0,0.1,February,Wednesday,22,Local,0
1707939000,2024-02-14 22:30:00,2024-02-14,22:30:00,4315,1,0,0,1,0,229.5,229.8,300.0,0.1,February,Wednesday,22,Local,0
1707939900,2024-02-14 22:45:00,2024-02-14,22:45:00,4316,1,0,0,0,0,229.5,230.3,150.0,0.1,February,Wednesday,22,Local,0
1707940800,2024-02-14 23:00:00,2024-02-14,23:00:00,4317,1,0,0,1,0,228.5,229.4,300.0,0.1,February,Wednesday,23,Local,0
1707941700,2024-02-14 23:15:00,2024-02-14,23:15:00,4318,0,0,0,1,0,225.5,227.7,150.0,0.1,February,Wednesday,23,Local,0
1707942600,2024-02-14 23:30:00,2024-02-14,23:30:00,4319,0,0,0,1,0,229.4,229.0,1650.0,0.507,February,Wednesday,23,Local,0
1707943500,2024-02-14 23:45:00,2024-02-14,23:45:00,4320,0,0,0,0,0,228.9,230.0,0.0,0.1,February,Wednesday,23,Local,0
1707944400,2024-02-15 00:00:00,2024-02-15,00:00:00,4321,0,0,0,1,0,227.4,228.8,150.0,0.1,February,Thursday,0,Local,0
1707945300,2024-02-15 00:15:00,2024-02-15,00:15:00,4322,1,0,0,1,0,230.4,231.4,300.0,0.1,February,Thursday,0,Local,0
1707946200,2024-02-15 00:30:00,2024-02-15,00:30:00,4323,0,0,0,1,0,231.8,231.8,150.0,0.1,February,Thursday,0,Local,0
1707947100,2024-02-15 00:45:00,2024-02-15,00:45:00,4324,0,0,0,0,0,232.0,230.3,0.0,0.1,February,Thursday,0,Local,0
1707948000,2024-02-15 01:00:00,2024-02-15,01:00:00,4325,0,0,0,1,0,229.9,230.3,150.0,0.1,February,Thursday,1,Local,0
1707948900,2024-02-15 01:15:00,2024-02-15,01:15:00,4326,0,0,0,1,0,228.0,227.5,150.0,0.1,February,Thursday,1,Local,0
1707949800,2024-02-15 01:30:00,2024-02-15,01:30:00,4327,0,0,0,1,0,230.2,231.4,150.0,0.1,February,Thursday,1,Local,0
1707950700,2024-02-15 01:45:00,2024-02-15,01:45:00,4328,0,0,0,1,0,234.3,235.2,150.0,0.1,February,Thursday,1,Local,0
1707951600,2024-02-15 02:00:00,2024-02-15,02:00:00,4329,0,0,0,0,0,229.3,233.5,1000.0,0.2758,February,Thursday,2,Local,0
1707952500,2024-02-15 02:15:00,2024-02-15,02:15:00,4330,0,0,0,1,0,226.5,224.8,150.0,0.1,February,Thursday,2,Local,0
1707953400,2024-02-15 02:30:00,2024-02-15,02:30:00,4331,0,0,0,1,0,233.9,233.2,150.0,0.1,February,Thursday,2,Local,0
1707954300,2024-02-15 02:45:00,2024-02-15,02:45:00,4332,0,0,0,0,0,232.2,231.3,0.0,0.1,February,Thursday,2,Local,0
1707955200,2024-02-15 03:00:00,2024-02-15,03:00:00,4333,0,0,0,1,0,228.3,225.0,150.0,0.1,February,Thursday,3,Local,0
1707956100,2024-02-15 03:15:00,2024-02-15,03:15:00,4334,0,0,0,1,0,233.9,235.2,150.0,0.1,February,Thursday,3,Local,0
1707957000,2024-02-15 03:30:00,2024-02-15,03:30:00,4335,0,0,0,0,0,231.0,232.0,500.0,0.1387,February,Thursday,3,Local,0
1707957900,2024-02-15 03:45:00,2024-02-15,03:45:00,4336,0,0,0,0,0,230.8,231.3,0.0,0.1,February,Thursday,3,Local,0
1707958800,2024-02-15 04:00:00,2024-02-15,04:00:00,4337,0,0,0,1,0,227.9,226.1,150.0,0.1,February,Thursday,4,Local,0
1707959700,2024-02-15 04:15:00,2024-02-15,04:15:00,4338,0,0,0,1,0,230.1,227.1,150.0,0.1,February,Thursday,4,Local,0
1707960600,2024-02-15 04:30:00,2024-02-15,04:30:00,4339,0,0,0,1,0,232.4,232.6,950.0,0.2288,February,Thursday,4,Local,0
1707961500,2024-02-15 04:45:00,2024-02-15,04:45:00,4340,0,0,0,0,0,233.5,232.8,0.0,0.1,February,Thursday,4,Local,0
1707962400,2024-02-15 05:00:00,2024-02-15,05:00:00,4341,0,0,0,1,0,235.1,233.8,150.0,0.1,February,Thursday,5,Local,0
1707963300,2024-02-15 05:15:00,2024-02-15,05:15:00,4342,1,0,0,1,0,232.0,232.4,300.0,0.1,February,Thursday,5,Local,0
1707964200,2024-02-15 05:30:00,2024-02-15,05:30:00,4343,0,0,0,1,0,228.7,226.8,150.0,0.1,February,Thursday,5,Local,0
1707965100,2024-02-15 05:45:00,2024-02-15,05:45:00,4344,0,0,0,0,0,231.3,227.6,0.0,0.1,February,Thursday,5,Local,0
1707966000,2024-02-15 06:00:00,2024-02-15,06:00:00,4345,0,0,0,1,0,230.0,230.7,150.0,0.1,February,Thursday,6,Local,0
1707966900,2024-02-15 06:15:00,2024-02-15,06:15:00,4346,0,0,0,1,0,225.7,225.6,150.0,0.1,February,Thursday,6,Local,0
1707967800,2024-02-15 06:30:00,2024-02-15,06:30:00,4347,0,0,0,1,0,227.9,225.8,150.0,0.1,February,Thursday,6,Local,0
1707968700,2024-02-15 06:45:00,2024-02-15,06:45:00,4348,1,0,0,0,0,230.3,229.4,150.0,0.1,February,Thursday,6,Local,0
1707969600,2024-02-15 07:00:00,2024-02-15,07:00:00,4349,0,0,0,0,1,230.5,227.6,1200.0,0.3151,February,Thursday,7,Local,0
1707970500,2024-02-15 07:15:00,2024-02-15,07:15:00,4350,0,0,0,1,0,229.5,228.6,150.0,0.1,February,Thursday,7,Local,0
1707971400,2024-02-15 07:30:00,2024-02-15,07:30:00,4351,0,0,0,1,0,228.6,225.6,150.0,0.1,February,Thursday,7,Local,0
1707972300,2024-02-15 07:45:00,2024-02-15,07:45:00,4352,0,0,0,0,0,230.7,232.6,0.0,0.1,February,Thursday,7,Local,0
1707973200,2024-02-15 08:00:00,2024-02-15,08:00:00,4353,0,0,0,1,0,230.4,227.6,150.0,0.1,February,Thursday,8,Local,0
1707974100,2024-02-15 08:15:00,2024-02-15,08:15:00,4354,0,0,0,1,0,230.1,228.0,150.0,0.1,February,Thursday,8,Local,0
1707975000,2024-02-15 08:30:00,2024-02-15,08:30:00,4355,0,0,0,1,0,228.9,230.5,150.0,0.1,February,Thursday,8,Local,0
1707975900,2024-02-15 08:45:00,2024-02-15,08:45:00,4356,0,0,0,1,0,228.1,226.9,150.0,0.1,February,Thursday,8,Local,0
1707976800,2024-02-15 09:00:00,2024-02-15,09:00:00,4357,0,1,0,0,0,231.5,235.5,2500.0,0.6761,February,Thursday,9,Local,0
1707977700,2024-02-15 09:15:00,2024-02-15,09:15:00,4358,0,0,0,0,0,230.1,232.0,0.0,0.1,February,Thursday,9,Local,0
1707978600,2024-02-15 09:30:00,2024-02-15,09:30:00,4359,0,0,0,1,0,223.8,223.0,150.0,0.1,February,Thursday,9,Local,0
1707979500,2024-02-15 09:45:00,2024-02-15,09:45:00,4360,0,0,0,0,0,227.0,225.9,0.0,0.1,February,Thursday,9,Local,0
1707980400,2024-02-15 10:00:00,2024-02-15,10:00:00,4361,1,0,0,1,0,228.2,229.4,300.0,0.1,February,Thursday,10,Local,0
1707981300,2024-02-15 10:15:00,2024-02-15,10:15:00,4362,0,0,0,1,0,232.3,233.7,150.0,0.1,February,Thursday,10,Local,0
1707982200,2024-02-15 10:30:00,2024-02-15,10:30:00,4363,0,0,0,1,0,230.8,229.8,150.0,0.1,February,Thursday,10,Local,0
1707983100,2024-02-15 10:45:00,2024-02-15,10:45:00,4364,0,0,0,0,0,230.2,231.7,0.0,0.1,February,Thursday,10,Local,0
1707984000,2024-02-15 11:00:00,2024-02-15,11:00:00,4365,0,0,0,1,0,226.5,228.4,150.0,0.1,February,Thursday,11,Local,0
1707984900,2024-02-15 11:15:00,2024-02-15,11:15:00,4366,0,0,0,1,0,233.8,232.2,150.0,0.1,February,Thursday,11,Local,0
1707985800,2024-02-15 11:30:00,2024-02-15,11:30:00,4367,0,0,0,1,0,228.8,227.1,150.0,0.1,February,Thursday,11,Local,0
1707986700,2024-02-15 11:45:00,2024-02-15,11:45:00,4368,0,0,0,0,0,230.5,226.9,0.0,0.1,February,Thursday,11,Local,0
1707987600,2024-02-15 12:00:00,2024-02-15,12:00:00,4369,0,0,0,0,0,225.5,225.2,0.0,0.1,February,Thursday,12,Local,0
1707988500,2024-02-15 12:15:00,2024-02-15,12:15:00,4370,0,1,0,1,0,232.2,229.0,2650.0,0.837,February,Thursday,12,Local,0
1707989400,2024-02-15 12:30:00,2024-02-15,12:30:00,4371,0,0,0,1,0,234.8,233.9,150.0,0.1,February,Thursday,12,Local,0
1707990300,2024-02-15 12:45:00,2024-02-15,12:45:00,4372,0,0,0,1,0,229.6,229.7,1650.0,0.4937,February,Thursday,12,Local,0
1707991200,2024-02-15 13:00:00,2024-02-15,13:00:00,4373,0,0,0,1,0,230.2,233.9,150.0,0.1,February,Thursday,13,Local,0
1707992100,2024-02-15 13:15:00,2024-02-15,13:15:00,4374,0,0,0,1,0,230.8,230.9,150.0,0.1,February,Thursday,13,Local,0
1707993000,2024-02-15 13:30:00,2024-02-15,13:30:00,4375,0,0,0,1,0,229.8,228.8,150.0,0.1,February,Thursday,13,Local,0
1707993900,2024-02-15 13:45:00,2024-02-15,13:45:00,4376,0,0,1,0,0,232.9,235.5,3000.0,0.7855,February,Thursday,13,Local,0
1707994800,2024-02-15 14:00:00,2024-02-15,14:00:00,4377,0,1,0,1,0,231.7,232.9,2650.0,0.7574,February,Thursday,14,Local,0
1707995700,2024-02-15 14:15:00,2024-02-15,14:15:00,4378,0,0,0,1,0,234.9,234.8,150.0,0.1,February,Thursday,14,Local,0
1707996600,2024-02-15 14:30:00,2024-02-15,14:30:00,4379,0,0,0,0,0,227.1,227.2,0.0,0.1,February,Thursday,14,Local,0
1707997500,2024-02-15 14:45:00,2024-02-15,14:45:00,4380,1,0,0,0,0,228.6,227.2,150.0,0.1,February,Thursday,14,Local,0
1707998400,2024-02-15 15:00:00,2024-02-15,15:00:00,4381,0,0,0,1,0,231.6,229.7,150.0,0.1,February,Thursday,15,Local,0
1707999300,2024-02-15 15:15:00,2024-02-15,15:15:00,4382,1,1,0,1,0,233.2,233.4,2800.0,0.7112,February,Thursday,15,Local,0
1708000200,2024-02-15 15:30:00,2024-02-15,15:30:00,4383,0,0,0,0,1,230.2,228.8,1200.0,0.3737,February,Thursday,15,Local,0
1708001100,2024-02-15 15:45:00,2024-02-15,15:45:00,4384,0,0,0,0,0,231.0,227.4,0.0,0.1,February,Thursday,15,Local,0
1708002000,2024-02-15 16:00:00,2024-02-15,16:00:00,4385,0,0,0,1,0,224.2,223.1,150.0,0.1,February,Thursday,16,Local,0
1708002900,2024-02-15 16:15:00,2024-02-15,16:15:00,4386,1,1,0,1,0,233.8,232.7,2800.0,0.9297,February,Thursday,16,Local,0
1708003800,2024-02-15 16:30:00,2024-02-15,16:30:00,4387,0,0,0,1,0,233.0,234.3,150.0,0.1,February,Thursday,16,Local,0
1708004700,2024-02-15 16:45:00,2024-02-15,16:45:00,4388,1,0,1,0,0,229.4,229.2,3150.0,0.7574,February,Thursday,16,Local,0
1708005600,2024-02-15 17:00:00,2024-02-15,17:00:00,4389,1,0,0,1,0,229.6,231.6,300.0,0.1,February,Thursday,17,Local,0
1708006500,2024-02-15 17:15:00,2024-02-15,17:15:00,4390,1,0,1,1,0,228.4,228.3,3300.0,1.0577,February,Thursday,17,Local,0
1708007400,2024-02-15 17:30:00,2024-02-15,17:30:00,4391,0,0,0,1,0,227.9,230.3,150.0,0.1,February,Thursday,17,Local,0
1708008300,2024-02-15 17:45:00,2024-02-15,17:45:00,4392,0,0,1,0,0,225.8,221.7,3000.0,0.9287,February,Thursday,17,Local,0
1708009200,2024-02-15 18:00:00,2024-02-15,18:00:00,4393,1,1,1,1,0,230.5,229.5,5800.0,1.452,February,Thursday,18,Local,0
1708010100,2024-02-15 18:15:00,2024-02-15,18:15:00,4394,0,0,1,1,0,233.8,232.6,3150.0,0.8489,February,Thursday,18,Local,0
1708011000,2024-02-15 18:30:00,2024-02-15,18:30:00,4395,1,0,0,1,0,231.5,232.4,300.0,0.1,February,Thursday,18,Local,0
1708011900,2024-02-15 18:45:00,2024-02-15,18:45:00,4396,1,0,0,0,0,227.7,224.7,150.0,0.1,February,Thursday,18,Local,0
1708012800,2024-02-15 19:00:00,2024-02-15,19:00:00,4397,1,0,0,1,0,231.0,228.9,300.0,0.1,February,Thursday,19,Local,0
1708013700,2024-02-15 19:15:00,2024-02-15,19:15:00,4398,1,1,0,1,0,231.4,231.7,2800.0,0.8083,February,Thursday,19,Local,0
1708014600,2024-02-15 19:30:00,2024-02-15,19:30:00,4399,1,0,0,1,0,231.1,227.4,300.0,0.1,February,Thursday,19,Local,0
1708015500,2024-02-15 19:45:00,2024-02-15,19:45:00,4400,1,1,0,1,1,226.9,226.2,4000.0,1.2029,February,Thursday,19,Local,0
1708016400,2024-02-15 20:00:00,2024-02-15,20:00:00,4401,0,0,1,1,0,234.9,236.9,3150.0,0.812,February,Thursday,20,Local,0
1708017300,2024-02-15 20:15:00,2024-02-15,20:15:00,4402,1,0,0,1,1,232.8,229.6,1500.0,0.456,February,Thursday,20,Local,0
1708018200,2024-02-15 20:30:00,2024-02-15,20:30:00,4403,1,0,1,1,1,232.7,230.4,4500.0,1.256,February,Thursday,20,Local,0
1708019100,2024-02-15 20:45:00,2024-02-15,20:45:00,4404,1,0,0,1,0,227.6,229.5,300.0,0.1,February,Thursday,20,Local,0
1708020000,2024-02-15 21:00:00,2024-02-15,21:00:00,4405,1,0,0,1,0,228.1,227.8,300.0,0.1,February,Thursday,21,Local,0
1708020900,2024-02-15 21:15:00,2024-02-15,21:15:00,4406,0,0,0,1,1,233.1,234.7,1350.0,0.4242,February,Thursday,21,Local,0
1708021800,2024-02-15 21:30:00,2024-02-15,21:30:00,4407,1,0,1,1,1,234.2,237.0,4500.0,1.3519,February,Thursday,21,Local,0
1708022700,2024-02-15 21:45:00,2024-02-15,21:45:00,4408,0,0,0,0,0,231.3,231.9,0.0,0.1,February,Thursday,21,Local,0
1708023600,2024-02-15 22:00:00,2024-02-15,22:00:00,4409,0,0,0,1,0,224.8,224.5,150.0,0.1,February,Thursday,22,Local,0
1708024500,2024-02-15 22:15:00,2024-02-15,22:15:00,4410,1,0,0,0,0,229.6,232.9,150.0,0.1,February,Thursday,22,Local,0
1708025400,2024-02-15 22:30:00,2024-02-15,22:30:00,4411,1,0,0,1,0,225.2,225.9,300.0,0.1,February,Thursday,22,Local,0
1708026300,2024-02-15 22:45:00,2024-02-15,22:45:00,4412,1,0,0,0,0,228.6,227.2,150.0,0.1,February,Thursday,22,Local,0
1708027200,2024-02-15 23:00:00,2024-02-15,23:00:00,4413,1,0,0,1,0,231.5,231.9,300.0,0.1,February,Thursday,23,Local,0
1708028100,2024-02-15 23:15:00,2024-02-15,23:15:00,4414,0,0,0,1,0,228.7,227.9,150.0,0.1,February,Thursday,23,Local,0
1708029000,2024-02-15 23:30:00,2024-02-15,23:30:00,4415,0,0,0,1,0,232.7,236.0,150.0,0.1,February,Thursday,23,Local,0
1708029900,2024-02-15 23:45:00,2024-02-15,23:45:00,4416,0,1,0,0,0,226.8,225.3,2500.0,0.7195,February,Thursday,23,Local,0
1708030800,2024-02-16 00:00:00,2024-02-16,00:00:00,4417,0,0,0,1,0,224.7,222.7,150.0,0.1,February,Friday,0,Local,0
1708031700,2024-02-16 00:15:00,2024-02-16,00:15:00,4418,0,0,0,1,0,228.1,226.2,150.0,0.1,February,Friday,0,Local,0
1708032600,2024-02-16 00:30:00,2024-02-16,00:30:00,4419,0,0,0,1,0,224.8,226.8,150.0,0.1,February,Friday,0,Local,0
1708033500,2024-02-16 00:45:00,2024-02-16,00:45:00,4420,0,0,0,0,0,232.9,233.3,0.0,0.2368,February,Friday,0,Local,1
1708034400,2024-02-16 01:00:00,2024-02-16,01:00:00,4421,0,0,0,1,0,226.8,223.1,150.0,0.1,February,Friday,1,Local,0
1708035300,2024-02-16 01:15:00,2024-02-16,01:15:00,4422,0,0,0,1,0,232.2,232.5,150.0,0.1,February,Friday,1,Local,0
1708036200,2024-02-16 01:30:00,2024-02-16,01:30:00,4423,0,0,0,1,0,229.6,228.6,150.0,0.1,February,Friday,1,Local,0
1708037100,2024-02-16 01:45:00,2024-02-16,01:45:00,4424,0,0,0,0,0,234.2,233.2,0.0,0.1,February,Friday,1,Local,0
1708038000,2024-02-16 02:00:00,2024-02-16,02:00:00,4425,0,0,0,1,0,227.3,229.9,150.0,0.1,February,Friday,2,Local,0
1708038900,2024-02-16 02:15:00,2024-02-16,02:15:00,4426,0,0,0,1,0,231.0,230.3,150.0,0.1,February,Friday,2,Local,0
1708039800,2024-02-16 02:30:00,2024-02-16,02:30:00,4427,0,0,0,1,0,229.6,230.0,150.0,0.1,February,Friday,2,Local,0
1708040700,2024-02-16 02:45:00,2024-02-16,02:45:00,4428,0,0,0,1,0,230.9,232.3,150.0,0.1,February,Friday,2,Local,0
1708041600,2024-02-16 03:00:00,2024-02-16,03:00:00,4429,0,0,0,1,0,232.2,236.2,150.0,0.1,February,Friday,3,Local,0
1708042500,2024-02-16 03:15:00,2024-02-16,03:15:00,4430,0,0,0,0,0,226.8,228.2,0.0,0.1,February,Friday,3,Local,0
1708043400,2024-02-16 03:30:00,2024-02-16,03:30:00,4431,0,0,0,1,0,229.6,230.8,150.0,0.1,February,Friday,3,Local,0
1708044300,2024-02-16 03:45:00,2024-02-16,03:45:00,4432,0,0,0,0,0,227.4,228.0,0.0,0.1,February,Friday,3,Local,0
1708045200,2024-02-16 04:00:00,2024-02-16,04:00:00,4433,0,0,0,1,0,227.7,227.9,150.0,0.1,February,Friday,4,Local,0
1708046100,2024-02-16 04:15:00,2024-02-16,04:15:00,4434,0,0,0,1,0,231.3,228.3,150.0,0.1,February,Friday,4,Local,0
1708047000,2024-02-16 04:30:00,2024-02-16,04:30:00,4435,0,0,0,1,0,227.1,224.7,150.0,0.1,February,Friday,4,Local,0
1708047900,2024-02-16 04:45:00,2024-02-16,04:45:00,4436,0,0,0,0,0,229.7,228.2,0.0,0.1,February,Friday,4,Local,0
1708048800,2024-02-16 05:00:00,2024-02-16,05:00:00,4437,0,0,0,1,0,227.6,223.4,150.0,0.1,February,Friday,5,Local,0
1708049700,2024-02-16 05:15:00,2024-02-16,05:15:00,4438,0,0,0,1,0,231.1,229.8,150.0,0.1,February,Friday,5,Local,0
1708050600,2024-02-16 05:30:00,2024-02-16,05:30:00,4439,0,0,0,1,0,233.5,232.6,150.0,0.1,February,Friday,5,Local,0
1708051500,2024-02-16 05:45:00,2024-02-16,05:45:00,4440,0,0,0,0,0,234.4,236.3,0.0,0.1,February,Friday,5,Local,0
1708052400,2024-02-16 06:00:00,2024-02-16,06:00:00,4441,0,0,0,1,0,225.8,224.4,150.0,0.1,February,Friday,6,Local,0
1708053300,2024-02-16 06:15:00,2024-02-16,06:15:00,4442,0,0,0,1,0,223.5,223.5,150.0,0.1,February,Friday,6,Local,0
1708054200,2024-02-16 06:30:00,2024-02-16,06:30:00,4443,0,0,0,1,0,229.9,231.9,150.0,0.1,February,Friday,6,Local,0
1708055100,2024-02-16 06:45:00,2024-02-16,06:45:00,4444,0,0,0,0,0,231.0,231.0,0.0,0.1,February,Friday,6,Local,0
1708056000,2024-02-16 07:00:00,2024-02-16,07:00:00,4445,0,0,0,1,0,235.1,241.3,150.0,0.1,February,Friday,7,Local,0
1708056900,2024-02-16 07:15:00,2024-02-16,07:15:00,4446,0,0,0,1,0,235.9,237.8,150.0,0.1,February,Friday,7,Local,0
1708057800,2024-02-16 07:30:00,2024-02-16,07:30:00,4447,0,0,0,1,0,229.5,229.0,150.0,0.1,February,Friday,7,Local,0
1708058700,2024-02-16 07:45:00,2024-02-16,07:45:00,4448,0,0,0,1,0,237.6,236.8,150.0,0.1,February,Friday,7,Local,0
1708059600,2024-02-16 08:00:00,2024-02-16,08:00:00,4449,0,0,0,1,0,225.1,227.3,150.0,0.1,February,Friday,8,Local,0
1708060500,2024-02-16 08:15:00,2024-02-16,08:15:00,4450,1,0,0,1,0,227.6,228.8,300.0,0.1,February,Friday,8,Local,0
1708061400,2024-02-16 08:30:00,2024-02-16,08:30:00,4451,0,0,0,1,0,235.8,235.8,150.0,0.1,February,Friday,8,Local,0
1708062300,2024-02-16 08:45:00,2024-02-16,08:45:00,4452,0,0,0,0,1,228.9,227.2,1200.0,0.3344,February,Friday,8,Local,0
1708063200,2024-02-16 09:00:00,2024-02-16,09:00:00,4453,0,0,0,1,0,228.8,228.6,150.0,0.1,February,Friday,9,Local,0
1708064100,2024-02-16 09:15:00,2024-02-16,09:15:00,4454,0,0,0,1,0,233.7,234.4,150.0,0.1,February,Friday,9,Local,0
1708065000,2024-02-16 09:30:00,2024-02-16,09:30:00,4455,0,0,0,1,0,224.7,224.7,150.0,0.1,February,Friday,9,Local,0
1708065900,2024-02-16 09:45:00,2024-02-16,09:45:00,4456,0,0,0,1,0,230.4,231.3,150.0,0.1,February,Friday,9,Local,0
1708066800,2024-02-16 10:00:00,2024-02-16,10:00:00,4457,0,0,0,1,0,229.8,232.7,150.0,0.1,February,Friday,10,Local,0
1708067700,2024-02-16 10:15:00,2024-02-16,10:15:00,4458,0,0,0,1,0,228.8,228.3,150.0,0.1,February,Friday,10,Local,0
1708068600,2024-02-16 10:30:00,2024-02-16,10:30:00,4459,0,0,0,1,0,229.5,230.7,150.0,0.1,February,Friday,10,Local,0
1708069500,2024-02-16 10:45:00,2024-02-16,10:45:00,4460,1,0,1,0,0,233.4,230.2,3150.0,0.6829,February,Friday,10,Local,0
1708070400,2024-02-16 11:00:00,2024-02-16,11:00:00,4461,1,0,0,1,0,226.8,226.1,300.0,0.1,February,Friday,11,Local,0
1708071300,2024-02-16 11:15:00,2024-02-16,11:15:00,4462,0,0,0,0,0,227.1,222.1,0.0,0.1,February,Friday,11,Local,0
1708072200,2024-02-16 11:30:00,2024-02-16,11:30:00,4463,0,0,0,1,0,230.1,229.4,150.0,0.1,February,Friday,11,Local,0
1708073100,2024-02-16 11:45:00,2024-02-16,11:45:00,4464,0,0,0,0,0,228.7,229.3,0.0,0.1,February,Friday,11,Local,0
1708074000,2024-02-16 12:00:00,2024-02-16,12:00:00,4465,0,0,0,1,1,231.2,233.1,1350.0,0.4085,February,Friday,12,Local,0
1708074900,2024-02-16 12:15:00,2024-02-16,12:15:00,4466,0,1,0,1,0,231.3,234.5,2650.0,0.7691,February,Friday,12,Local,0
1708075800,2024-02-16 12:30:00,2024-02-16,12:30:00,4467,0,0,0,1,0,227.7,224.6,150.0,0.1,February,Friday,12,Local,0
1708076700,2024-02-16 12:45:00,2024-02-16,12:45:00,4468,0,0,0,1,0,230.1,231.9,150.0,0.1,February,Friday,12,Local,0
1708077600,2024-02-16 13:00:00,2024-02-16,13:00:00,4469,0,0,0,1,1,226.3,225.9,1350.0,0.3428,February,Friday,13,Local,0
1708078500,2024-02-16 13:15:00,2024-02-16,13:15:00,4470,0,0,0,1,0,228.8,228.0,150.0,0.1,February,Friday,13,Local,0
1708079400,2024-02-16 13:30:00,2024-02-16,13:30:00,4471,0,0,0,1,1,230.1,226.6,1350.0,0.3757,February,Friday,13,Local,0
1708080300,2024-02-16 13:45:00,2024-02-16,13:45:00,4472,0,0,1,0,0,226.6,225.3,3000.0,0.9958,February,Friday,13,Local,0
1708081200,2024-02-16 14:00:00,2024-02-16,14:00:00,4473,0,0,0,1,0,233.6,231.0,150.0,0.1,February,Friday,14,Local,0
1708082100,2024-02-16 14:15:00,2024-02-16,14:15:00,4474,0,0,0,1,0,234.6,235.9,150.0,0.1,February,Friday,14,Local,0
1708083000,2024-02-16 14:30:00,2024-02-16,14:30:00,4475,0,0,0,1,0,232.8,229.8,150.0,0.1,February,Friday,14,Local,0
1708083900,2024-02-16 14:45:00,2024-02-16,14:45:00,4476,0,0,0,0,0,232.5,232.6,0.0,0.1,February,Friday,14,Local,0
1708084800,2024-02-16 15:00:00,2024-02-16,15:00:00,4477,0,0,0,1,0,230.8,232.4,150.0,0.1,February,Friday,15,Local,0
1708085700,2024-02-16 15:15:00,2024-02-16,15:15:00,4478,0,0,0,0,0,230.9,231.7,0.0,0.1,February,Friday,15,Local,0
1708086600,2024-02-16 15:30:00,2024-02-16,15:30:00,4479,0,0,0,1,0,228.6,226.2,150.0,0.1,February,Friday,15,Local,0
1708087500,2024-02-16 15:45:00,2024-02-16,15:45:00,4480,0,0,0,0,0,225.6,226.8,1500.0,0.4752,February,Friday,15,Local,0
1708088400,2024-02-16 16:00:00,2024-02-16,16:00:00,4481,0,0,0,1,0,229.5,228.7,150.0,0.1,February,Friday,16,Local,0
1708089300,2024-02-16 16:15:00,2024-02-16,16:15:00,4482,0,1,0,1,0,226.2,226.3,2650.0,0.723,February,Friday,16,Local,0
1708090200,2024-02-16 16:30:00,2024-02-16,16:30:00,4483,0,0,0,1,0,233.1,232.1,150.0,0.1,February,Friday,16,Local,0
1708091100,2024-02-16 16:45:00,2024-02-16,16:45:00,4484,0,0,0,0,0,227.3,227.4,0.0,0.1,February,Friday,16,Local,0
1708092000,2024-02-16 17:00:00,2024-02-16,17:00:00,4485,0,0,0,1,0,233.6,233.6,150.0,0.1,February,Friday,17,Local,0
1708092900,2024-02-16 17:15:00,2024-02-16,17:15:00,4486,0,0,1,1,0,232.0,233.0,3150.0,0.8243,February,Friday,17,Local,0
1708093800,2024-02-16 17:30:00,2024-02-16,17:30:00,4487,0,1,0,1,0,229.7,229.9,2650.0,0.8708,February,Friday,17,Local,0
1708094700,2024-02-16 17:45:00,2024-02-16,17:45:00,4488,1,0,1,0,1,232.4,231.1,5350.0,1.5212,February,Friday,17,Local,0
1708095600,2024-02-16 18:00:00,2024-02-16,18:00:00,4489,1,0,0,1,0,227.8,223.4,300.0,0.1,February,Friday,18,Local,0
1708096500,2024-02-16 18:15:00,2024-02-16,18:15:00,4490,0,0,0,1,0,227.0,219.2,150.0,0.1,February,Friday,18,Local,0
1708097400,2024-02-16 18:30:00,2024-02-16,18:30:00,4491,1,0,0,1,0,225.1,227.0,300.0,0.1,February,Friday,18,Local,0
1708098300,2024-02-16 18:45:00,2024-02-16,18:45:00,4492,1,1,0,0,0,231.8,228.4,2650.0,0.8276,February,Friday,18,Local,0
1708099200,2024-02-16 19:00:00,2024-02-16,19:00:00,4493,0,0,1,1,1,233.7,235.3,5150.0,1.289,February,Friday,19,Local,0
1708100100,2024-02-16 19:15:00,2024-02-16,19:15:00,4494,1,0,0,1,0,233.0,232.1,300.0,0.1,February,Friday,19,Local,0
1708101000,2024-02-16 19:30:00,2024-02-16,19:30:00,4495,1,0,1,1,0,232.1,237.9,3300.0,0.8706,February,Friday,19,Local,0
1708101900,2024-02-16 19:45:00,2024-02-16,19:45:00,4496,1,0,1,0,0,225.4,223.7,3150.0,0.8054,February,Friday,19,Local,0
1708102800,2024-02-16 20:00:00,2024-02-16,20:00:00,4497,0,0,1,0,0,226.0,223.4,3000.0,0.7786,February,Friday,20,Local,0
1708103700,2024-02-16 20:15:00,2024-02-16,20:15:00,4498,1,1,1,0,0,230.4,228.4,5650.0,1.5796,February,Friday,20,Local,0
1708104600,2024-02-16 20:30:00,2024-02-16,20:30:00,4499,1,0,1,1,1,228.5,231.9,4500.0,1.0719,February,Friday,20,Local,0
1708105500,2024-02-16 20:45:00,2024-02-16,20:45:00,4500,1,1,0,0,0,229.4,229.7,2650.0,0.5985,February,Friday,20,Local,0
1708106400,2024-02-16 21:00:00,2024-02-16,21:00:00,4501,1,0,0,1,0,228.9,231.4,300.0,0.1,February,Friday,21,Local,0
1708107300,2024-02-16 21:15:00,2024-02-16,21:15:00,4502,0,0,1,1,0,233.8,234.2,3150.0,0.8942,February,Friday,21,Local,0
1708108200,2024-02-16 21:30:00,2024-02-16,21:30:00,4503,0,0,1,1,0,234.9,236.1,3150.0,0.7411,February,Friday,21,Local,0
1708109100,2024-02-16 21:45:00,2024-02-16,21:45:00,4504,0,0,0,0,0,230.7,230.8,0.0,0.1,February,Friday,21,Local,0
1708110000,2024-02-16 22:00:00,2024-02-16,22:00:00,4505,1,0,0,1,0,232.8,234.1,300.0,0.1,February,Friday,22,Local,0
1708110900,2024-02-16 22:15:00,2024-02-16,22:15:00,4506,1,0,0,0,0,234.6,235.9,150.0,0.1,February,Friday,22,Local,0
1708111800,2024-02-16 22:30:00,2024-02-16,22:30:00,4507,1,0,0,1,0,226.6,228.4,300.0,0.1,February,Friday,22,Local,0
1708112700,2024-02-16 22:45:00,2024-02-16,22:45:00,4508,0,0,0,0,0,230.1,231.8,0.0,0.1,February,Friday,22,Local,0
1708113600,2024-02-16 23:00:00,2024-02-16,23:00:00,4509,1,0,0,1,0,232.9,235.3,300.0,0.1,February,Friday,23,Local,0
1708114500,2024-02-16 23:15:00,2024-02-16,23:15:00,4510,0,0,0,0,0,230.2,230.1,0.0,0.1,February,Friday,23,Local,0
1708115400,2024-02-16 23:30:00,2024-02-16,23:30:00,4511,0,0,0,1,1,228.9,229.2,1350.0,0.3436,February,Friday,23,Local,0
1708116300,2024-02-16 23:45:00,2024-02-16,23:45:00,4512,0,0,0,0,0,228.9,229.4,0.0,0.1,February,Friday,23,Local,0
1708117200,2024-02-17 00:00:00,2024-02-17,00:00:00,4513,0,0,0,1,0,229.3,230.0,150.0,0.1,February,Saturday,0,Local,0
1708118100,2024-02-17 00:15:00,2024-02-17,00:15:00,4514,0,0,0,1,0,227.1,223.8,150.0,0.1,February,Saturday,0,Local,0
1708119000,2024-02-17 00:30:00,2024-02-17,00:30:00,4515,0,0,0,1,0,229.9,231.8,150.0,0.1,February,Saturday,0,Local,0
1708119900,2024-02-17 00:45:00,2024-02-17,00:45:00,4516,0,0,0,0,0,237.2,235.9,0.0,0.1,February,Saturday,0,Local,0
1708120800,2024-02-17 01:00:00,2024-02-17,01:00:00,4517,0,0,0,1,0,235.0,233.9,150.0,0.1,February,Saturday,1,Local,0
1708121700,2024-02-17 01:15:00,2024-02-17,01:15:00,4518,0,0,0,1,0,232.2,232.3,950.0,0.2172,February,Saturday,1,Local,0
1708122600,2024-02-17 01:30:00,2024-02-17,01:30:00,4519,0,0,0,1,0,229.3,225.6,150.0,0.1,February,Saturday,1,Local,0
1708123500,2024-02-17 01:45:00,2024-02-17,01:45:00,4520,0,0,0,0,0,229.1,228.8,0.0,0.1,February,Saturday,1,Local,0
1708124400,2024-02-17 02:00:00,2024-02-17,02:00:00,4521,1,0,0,1,0,227.4,224.6,300.0,0.1,February,Saturday,2,Local,0
1708125300,2024-02-17 02:15:00,2024-02-17,02:15:00,4522,0,0,0,1,0,232.2,234.6,150.0,0.1,February,Saturday,2,Local,0
1708126200,2024-02-17 02:30:00,2024-02-17,02:30:00,4523,0,0,0,0,0,228.1,224.0,0.0,0.1,February,Saturday,2,Local,0
1708127100,2024-02-17 02:45:00,2024-02-17,02:45:00,4524,0,0,0,1,0,225.4,223.4,150.0,0.1,February,Saturday,2,Local,0
1708128000,2024-02-17 03:00:00,2024-02-17,03:00:00,4525,0,0,0,1,0,227.0,228.5,150.0,0.1,February,Saturday,3,Local,0
1708128900,2024-02-17 03:15:00,2024-02-17,03:15:00,4526,0,0,0,1,0,229.4,229.8,150.0,0.1,February,Saturday,3,Local,0
1708129800,2024-02-17 03:30:00,2024-02-17,03:30:00,4527,0,0,0,1,0,232.7,232.5,150.0,0.1,February,Saturday,3,Local,0
1708130700,2024-02-17 03:45:00,2024-02-17,03:45:00,4528,0,0,0,0,0,231.3,231.3,0.0,0.1,February,Saturday,3,Local,0
1708131600,2024-02-17 04:00:00,2024-02-17,04:00:00,4529,0,0,0,1,0,230.0,227.4,150.0,0.1,February,Saturday,4,Local,0
1708132500,2024-02-17 04:15:00,2024-02-17,04:15:00,4530,0,0,0,1,0,229.7,228.7,150.0,0.1,February,Saturday,4,Local,0
1708133400,2024-02-17 04:30:00,2024-02-17,04:30:00,4531,0,0,0,1,0,228.5,230.0,150.0,0.1,February,Saturday,4,Local,0
1708134300,2024-02-17 04:45:00,2024-02-17,04:45:00,4532,0,0,0,0,0,224.9,225.3,0.0,0.1,February,Saturday,4,Local,0
1708135200,2024-02-17 05:00:00,2024-02-17,05:00:00,4533,0,0,0,1,0,235.7,236.5,150.0,0.1,February,Saturday,5,Local,0
1708136100,2024-02-17 05:15:00,2024-02-17,05:15:00,4534,0,0,0,1,0,227.7,222.6,150.0,0.1,February,Saturday,5,Local,0
1708137000,2024-02-17 05:30:00,2024-02-17,05:30:00,4535,0,0,0,1,0,233.3,230.5,150.0,0.1,February,Saturday,5,Local,0
1708137900,2024-02-17 05:45:00,2024-02-17,05:45:00,4536,0,0,0,0,0,229.9,229.2,0.0,0.1,February,Saturday,5,Local,0
1708138800,2024-02-17 06:00:00,2024-02-17,06:00:00,4537,0,0,0,1,0,229.2,231.5,150.0,0.1,February,Saturday,6,Local,0
1708139700,2024-02-17 06:15:00,2024-02-17,06:15:00,4538,0,0,0,1,0,233.7,230.2,150.0,0.1,February,Saturday,6,Local,0
1708140600,2024-02-17 06:30:00,2024-02-17,06:30:00,4539,0,0,0,1,0,230.1,229.1,150.0,0.1,February,Saturday,6,Local,0
1708141500,2024-02-17 06:45:00,2024-02-17,06:45:00,4540,1,0,0,0,0,234.3,229.7,150.0,0.1,February,Saturday,6,Local,0
1708142400,2024-02-17 07:00:00,2024-02-17,07:00:00,4541,1,0,0,1,0,226.7,225.3,300.0,0.1,February,Saturday,7,Local,0
1708143300,2024-02-17 07:15:00,2024-02-17,07:15:00,4542,0,0,1,1,0,230.8,230.3,3950.0,0.9411,February,Saturday,7,Local,0
1708144200,2024-02-17 07:30:00,2024-02-17,07:30:00,4543,0,0,0,1,0,233.6,238.0,150.0,0.1,February,Saturday,7,Local,0
1708145100,2024-02-17 07:45:00,2024-02-17,07:45:00,4544,0,0,0,1,0,229.2,227.2,150.0,0.1,February,Saturday,7,Local,0
1708146000,2024-02-17 08:00:00,2024-02-17,08:00:00,4545,0,0,0,0,0,229.5,226.6,0.0,0.1,February,Saturday,8,Local,0
1708146900,2024-02-17 08:15:00,2024-02-17,08:15:00,4546,1,0,0,1,0,231.2,230.8,300.0,0.1,February,Saturday,8,Local,0
1708147800,2024-02-17 08:30:00,2024-02-17,08:30:00,4547,0,0,0,1,0,229.8,225.9,150.0,0.1,February,Saturday,8,Local,0
1708148700,2024-02-17 08:45:00,2024-02-17,08:45:00,4548,0,0,0,0,0,229.7,233.5,0.0,0.1,February,Saturday,8,Local,0
1708149600,2024-02-17 09:00:00,2024-02-17,09:00:00,4549,0,0,0,1,0,231.0,231.7,150.0,0.1,February,Saturday,9,Local,0
1708150500,2024-02-17 09:15:00,2024-02-17,09:15:00,4550,1,0,0,1,0,232.6,232.0,300.0,0.1,February,Saturday,9,Local,0
1708151400,2024-02-17 09:30:00,2024-02-17,09:30:00,4551,1,1,0,1,0,233.9,232.7,3800.0,1.1609,February,Saturday,9,Local,0
1708152300,2024-02-17 09:45:00,2024-02-17,09:45:00,4552,0,0,0,0,0,233.1,232.3,0.0,0.1,February,Saturday,9,Local,0
1708153200,2024-02-17 10:00:00,2024-02-17,10:00:00,4553,0,0,0,1,0,228.5,228.1,150.0,0.1,February,Saturday,10,Local,0
1708154100,2024-02-17 10:15:00,2024-02-17,10:15:00,4554,0,0,0,0,0,231.1,233.9,0.0,0.1,February,Saturday,10,Local,0
1708155000,2024-02-17 10:30:00,2024-02-17,10:30:00,4555,0,0,0,1,0,231.0,230.0,150.0,0.1,February,Saturday,10,Local,0
1708155900,2024-02-17 10:45:00,2024-02-17,10:45:00,4556,0,0,0,0,0,226.5,228.0,0.0,0.1,February,Saturday,10,Local,0
1708156800,2024-02-17 11:00:00,2024-02-17,11:00:00,4557,0,0,0,1,0,231.4,229.2,150.0,0.1,February,Saturday,11,Local,0
1708157700,2024-02-17 11:15:00,2024-02-17,11:15:00,4558,0,1,0,1,0,231.3,229.4,2650.0,0.7823,February,Saturday,11,Local,0
1708158600,2024-02-17 11:30:00,2024-02-17,11:30:00,4559,0,0,0,1,0,226.6,225.6,150.0,0.1,February,Saturday,11,Local,0
1708159500,2024-02-17 11:45:00,2024-02-17,11:45:00,4560,0,0,0,0,0,226.5,226.0,0.0,0.1,February,Saturday,11,Local,0
1708160400,2024-02-17 12:00:00,2024-02-17,12:00:00,4561,0,0,1,1,0,227.8,228.3,3150.0,0.9105,February,Saturday,12,Local,0
1708161300,2024-02-17 12:15:00,2024-02-17,12:15:00,4562,0,0,0,1,1,228.4,231.6,1350.0,0.3111,February,Saturday,12,Local,0
1708162200,2024-02-17 12:30:00,2024-02-17,12:30:00,4563,0,0,1,1,0,233.1,234.4,3150.0,0.7304,February,Saturday,12,Local,0
1708163100,2024-02-17 12:45:00,2024-02-17,12:45:00,4564,0,0,0,0,0,229.0,226.0,0.0,0.1,February,Saturday,12,Local,0
1708164000,2024-02-17 13:00:00,2024-02-17,13:00:00,4565,0,0,0,1,0,234.8,232.8,150.0,0.1,February,Saturday,13,Local,0
1708164900,2024-02-17 13:15:00,2024-02-17,13:15:00,4566,1,0,1,1,0,233.3,232.0,3300.0,0.9172,February,Saturday,13,Local,0
1708165800,2024-02-17 13:30:00,2024-02-17,13:30:00,4567,1,0,0,1,1,227.4,227.5,1500.0,0.4194,February,Saturday,13,Local,0
1708166700,2024-02-17 13:45:00,2024-02-17,13:45:00,4568,0,0,0,0,0,231.7,235.9,0.0,0.1,February,Saturday,13,Local,0
1708167600,2024-02-17 14:00:00,2024-02-17,14:00:00,4569,0,0,0,1,1,232.6,231.5,1350.0,0.3437,February,Saturday,14,Local,0
1708168500,2024-02-17 14:15:00,2024-02-17,14:15:00,4570,0,1,0,1,0,228.3,228.2,2650.0,0.5611,February,Saturday,14,Local,0
1708169400,2024-02-17 14:30:00,2024-02-17,14:30:00,4571,0,0,0,1,0,232.1,231.8,150.0,0.1,February,Saturday,14,Local,0
1708170300,2024-02-17 14:45:00,2024-02-17,14:45:00,4572,0,0,1,1,0,226.2,223.8,3150.0,0.852,February,Saturday,14,Local,0
1708171200,2024-02-17 15:00:00,2024-02-17,15:00:00,4573,0,0,0,1,0,232.5,231.0,150.0,0.1,February,Saturday,15,Local,0
1708172100,2024-02-17 15:15:00,2024-02-17,15:15:00,4574,0,0,0,1,0,231.6,232.0,150.0,0.1,February,Saturday,15,Local,0
1708173000,2024-02-17 15:30:00,2024-02-17,15:30:00,4575,0,0,0,1,0,229.1,229.8,150.0,0.1,February,Saturday,15,Local,0
1708173900,2024-02-17 15:45:00,2024-02-17,15:45:00,4576,0,0,0,0,0,229.8,231.7,0.0,0.1,February,Saturday,15,Local,0
1708174800,2024-02-17 16:00:00,2024-02-17,16:00:00,4577,1,0,0,1,0,229.7,228.9,300.0,0.1,February,Saturday,16,Local,0
1708175700,2024-02-17 16:15:00,2024-02-17,16:15:00,4578,0,0,0,1,0,229.1,225.1,150.0,0.1,February,Saturday,16,Local,0
1708176600,2024-02-17 16:30:00,2024-02-17,16:30:00,4579,0,1,0,0,0,233.4,236.1,2500.0,0.5593,February,Saturday,16,Local,0
1708177500,2024-02-17 16:45:00,2024-02-17,16:45:00,4580,0,0,0,1,0,227.1,228.1,150.0,0.1,February,Saturday,16,Local,0
1708178400,2024-02-17 17:00:00,2024-02-17,17:00:00,4581,0,0,0,1,0,229.5,227.2,150.0,0.1,February,Saturday,17,Local,0
1708179300,2024-02-17 17:15:00,2024-02-17,17:15:00,4582,0,0,0,1,0,231.8,232.0,150.0,0.1,February,Saturday,17,Local,0
1708180200,2024-02-17 17:30:00,2024-02-17,17:30:00,4583,0,0,0,1,0,231.7,233.1,150.0,0.1,February,Saturday,17,Local,0
1708181100,2024-02-17 17:45:00,2024-02-17,17:45:00,4584,0,1,0,0,0,229.6,231.9,2500.0,0.6686,February,Saturday,17,Local,0
1708182000,2024-02-17 18:00:00,2024-02-17,18:00:00,4585,0,0,1,1,0,233.6,234.0,3150.0,0.8498,February,Saturday,18,Local,0
1708182900,2024-02-17 18:15:00,2024-02-17,18:15:00,4586,1,1,1,1,0,231.4,229.8,5800.0,1.793,February,Saturday,18,Local,0
1708183800,2024-02-17 18:30:00,2024-02-17,18:30:00,4587,1,0,1,1,0,229.2,227.3,3300.0,0.7822,February,Saturday,18,Local,0
1708184700,2024-02-17 18:45:00,2024-02-17,18:45:00,4588,1,0,1,0,0,231.6,231.4,3150.0,0.9146,February,Saturday,18,Local,0
1708185600,2024-02-17 19:00:00,2024-02-17,19:00:00,4589,1,0,0,1,0,232.6,236.5,300.0,0.1,February,Saturday,19,Local,0
1708186500,2024-02-17 19:15:00,2024-02-17,19:15:00,4590,1,0,1,1,0,236.2,234.7,3300.0,0.8047,February,Saturday,19,Local,0
1708187400,2024-02-17 19:30:00,2024-02-17,19:30:00,4591,1,0,1,1,0,232.1,234.0,3300.0,0.8205,February,Saturday,19,Local,0
1708188300,2024-02-17 19:45:00,2024-02-17,19:45:00,4592,1,0,0,0,0,229.8,232.7,150.0,0.1,February,Saturday,19,Local,0
1708189200,2024-02-17 20:00:00,2024-02-17,20:00:00,4593,1,0,0,1,0,228.4,232.8,300.0,0.1,February,Saturday,20,Local,0
1708190100,2024-02-17 20:15:00,2024-02-17,20:15:00,4594,1,0,0,0,1,228.9,228.5,1350.0,0.3183,February,Saturday,20,Local,0
1708191000,2024-02-17 20:30:00,2024-02-17,20:30:00,4595,1,0,0,1,0,231.8,230.3,300.0,0.1,February,Saturday,20,Local,0
1708191900,2024-02-17 20:45:00,2024-02-17,20:45:00,4596,1,0,1,0,0,229.4,229.5,3150.0,0.9436,February,Saturday,20,Local,0
1708192800,2024-02-17 21:00:00,2024-02-17,21:00:00,4597,1,0,0,1,0,230.9,232.8,300.0,0.1,February,Saturday,21,Local,0
1708193700,2024-02-17 21:15:00,2024-02-17,21:15:00,4598,1,0,0,1,0,233.0,233.8,300.0,0.1,February,Saturday,21,Local,0
1708194600,2024-02-17 21:30:00,2024-02-17,21:30:00,4599,1,0,0,1,0,234.8,237.4,300.0,0.1,February,Saturday,21,Local,0
1708195500,2024-02-17 21:45:00,2024-02-17,21:45:00,4600,1,0,0,0,0,229.4,227.5,150.0,0.1,February,Saturday,21,Local,0
1708196400,2024-02-17 22:00:00,2024-02-17,22:00:00,4601,1,0,0,1,0,226.8,226.6,300.0,0.1,February,Saturday,22,Local,0
1708197300,2024-02-17 22:15:00,2024-02-17,22:15:00,4602,0,0,0,1,0,225.3,227.2,150.0,0.1,February,Saturday,22,Local,0
1708198200,2024-02-17 22:30:00,2024-02-17,22:30:00,4603,1,0,0,0,0,230.8,234.3,150.0,0.1,February,Saturday,22,Local,0
1708199100,2024-02-17 22:45:00,2024-02-17,22:45:00,4604,1,1,0,0,0,229.9,231.6,2650.0,0.7928,February,Saturday,22,Local,0
1708200000,2024-02-17 23:00:00,2024-02-17,23:00:00,4605,0,0,0,0,0,226.9,230.2,0.0,0.1,February,Saturday,23,Local,0
1708200900,2024-02-17 23:15:00,2024-02-17,23:15:00,4606,1,0,0,1,0,228.3,228.8,300.0,0.1,February,Saturday,23,Local,0
1708201800,2024-02-17 23:30:00,2024-02-17,23:30:00,4607,1,0,0,0,0,231.4,232.0,150.0,0.1,February,Saturday,23,Local,0
1708202700,2024-02-17 23:45:00,2024-02-17,23:45:00,4608,0,0,0,0,1,227.8,229.4,1200.0,0.3309,February,Saturday,23,Local,0
1708203600,2024-02-18 00:00:00,2024-02-18,00:00:00,4609,0,0,0,1,0,230.0,230.0,150.0,0.1,February,Sunday,0,Local,0
1708204500,2024-02-18 00:15:00,2024-02-18,00:15:00,4610,0,0,0,1,0,228.9,228.3,150.0,0.1,February,Sunday,0,Local,0
1708205400,2024-02-18 00:30:00,2024-02-18,00:30:00,4611,0,0,0,1,0,229.4,229.2,150.0,0.1,February,Sunday,0,Local,0
1708206300,2024-02-18 00:45:00,2024-02-18,00:45:00,4612,0,0,0,0,0,231.8,226.8,0.0,0.1,February,Sunday,0,Local,0
1708207200,2024-02-18 01:00:00,2024-02-18,01:00:00,4613,0,0,0,1,0,233.7,234.2,150.0,0.1,February,Sunday,1,Local,0
1708208100,2024-02-18 01:15:00,2024-02-18,01:15:00,4614,0,0,0,1,0,232.5,235.1,650.0,0.153,February,Sunday,1,Local,0
1708209000,2024-02-18 01:30:00,2024-02-18,01:30:00,4615,0,0,0,1,0,232.9,232.0,150.0,0.1,February,Sunday,1,Local,0
1708209900,2024-02-18 01:45:00,2024-02-18,01:45:00,4616,0,0,0,0,0,226.1,227.7,0.0,0.1,February,Sunday,1,Local,0
1708210800,2024-02-18 02:00:00,2024-02-18,02:00:00,4617,0,0,0,1,0,226.9,226.8,150.0,0.1,February,Sunday,2,Local,0
1708211700,2024-02-18 02:15:00,2024-02-18,02:15:00,4618,0,0,0,1,0,228.4,227.8,150.0,0.1,February,Sunday,2,Local,0
1708212600,2024-02-18 02:30:00,2024-02-18,02:30:00,4619,0,0,0,1,0,231.6,232.3,650.0,0.1984,February,Sunday,2,Local,0
1708213500,2024-02-18 02:45:00,2024-02-18,02:45:00,4620,0,0,0,0,0,226.3,228.7,0.0,0.1,February,Sunday,2,Local,0
1708214400,2024-02-18 03:00:00,2024-02-18,03:00:00,4621,0,0,0,1,0,228.8,228.0,150.0,0.1,February,Sunday,3,Local,0
1708215300,2024-02-18 03:15:00,2024-02-18,03:15:00,4622,0,0,0,1,0,230.6,226.7,150.0,0.1,February,Sunday,3,Local,0
1708216200,2024-02-18 03:30:00,2024-02-18,03:30:00,4623,0,0,0,1,0,232.1,230.0,150.0,0.1,February,Sunday,3,Local,0
1708217100,2024-02-18 03:45:00,2024-02-18,03:45:00,4624,0,0,0,0,0,229.2,228.3,0.0,0.1,February,Sunday,3,Local,0
1708218000,2024-02-18 04:00:00,2024-02-18,04:00:00,4625,0,0,0,1,0,228.2,223.1,150.0,0.1,February,Sunday,4,Local,0
1708218900,2024-02-18 04:15:00,2024-02-18,04:15:00,4626,0,0,0,0,0,230.5,229.9,500.0,0.1434,February,Sunday,4,Local,0
1708219800,2024-02-18 04:30:00,2024-02-18,04:30:00,4627,0,0,0,1,0,228.8,229.2,150.0,0.1,February,Sunday,4,Local,0
1708220700,2024-02-18 04:45:00,2024-02-18,04:45:00,4628,0,0,0,0,0,226.4,230.0,0.0,0.1,February,Sunday,4,Local,0
1708221600,2024-02-18 05:00:00,2024-02-18,05:00:00,4629,0,0,0,1,0,234.3,238.1,150.0,0.1,February,Sunday,5,Local,0
1708222500,2024-02-18 05:15:00,2024-02-18,05:15:00,4630,0,0,0,1,0,232.3,233.0,150.0,0.1,February,Sunday,5,Local,0
1708223400,2024-02-18 05:30:00,2024-02-18,05:30:00,4631,0,0,0,1,0,232.8,229.7,150.0,0.1,February,Sunday,5,Local,0
1708224300,2024-02-18 05:45:00,2024-02-18,05:45:00,4632,0,0,0,0,0,234.8,235.6,0.0,0.1,February,Sunday,5,Local,0
1708225200,2024-02-18 06:00:00,2024-02-18,06:00:00,4633,0,0,0,1,0,231.3,231.6,150.0,0.1,February,Sunday,6,Local,0
1708226100,2024-02-18 06:15:00,2024-02-18,06:15:00,4634,0,0,0,0,0,227.8,228.5,0.0,0.1,February,Sunday,6,Local,0
1708227000,2024-02-18 06:30:00,2024-02-18,06:30:00,4635,0,0,0,1,0,229.3,226.6,150.0,0.1,February,Sunday,6,Local,0
1708227900,2024-02-18 06:45:00,2024-02-18,06:45:00,4636,0,0,0,0,0,226.1,224.8,0.0,0.1,February,Sunday,6,Local,0
1708228800,2024-02-18 07:00:00,2024-02-18,07:00:00,4637,0,0,0,0,0,236.5,234.5,0.0,0.1,February,Sunday,7,Local,0
1708229700,2024-02-18 07:15:00,2024-02-18,07:15:00,4638,0,0,1,1,0,230.3,229.1,3150.0,0.9139,February,Sunday,7,Local,0
1708230600,2024-02-18 07:30:00,2024-02-18,07:30:00,4639,0,0,0,1,1,232.6,231.1,1350.0,0.3995,February,Sunday,7,Local,0
1708231500,2024-02-18 07:45:00,2024-02-18,07:45:00,4640,0,0,0,0,0,226.3,228.3,0.0,0.1,February,Sunday,7,Local,0
1708232400,2024-02-18 08:00:00,2024-02-18,08:00:00,4641,0,0,0,0,0,226.1,228.8,0.0,0.1,February,Sunday,8,Local,0
1708233300,2024-02-18 08:15:00,2024-02-18,08:15:00,4642,0,0,0,1,0,231.1,231.6,150.0,0.1,February,Sunday,8,Local,0
1708234200,2024-02-18 08:30:00,2024-02-18,08:30:00,4643,0,0,0,1,0,235.8,239.0,150.0,0.1,February,Sunday,8,Local,0
1708235100,2024-02-18 08:45:00,2024-02-18,08:45:00,4644,0,0,0,0,0,229.6,228.3,0.0,0.1,February,Sunday,8,Local,0
1708236000,2024-02-18 09:00:00,2024-02-18,09:00:00,4645,1,0,0,1,0,233.4,231.6,300.0,0.1,February,Sunday,9,Local,0
1708236900,2024-02-18 09:15:00,2024-02-18,09:15:00,4646,0,1,0,1,0,226.6,226.4,2650.0,0.719,February,Sunday,9,Local,0
1708237800,2024-02-18 09:30:00,2024-02-18,09:30:00,4647,0,0,0,1,0,228.9,231.6,150.0,0.1,February,Sunday,9,Local,0
1708238700,2024-02-18 09:45:00,2024-02-18,09:45:00,4648,0,0,0,0,0,229.8,227.4,0.0,0.1,February,Sunday,9,Local,0
1708239600,2024-02-18 10:00:00,2024-02-18,10:00:00,4649,0,0,0,1,0,231.6,230.7,1150.0,0.27,February,Sunday,10,Local,0
1708240500,2024-02-18 10:15:00,2024-02-18,10:15:00,4650,0,0,0,1,0,237.2,240.4,150.0,0.1,February,Sunday,10,Local,0
1708241400,2024-02-18 10:30:00,2024-02-18,10:30:00,4651,0,0,0,1,0,235.2,236.2,150.0,0.1,February,Sunday,10,Local,0
1708242300,2024-02-18 10:45:00,2024-02-18,10:45:00,4652,0,0,0,0,0,232.6,229.2,0.0,0.1,February,Sunday,10,Local,0
1708243200,2024-02-18 11:00:00,2024-02-18,11:00:00,4653,0,1,0,1,0,231.1,230.6,2650.0,0.7313,February,Sunday,11,Local,0
1708244100,2024-02-18 11:15:00,2024-02-18,11:15:00,4654,0,0,0,1,0,235.2,236.0,150.0,0.1,February,Sunday,11,Local,0
1708245000,2024-02-18 11:30:00,2024-02-18,11:30:00,4655,0,0,0,1,0,234.1,233.8,150.0,0.1,February,Sunday,11,Local,0
1708245900,2024-02-18 11:45:00,2024-02-18,11:45:00,4656,0,1,0,0,0,232.5,232.9,2500.0,0.7948,February,Sunday,11,Local,0
1708246800,2024-02-18 12:00:00,2024-02-18,12:00:00,4657,0,0,1,1,0,229.0,226.3,3150.0,0.7835,February,Sunday,12,Local,0
1708247700,2024-02-18 12:15:00,2024-02-18,12:15:00,4658,0,0,0,1,0,230.5,227.3,150.0,0.1,February,Sunday,12,Local,0
1708248600,2024-02-18 12:30:00,2024-02-18,12:30:00,4659,0,0,0,1,0,228.4,228.8,150.0,0.1,February,Sunday,12,Local,0
1708249500,2024-02-18 12:45:00,2024-02-18,12:45:00,4660,0,0,0,0,0,229.2,230.0,0.0,0.1,February,Sunday,12,Local,0
1708250400,2024-02-18 13:00:00,2024-02-18,13:00:00,4661,0,0,0,0,0,231.4,228.9,0.0,0.1,February,Sunday,13,Local,0
1708251300,2024-02-18 13:15:00,2024-02-18,13:15:00,4662,0,0,0,1,0,227.8,229.3,150.0,0.1,February,Sunday,13,Local,0
1708252200,2024-02-18 13:30:00,2024-02-18,13:30:00,4663,1,0,1,1,0,231.7,232.4,3300.0,0.8595,February,Sunday,13,Local,0
1708253100,2024-02-18 13:45:00,2024-02-18,13:45:00,4664,0,0,1,0,0,240.0,236.8,3000.0,0.7693,February,Sunday,13,Local,0
1708254000,2024-02-18 14:00:00,2024-02-18,14:00:00,4665,0,1,0,1,0,233.0,231.3,2650.0,0.8147,February,Sunday,14,Local,0
1708254900,2024-02-18 14:15:00,2024-02-18,14:15:00,4666,0,0,0,1,0,230.5,230.9,150.0,0.1,February,Sunday,14,Local,0
1708255800,2024-02-18 14:30:00,2024-02-18,14:30:00,4667,0,0,0,1,0,228.5,232.9,150.0,0.1,February,Sunday,14,Local,0
1708256700,2024-02-18 14:45:00,2024-02-18,14:45:00,4668,0,0,0,0,0,233.1,233.7,0.0,0.1,February,Sunday,14,Local,0
1708257600,2024-02-18 15:00:00,2024-02-18,15:00:00,4669,0,0,0,1,0,229.7,231.2,150.0,0.1,February,Sunday,15,Local,0
1708258500,2024-02-18 15:15:00,2024-02-18,15:15:00,4670,0,0,0,1,0,226.6,225.7,150.0,0.1,February,Sunday,15,Local,0
1708259400,2024-02-18 15:30:00,2024-02-18,15:30:00,4671,0,0,0,1,0,230.5,228.5,150.0,0.1,February,Sunday,15,Local,0
1708260300,2024-02-18 15:45:00,2024-02-18,15:45:00,4672,0,0,0,0,0,225.7,226.0,0.0,0.1,February,Sunday,15,Local,0
1708261200,2024-02-18 16:00:00,2024-02-18,16:00:00,4673,1,0,0,1,0,230.8,228.5,300.0,0.1,February,Sunday,16,Local,0
1708262100,2024-02-18 16:15:00,2024-02-18,16:15:00,4674,0,0,0,1,0,230.2,229.6,150.0,0.1,February,Sunday,16,Local,0
1708263000,2024-02-18 16:30:00,2024-02-18,16:30:00,4675,0,0,0,1,0,229.6,225.7,150.0,0.1,February,Sunday,16,Local,0
1708263900,2024-02-18 16:45:00,2024-02-18,16:45:00,4676,0,0,0,1,0,236.6,236.1,150.0,0.1,February,Sunday,16,Local,0
1708264800,2024-02-18 17:00:00,2024-02-18,17:00:00,4677,1,1,0,1,0,230.8,232.9,2800.0,0.7554,February,Sunday,17,Local,0
1708265700,2024-02-18 17:15:00,2024-02-18,17:15:00,4678,1,0,1,1,0,228.1,226.3,3300.0,0.7725,February,Sunday,17,Local,0
1708266600,2024-02-18 17:30:00,2024-02-18,17:30:00,4679,1,0,0,1,0,225.8,225.8,300.0,0.1,February,Sunday,17,Local,0
1708267500,2024-02-18 17:45:00,2024-02-18,17:45:00,4680,0,0,0,1,1,227.1,229.3,1350.0,0.4252,February,Sunday,17,Local,0
1708268400,2024-02-18 18:00:00,2024-02-18,18:00:00,4681,0,0,1,1,0,233.3,233.2,3650.0,1.0742,February,Sunday,18,Local,0
1708269300,2024-02-18 18:15:00,2024-02-18,18:15:00,4682,1,0,0,1,1,230.8,233.7,1500.0,0.3498,February,Sunday,18,Local,0
1708270200,2024-02-18 18:30:00,2024-02-18,18:30:00,4683,0,0,0,1,0,225.3,222.7,150.0,0.1,February,Sunday,18,Local,0
1708271100,2024-02-18 18:45:00,2024-02-18,18:45:00,4684,1,0,1,0,0,230.8,230.1,3150.0,0.8794,February,Sunday,18,Local,0
1708272000,2024-02-18 19:00:00,2024-02-18,19:00:00,4685,1,0,1,0,0,233.7,234.8,3150.0,0.8591,February,Sunday,19,Local,0
1708272900,2024-02-18 19:15:00,2024-02-18,19:15:00,4686,1,0,1,1,0,229.6,225.3,3300.0,0.7902,February,Sunday,19,Local,0
1708273800,2024-02-18 19:30:00,2024-02-18,19:30:00,4687,1,0,0,1,0,225.7,227.4,300.0,0.1,February,Sunday,19,Local,0
1708274700,2024-02-18 19:45:00,2024-02-18,19:45:00,4688,1,0,0,0,0,227.5,225.4,150.0,0.1,February,Sunday,19,Local,0
1708275600,2024-02-18 20:00:00,2024-02-18,20:00:00,4689,1,1,0,1,0,227.8,229.8,3600.0,0.8931,February,Sunday,20,Local,0
1708276500,2024-02-18 20:15:00,2024-02-18,20:15:00,4690,1,0,0,1,1,233.9,233.8,1500.0,0.4364,February,Sunday,20,Local,0
1708277400,2024-02-18 20:30:00,2024-02-18,20:30:00,4691,1,1,1,1,0,230.6,228.5,5800.0,1.7238,February,Sunday,20,Local,0
1708278300,2024-02-18 20:45:00,2024-02-18,20:45:00,4692,1,1,0,0,0,232.2,232.0,2650.0,0.8019,February,Sunday,20,Local,0
1708279200,2024-02-18 21:00:00,2024-02-18,21:00:00,4693,1,0,0,1,0,230.5,232.2,300.0,0.1,February,Sunday,21,Local,0
1708280100,2024-02-18 21:15:00,2024-02-18,21:15:00,4694,1,0,0,1,0,230.3,231.1,300.0,0.1,February,Sunday,21,Local,0
1708281000,2024-02-18 21:30:00,2024-02-18,21:30:00,4695,1,0,1,1,0,228.9,231.4,3300.0,0.9188,February,Sunday,21,Local,0
1708281900,2024-02-18 21:45:00,2024-02-18,21:45:00,4696,1,0,0,0,0,230.0,230.9,150.0,0.1,February,Sunday,21,Local,0
1708282800,2024-02-18 22:00:00,2024-02-18,22:00:00,4697,1,0,0,1,0,234.3,233.8,300.0,0.1,February,Sunday,22,Local,0
1708283700,2024-02-18 22:15:00,2024-02-18,22:15:00,4698,1,0,1,1,0,232.8,236.4,3300.0,0.9332,February,Sunday,22,Local,0
1708284600,2024-02-18 22:30:00,2024-02-18,22:30:00,4699,1,0,0,1,0,232.1,227.5,300.0,0.1,February,Sunday,22,Local,0
1708285500,2024-02-18 22:45:00,2024-02-18,22:45:00,4700,0,0,0,0,0,230.3,230.9,0.0,0.1,February,Sunday,22,Local,0
1708286400,2024-02-18 23:00:00,2024-02-18,23:00:00,4701,0,0,0,1,0,230.0,229.7,150.0,0.1,February,Sunday,23,Local,0
1708287300,2024-02-18 23:15:00,2024-02-18,23:15:00,4702,0,0,0,1,0,228.8,225.3,150.0,0.1,February,Sunday,23,Local,0
1708288200,2024-02-18 23:30:00,2024-02-18,23:30:00,4703,0,0,0,1,0,227.9,226.8,150.0,0.1,February,Sunday,23,Local,0
1708289100,2024-02-18 23:45:00,2024-02-18,23:45:00,4704,1,0,0,0,0,231.0,233.7,150.0,0.1,February,Sunday,23,Local,0
1708290000,2024-02-19 00:00:00,2024-02-19,00:00:00,4705,1,0,0,1,0,230.8,230.9,300.0,0.1,February,Monday,0,Local,0
1708290900,2024-02-19 00:15:00,2024-02-19,00:15:00,4706,0,0,0,0,0,225.8,228.7,0.0,0.1,February,Monday,0,Local,0
1708291800,2024-02-19 00:30:00,2024-02-19,00:30:00,4707,0,0,0,1,0,228.2,227.9,150.0,0.1,February,Monday,0,Local,0
1708292700,2024-02-19 00:45:00,2024-02-19,00:45:00,4708,0,0,0,0,0,233.1,229.2,0.0,0.1,February,Monday,0,Local,0
1708293600,2024-02-19 01:00:00,2024-02-19,01:00:00,4709,0,0,0,1,0,228.7,229.2,950.0,0.2244,February,Monday,1,Local,0
1708294500,2024-02-19 01:15:00,2024-02-19,01:15:00,4710,0,0,0,1,0,232.7,232.5,150.0,0.1,February,Monday,1,Local,0
1708295400,2024-02-19 01:30:00,2024-02-19,01:30:00,4711,0,0,0,1,0,231.6,230.2,150.0,0.1,February,Monday,1,Local,0
1708296300,2024-02-19 01:45:00,2024-02-19,01:45:00,4712,0,0,0,0,0,227.7,228.4,0.0,0.1,February,Monday,1,Local,0
1708297200,2024-02-19 02:00:00,2024-02-19,02:00:00,4713,0,0,0,1,0,228.7,229.2,150.0,0.1,February,Monday,2,Local,0
1708298100,2024-02-19 02:15:00,2024-02-19,02:15:00,4714,0,0,0,1,0,230.2,229.8,150.0,0.1,February,Monday,2,Local,0
1708299000,2024-02-19 02:30:00,2024-02-19,02:30:00,4715,0,0,0,1,0,234.4,231.2,150.0,0.1,February,Monday,2,Local,0
1708299900,2024-02-19 02:45:00,2024-02-19,02:45:00,4716,0,0,0,0,0,230.1,226.6,0.0,0.1,February,Monday,2,Local,0
1708300800,2024-02-19 03:00:00,2024-02-19,03:00:00,4717,0,0,0,0,0,230.5,232.9,0.0,0.1,February,Monday,3,Local,0
1708301700,2024-02-19 03:15:00,2024-02-19,03:15:00,4718,0,0,0,1,0,231.1,231.4,150.0,0.1,February,Monday,3,Local,0
1708302600,2024-02-19 03:30:00,2024-02-19,03:30:00,4719,0,0,0,1,0,229.6,229.8,150.0,0.1,February,Monday,3,Local,0
1708303500,2024-02-19 03:45:00,2024-02-19,03:45:00,4720,0,0,0,0,0,228.4,227.8,0.0,0.1,February,Monday,3,Local,0
1708304400,2024-02-19 04:00:00,2024-02-19,04:00:00,4721,0,0,0,0,0,235.0,234.5,0.0,0.1,February,Monday,4,Local,0
1708305300,2024-02-19 04:15:00,2024-02-19,04:15:00,4722,0,0,0,1,0,233.9,230.6,150.0,0.1,February,Monday,4,Local,0
1708306200,2024-02-19 04:30:00,2024-02-19,04:30:00,4723,0,0,0,1,0,231.8,231.4,150.0,0.1,February,Monday,4,Local,0
1708307100,2024-02-19 04:45:00,2024-02-19,04:45:00,4724,0,0,0,0,0,227.3,228.9,0.0,0.1,February,Monday,4,Local,0
1708308000,2024-02-19 05:00:00,2024-02-19,05:00:00,4725,0,0,0,1,0,221.5,217.1,150.0,0.1,February,Monday,5,Local,0
1708308900,2024-02-19 05:15:00,2024-02-19,05:15:00,4726,0,0,0,1,0,228.6,231.7,150.0,0.1,February,Monday,5,Local,0
1708309800,2024-02-19 05:30:00,2024-02-19,05:30:00,4727,0,0,0,1,0,232.6,236.5,150.0,0.1,February,Monday,5,Local,0
1708310700,2024-02-19 05:45:00,2024-02-19,05:45:00,4728,0,0,0,0,0,232.2,232.7,0.0,0.1,February,Monday,5,Local,0
1708311600,2024-02-19 06:00:00,2024-02-19,06:00:00,4729,0,0,0,0,0,228.9,228.3,0.0,0.1,February,Monday,6,Local,0
1708312500,2024-02-19 06:15:00,2024-02-19,06:15:00,4730,0,0,0,1,0,227.4,229.7,150.0,0.1,February,Monday,6,Local,0
1708313400,2024-02-19 06:30:00,2024-02-19,06:30:00,4731,1,0,0,1,0,226.4,226.5,300.0,0.1,February,Monday,6,Local,0
1708314300,2024-02-19 06:45:00,2024-02-19,06:45:00,4732,0,0,0,0,0,230.5,229.4,0.0,0.1,February,Monday,6,Local,0
1708315200,2024-02-19 07:00:00,2024-02-19,07:00:00,4733,0,0,0,1,0,229.4,228.1,150.0,0.1,February,Monday,7,Local,0
1708316100,2024-02-19 07:15:00,2024-02-19,07:15:00,4734,0,0,0,1,0,229.8,229.5,150.0,0.1,February,Monday,7,Local,0
1708317000,2024-02-19 07:30:00,2024-02-19,07:30:00,4735,0,0,0,1,0,233.9,233.9,150.0,0.1,February,Monday,7,Local,0
1708317900,2024-02-19 07:45:00,2024-02-19,07:45:00,4736,0,0,1,0,0,229.6,230.3,3000.0,0.823,February,Monday,7,Local,0
1708318800,2024-02-19 08:00:00,2024-02-19,08:00:00,4737,0,0,0,1,0,230.1,226.0,150.0,0.1,February,Monday,8,Local,0
1708319700,2024-02-19 08:15:00,2024-02-19,08:15:00,4738,0,0,0,1,0,232.8,230.6,150.0,0.1,February,Monday,8,Local,0
1708320600,2024-02-19 08:30:00,2024-02-19,08:30:00,4739,0,1,0,0,0,232.1,230.1,2500.0,0.7741,February,Monday,8,Local,0
1708321500,2024-02-19 08:45:00,2024-02-19,08:45:00,4740,0,0,0,0,0,228.2,231.9,0.0,0.1,February,Monday,8,Local,0
1708322400,2024-02-19 09:00:00,2024-02-19,09:00:00,4741,0,0,0,1,0,228.0,228.5,150.0,0.1,February,Monday,9,Local,0
1708323300,2024-02-19 09:15:00,2024-02-19,09:15:00,4742,0,0,0,0,0,229.6,230.1,0.0,0.1,February,Monday,9,Local,0
1708324200,2024-02-19 09:30:00,2024-02-19,09:30:00,4743,0,1,0,1,0,231.0,227.2,2650.0,0.8878,February,Monday,9,Local,0
1708325100,2024-02-19 09:45:00,2024-02-19,09:45:00,4744,0,0,0,0,0,237.1,236.2,0.0,0.1,February,Monday,9,Local,0
1708326000,2024-02-19 10:00:00,2024-02-19,10:00:00,4745,0,0,0,1,0,232.1,234.0,150.0,0.1,February,Monday,10,Local,0
1708326900,2024-02-19 10:15:00,2024-02-19,10:15:00,4746,0,0,0,1,0,231.6,230.5,150.0,0.1,February,Monday,10,Local,0
1708327800,2024-02-19 10:30:00,2024-02-19,10:30:00,4747,0,0,0,1,0,226.5,226.1,150.0,0.1,February,Monday,10,Local,0
1708328700,2024-02-19 10:45:00,2024-02-19,10:45:00,4748,1,0,0,1,0,229.9,230.8,300.0,0.1,February,Monday,10,Local,0
1708329600,2024-02-19 11:00:00,2024-02-19,11:00:00,4749,0,0,0,1,0,234.3,231.8,150.0,0.1,February,Monday,11,Local,0
1708330500,2024-02-19 11:15:00,2024-02-19,11:15:00,4750,0,0,0,1,0,226.7,226.8,150.0,0.1,February,Monday,11,Local,0
1708331400,2024-02-19 11:30:00,2024-02-19,11:30:00,4751,0,1,0,1,0,234.1,230.9,2650.0,0.6492,February,Monday,11,Local,0
1708332300,2024-02-19 11:45:00,2024-02-19,11:45:00,4752,0,0,0,0,0,231.3,233.6,0.0,0.1,February,Monday,11,Local,0
1708333200,2024-02-19 12:00:00,2024-02-19,12:00:00,4753,1,0,0,1,0,227.7,228.1,300.0,0.1,February,Monday,12,Local,0
1708334100,2024-02-19 12:15:00,2024-02-19,12:15:00,4754,0,0,0,1,0,234.6,234.8,150.0,0.1,February,Monday,12,Local,0
1708335000,2024-02-19 12:30:00,2024-02-19,12:30:00,4755,0,0,0,1,0,233.2,233.8,150.0,0.1,February,Monday,12,Local,0
1708335900,2024-02-19 12:45:00,2024-02-19,12:45:00,4756,0,0,0,0,0,230.9,232.5,0.0,0.1,February,Monday,12,Local,0
1708336800,2024-02-19 13:00:00,2024-02-19,13:00:00,4757,0,1,0,1,0,227.4,227.7,2650.0,0.7505,February,Monday,13,Local,0
1708337700,2024-02-19 13:15:00,2024-02-19,13:15:00,4758,0,0,0,1,0,228.2,232.5,150.0,0.1,February,Monday,13,Local,0
1708338600,2024-02-19 13:30:00,2024-02-19,13:30:00,4759,0,0,0,1,0,231.3,231.0,150.0,0.1,February,Monday,13,Local,0
1708339500,2024-02-19 13:45:00,2024-02-19,13:45:00,4760,0,0,0,0,0,231.9,234.0,0.0,0.1,February,Monday,13,Local,0
1708340400,2024-02-19 14:00:00,2024-02-19,14:00:00,4761,0,1,0,1,0,229.8,228.7,2650.0,0.5561,February,Monday,14,Local,0
1708341300,2024-02-19 14:15:00,2024-02-19,14:15:00,4762,0,0,0,1,0,226.6,229.2,150.0,0.1,February,Monday,14,Local,0
1708342200,2024-02-19 14:30:00,2024-02-19,14:30:00,4763,0,0,0,0,0,232.4,231.4,0.0,0.1,February,Monday,14,Local,0
1708343100,2024-02-19 14:45:00,2024-02-19,14:45:00,4764,0,0,0,0,1,228.1,228.2,1200.0,0.3149,February,Monday,14,Local,0
1708344000,2024-02-19 15:00:00,2024-02-19,15:00:00,4765,0,0,0,1,0,232.7,234.4,650.0,0.1738,February,Monday,15,Local,0
1708344900,2024-02-19 15:15:00,2024-02-19,15:15:00,4766,0,1,0,1,0,233.4,236.1,2650.0,0.7319,February,Monday,15,Local,0
1708345800,2024-02-19 15:30:00,2024-02-19,15:30:00,4767,0,0,0,1,0,236.3,237.9,150.0,0.1,February,Monday,15,Local,0
1708346700,2024-02-19 15:45:00,2024-02-19,15:45:00,4768,0,1,0,0,0,232.0,230.7,2500.0,0.6072,February,Monday,15,Local,0
1708347600,2024-02-19 16:00:00,2024-02-19,16:00:00,4769,0,0,0,0,0,222.8,221.8,0.0,0.1,February,Monday,16,Local,0
1708348500,2024-02-19 16:15:00,2024-02-19,16:15:00,4770,0,1,0,1,0,230.8,228.7,2650.0,0.7699,February,Monday,16,Local,0
1708349400,2024-02-19 16:30:00,2024-02-19,16:30:00,4771,0,0,0,0,0,233.8,236.6,0.0,0.1,February,Monday,16,Local,0
1708350300,2024-02-19 16:45:00,2024-02-19,16:45:00,4772,0,0,0,0,0,227.3,226.8,0.0,0.1,February,Monday,16,Local,0
1708351200,2024-02-19 17:00:00,2024-02-19,17:00:00,4773,1,0,0,1,0,229.0,227.4,300.0,0.1002,February,Monday,17,Local,0
1708352100,2024-02-19 17:15:00,2024-02-19,17:15:00,4774,0,0,1,1,0,235.0,237.4,3150.0,0.8067,February,Monday,17,Local,0
1708353000,2024-02-19 17:30:00,2024-02-19,17:30:00,4775,1,1,0,0,0,226.3,227.2,2650.0,0.7435,February,Monday,17,Local,0
1708353900,2024-02-19 17:45:00,2024-02-19,17:45:00,4776,0,0,1,0,0,230.0,232.7,3000.0,0.9514,February,Monday,17,Local,0
1708354800,2024-02-19 18:00:00,2024-02-19,18:00:00,4777,1,0,1,1,0,228.2,230.3,3300.0,0.9244,February,Monday,18,Local,0
1708355700,2024-02-19 18:15:00,2024-02-19,18:15:00,4778,1,0,0,1,0,232.3,230.0,300.0,0.1,February,Monday,18,Local,0
1708356600,2024-02-19 18:30:00,2024-02-19,18:30:00,4779,1,1,1,1,0,230.9,231.3,5800.0,1.4198,February,Monday,18,Local,0
1708357500,2024-02-19 18:45:00,2024-02-19,18:45:00,4780,1,0,1,0,0,229.2,228.8,3150.0,0.9115,February,Monday,18,Local,0
1708358400,2024-02-19 19:00:00,2024-02-19,19:00:00,4781,1,0,1,1,0,230.5,231.7,3300.0,0.9724,February,Monday,19,Local,0
1708359300,2024-02-19 19:15:00,2024-02-19,19:15:00,4782,1,0,1,1,1,232.1,231.2,4500.0,0.9536,February,Monday,19,Local,0
1708360200,2024-02-19 19:30:00,2024-02-19,19:30:00,4783,1,0,0,1,0,231.2,232.0,300.0,0.1,February,Monday,19,Local,0
1708361100,2024-02-19 19:45:00,2024-02-19,19:45:00,4784,1,1,0,0,1,231.1,230.0,3850.0,1.1355,February,Monday,19,Local,0
1708362000,2024-02-19 20:00:00,2024-02-19,20:00:00,4785,1,0,0,0,0,228.0,231.1,150.0,0.1,February,Monday,20,Local,0
1708362900,2024-02-19 20:15:00,2024-02-19,20:15:00,4786,1,0,0,1,0,231.4,230.8,300.0,0.1,February,Monday,20,Local,0
1708363800,2024-02-19 20:30:00,2024-02-19,20:30:00,4787,1,0,0,1,0,226.1,230.6,300.0,0.1,February,Monday,20,Local,0
1708364700,2024-02-19 20:45:00,2024-02-19,20:45:00,4788,1,0,0,0,0,231.1,230.4,150.0,0.1,February,Monday,20,Local,0
1708365600,2024-02-19 21:00:00,2024-02-19,21:00:00,4789,1,0,1,1,0,226.2,227.3,3300.0,0.9602,February,Monday,21,Local,0
1708366500,2024-02-19 21:15:00,2024-02-19,21:15:00,4790,1,0,0,0,0,231.1,233.2,150.0,0.1,February,Monday,21,Local,0
1708367400,2024-02-19 21:30:00,2024-02-19,21:30:00,4791,1,0,0,1,0,232.6,233.8,300.0,0.1,February,Monday,21,Local,0
1708368300,2024-02-19 21:45:00,2024-02-19,21:45:00,4792,1,0,0,0,0,227.9,230.2,150.0,0.1,February,Monday,21,Local,0
1708369200,2024-02-19 22:00:00,2024-02-19,22:00:00,4793,0,0,0,1,0,230.0,232.5,150.0,0.1,February,Monday,22,Local,0
1708370100,2024-02-19 22:15:00,2024-02-19,22:15:00,4794,0,0,0,1,0,229.2,228.4,150.0,0.1,February,Monday,22,Local,0
1708371000,2024-02-19 22:30:00,2024-02-19,22:30:00,4795,0,0,0,1,0,227.7,227.7,150.0,0.1,February,Monday,22,Local,0
1708371900,2024-02-19 22:45:00,2024-02-19,22:45:00,4796,0,0,0,0,0,233.1,234.8,0.0,0.1,February,Monday,22,Local,0
1708372800,2024-02-19 23:00:00,2024-02-19,23:00:00,4797,0,0,0,1,0,234.5,236.8,150.0,0.1,February,Monday,23,Local,0
1708373700,2024-02-19 23:15:00,2024-02-19,23:15:00,4798,0,0,0,1,0,226.9,226.2,150.0,0.1,February,Monday,23,Local,0
1708374600,2024-02-19 23:30:00,2024-02-19,23:30:00,4799,0,0,0,1,0,228.2,227.9,150.0,0.1,February,Monday,23,Local,0
1708375500,2024-02-19 23:45:00,2024-02-19,23:45:00,4800,1,0,0,0,0,230.9,228.4,150.0,0.1,February,Monday,23,Local,0
1708376400,2024-02-20 00:00:00,2024-02-20,00:00:00,4801,0,0,0,1,0,227.5,230.2,150.0,0.1,February,Tuesday,0,Local,0
1708377300,2024-02-20 00:15:00,2024-02-20,00:15:00,4802,0,0,0,1,0,231.3,232.0,150.0,0.1,February,Tuesday,0,Local,0
1708378200,2024-02-20 00:30:00,2024-02-20,00:30:00,4803,0,0,0,1,0,234.6,235.6,150.0,0.1,February,Tuesday,0,Local,0
1708379100,2024-02-20 00:45:00,2024-02-20,00:45:00,4804,0,0,0,0,0,233.3,228.1,0.0,0.1,February,Tuesday,0,Local,0
1708380000,2024-02-20 01:00:00,2024-02-20,01:00:00,4805,1,0,0,1,0,229.6,227.2,300.0,0.1,February,Tuesday,1,Local,0
1708380900,2024-02-20 01:15:00,2024-02-20,01:15:00,4806,0,0,0,0,0,232.9,232.2,0.0,0.1,February,Tuesday,1,Local,0
1708381800,2024-02-20 01:30:00,2024-02-20,01:30:00,4807,0,0,0,1,0,227.5,228.7,150.0,0.1,February,Tuesday,1,Local,0
1708382700,2024-02-20 01:45:00,2024-02-20,01:45:00,4808,0,0,0,0,0,231.2,229.4,0.0,0.1,February,Tuesday,1,Local,0
1708383600,2024-02-20 02:00:00,2024-02-20,02:00:00,4809,0,0,0,1,0,231.0,233.8,150.0,0.1,February,Tuesday,2,Local,0
1708384500,2024-02-20 02:15:00,2024-02-20,02:15:00,4810,0,0,0,1,0,231.4,229.7,150.0,0.1,February,Tuesday,2,Local,0
1708385400,2024-02-20 02:30:00,2024-02-20,02:30:00,4811,0,0,0,0,0,233.4,235.5,0.0,0.1,February,Tuesday,2,Local,0
1708386300,2024-02-20 02:45:00,2024-02-20,02:45:00,4812,0,0,0,0,0,230.8,230.9,0.0,0.1,February,Tuesday,2,Local,0
1708387200,2024-02-20 03:00:00,2024-02-20,03:00:00,4813,0,0,0,1,0,224.6,222.9,150.0,0.1,February,Tuesday,3,Local,0
1708388100,2024-02-20 03:15:00,2024-02-20,03:15:00,4814,0,0,0,1,0,230.1,226.8,150.0,0.1,February,Tuesday,3,Local,0
1708389000,2024-02-20 03:30:00,2024-02-20,03:30:00,4815,0,0,0,1,0,229.4,231.7,150.0,0.1,February,Tuesday,3,Local,0
1708389900,2024-02-20 03:45:00,2024-02-20,03:45:00,4816,0,0,0,0,0,235.6,235.0,0.0,0.1,February,Tuesday,3,Local,0
1708390800,2024-02-20 04:00:00,2024-02-20,04:00:00,4817,0,0,0,0,0,231.8,233.1,0.0,0.1,February,Tuesday,4,Local,0
1708391700,2024-02-20 04:15:00,2024-02-20,04:15:00,4818,0,0,0,1,0,231.0,232.8,150.0,0.1,February,Tuesday,4,Local,0
1708392600,2024-02-20 04:30:00,2024-02-20,04:30:00,4819,0,0,0,1,0,230.2,227.4,150.0,0.1,February,Tuesday,4,Local,0
1708393500,2024-02-20 04:45:00,2024-02-20,04:45:00,4820,0,0,0,1,0,226.8,223.9,150.0,0.1,February,Tuesday,4,Local,0
1708394400,2024-02-20 05:00:00,2024-02-20,05:00:00,4821,1,0,0,1,0,235.8,235.9,300.0,0.1,February,Tuesday,5,Local,0
1708395300,2024-02-20 05:15:00,2024-02-20,05:15:00,4822,0,0,0,1,0,232.6,234.3,150.0,0.1,February,Tuesday,5,Local,0
1708396200,2024-02-20 05:30:00,2024-02-20,05:30:00,4823,0,0,0,1,0,234.2,235.9,150.0,0.1,February,Tuesday,5,Local,0
1708397100,2024-02-20 05:45:00,2024-02-20,05:45:00,4824,0,0,0,0,0,230.0,230.4,0.0,0.1,February,Tuesday,5,Local,0
1708398000,2024-02-20 06:00:00,2024-02-20,06:00:00,4825,0,0,0,0,0,232.6,231.7,0.0,0.1,February,Tuesday,6,Local,0
1708398900,2024-02-20 06:15:00,2024-02-20,06:15:00,4826,0,0,0,1,0,225.8,226.3,150.0,0.1,February,Tuesday,6,Local,0
1708399800,2024-02-20 06:30:00,2024-02-20,06:30:00,4827,0,0,0,1,0,227.0,227.3,150.0,0.1,February,Tuesday,6,Local,0
1708400700,2024-02-20 06:45:00,2024-02-20,06:45:00,4828,0,0,0,0,0,230.0,231.1,0.0,0.1,February,Tuesday,6,Local,0
1708401600,2024-02-20 07:00:00,2024-02-20,07:00:00,4829,0,0,0,1,0,228.7,228.9,150.0,0.1,February,Tuesday,7,Local,0
1708402500,2024-02-20 07:15:00,2024-02-20,07:15:00,4830,0,0,0,1,0,227.4,227.9,150.0,0.1,February,Tuesday,7,Local,0
1708403400,2024-02-20 07:30:00,2024-02-20,07:30:00,4831,0,0,0,1,0,231.4,231.5,150.0,0.1,February,Tuesday,7,Local,0
1708404300,2024-02-20 07:45:00,2024-02-20,07:45:00,4832,0,0,0,0,0,228.6,221.8,0.0,0.1,February,Tuesday,7,Local,0
1708405200,2024-02-20 08:00:00,2024-02-20,08:00:00,4833,0,0,1,1,0,229.7,227.9,3950.0,1.0332,February,Tuesday,8,Local,0
1708406100,2024-02-20 08:15:00,2024-02-20,08:15:00,4834,0,0,0,0,0,228.0,229.8,0.0,0.1,February,Tuesday,8,Local,0
1708407000,2024-02-20 08:30:00,2024-02-20,08:30:00,4835,0,0,0,1,0,229.6,228.4,150.0,0.1,February,Tuesday,8,Local,0
1708407900,2024-02-20 08:45:00,2024-02-20,08:45:00,4836,1,0,0,0,0,230.0,228.4,150.0,0.1,February,Tuesday,8,Local,0
1708408800,2024-02-20 09:00:00,2024-02-20,09:00:00,4837,0,0,0,0,1,235.1,236.2,1200.0,0.3669,February,Tuesday,9,Local,0
1708409700,2024-02-20 09:15:00,2024-02-20,09:15:00,4838,0,0,0,1,0,231.3,229.6,150.0,0.1,February,Tuesday,9,Local,0
1708410600,2024-02-20 09:30:00,2024-02-20,09:30:00,4839,0,0,0,1,0,229.8,227.9,150.0,0.1,February,Tuesday,9,Local,0
1708411500,2024-02-20 09:45:00,2024-02-20,09:45:00,4840,1,0,0,0,0,224.9,223.3,150.0,0.1,February,Tuesday,9,Local,0
1708412400,2024-02-20 10:00:00,2024-02-20,10:00:00,4841,0,0,0,1,0,228.3,232.1,950.0,0.2515,February,Tuesday,10,Local,0
1708413300,2024-02-20 10:15:00,2024-02-20,10:15:00,4842,0,0,0,1,0,227.7,224.1,150.0,0.1,February,Tuesday,10,Local,0
1708414200,2024-02-20 10:30:00,2024-02-20,10:30:00,4843,0,0,0,1,0,229.5,232.1,150.0,0.1,February,Tuesday,10,Local,0
1708415100,2024-02-20 10:45:00,2024-02-20,10:45:00,4844,1,0,0,0,0,223.2,223.9,150.0,0.1,February,Tuesday,10,Local,0
1708416000,2024-02-20 11:00:00,2024-02-20,11:00:00,4845,0,0,0,1,0,228.9,226.6,150.0,0.1,February,Tuesday,11,Local,0
1708416900,2024-02-20 11:15:00,2024-02-20,11:15:00,4846,0,0,0,1,0,235.0,235.0,150.0,0.1,February,Tuesday,11,Local,0
1708417800,2024-02-20 11:30:00,2024-02-20,11:30:00,4847,0,1,0,1,1,232.3,231.8,3850.0,1.0008,February,Tuesday,11,Local,0
1708418700,2024-02-20 11:45:00,2024-02-20,11:45:00,4848,0,0,0,0,0,229.0,232.1,0.0,0.1,February,Tuesday,11,Local,0
1708419600,2024-02-20 12:00:00,2024-02-20,12:00:00,4849,0,0,0,1,1,229.9,230.5,1350.0,0.3393,February,Tuesday,12,Local,0
1708420500,2024-02-20 12:15:00,2024-02-20,12:15:00,4850,0,0,0,1,1,227.0,224.4,1350.0,0.408,February,Tuesday,12,Local,0
1708421400,2024-02-20 12:30:00,2024-02-20,12:30:00,4851,1,1,0,1,0,228.5,228.3,2800.0,0.719,February,Tuesday,12,Local,0
1708422300,2024-02-20 12:45:00,2024-02-20,12:45:00,4852,0,0,0,1,0,224.8,222.1,150.0,0.1,February,Tuesday,12,Local,0
1708423200,2024-02-20 13:00:00,2024-02-20,13:00:00,4853,0,0,0,1,1,234.2,232.5,1350.0,0.3569,February,Tuesday,13,Local,0
1708424100,2024-02-20 13:15:00,2024-02-20,13:15:00,4854,0,0,0,1,0,230.3,231.6,150.0,0.1,February,Tuesday,13,Local,0
1708425000,2024-02-20 13:30:00,2024-02-20,13:30:00,4855,0,0,0,1,1,234.8,235.5,1350.0,0.3317,February,Tuesday,13,Local,0
1708425900,2024-02-20 13:45:00,2024-02-20,13:45:00,4856,0,0,0,0,0,228.3,229.7,0.0,0.1,February,Tuesday,13,Local,0
1708426800,2024-02-20 14:00:00,2024-02-20,14:00:00,4857,0,1,0,1,0,226.7,229.1,2650.0,0.7727,February,Tuesday,14,Local,0
1708427700,2024-02-20 14:15:00,2024-02-20,14:15:00,4858,0,0,0,1,0,229.0,230.3,150.0,0.1,February,Tuesday,14,Local,0
1708428600,2024-02-20 14:30:00,2024-02-20,14:30:00,4859,0,0,0,1,0,229.9,231.2,150.0,0.1,February,Tuesday,14,Local,0
1708429500,2024-02-20 14:45:00,2024-02-20,14:45:00,4860,1,0,0,0,0,234.4,237.5,150.0,0.1,February,Tuesday,14,Local,0
1708430400,2024-02-20 15:00:00,2024-02-20,15:00:00,4861,0,0,0,1,0,232.6,229.4,150.0,0.1,February,Tuesday,15,Local,0
1708431300,2024-02-20 15:15:00,2024-02-20,15:15:00,4862,0,0,0,1,0,226.6,228.0,150.0,0.1,February,Tuesday,15,Local,0
1708432200,2024-02-20 15:30:00,2024-02-20,15:30:00,4863,0,1,1,1,0,229.9,232.6,5650.0,1.5035,February,Tuesday,15,Local,0
1708433100,2024-02-20 15:45:00,2024-02-20,15:45:00,4864,0,0,0,0,0,230.5,230.9,0.0,0.1,February,Tuesday,15,Local,0
1708434000,2024-02-20 16:00:00,2024-02-20,16:00:00,4865,0,0,0,1,0,230.5,232.6,150.0,0.1,February,Tuesday,16,Local,0
1708434900,2024-02-20 16:15:00,2024-02-20,16:15:00,4866,0,0,1,1,0,226.1,227.0,3150.0,0.9603,February,Tuesday,16,Local,0
1708435800,2024-02-20 16:30:00,2024-02-20,16:30:00,4867,0,0,0,1,0,236.3,237.8,150.0,0.1,February,Tuesday,16,Local,0
1708436700,2024-02-20 16:45:00,2024-02-20,16:45:00,4868,0,0,0,0,0,233.4,231.6,0.0,0.1,February,Tuesday,16,Local,0
1708437600,2024-02-20 17:00:00,2024-02-20,17:00:00,4869,0,0,0,1,0,232.9,228.8,150.0,0.1,February,Tuesday,17,Local,0
1708438500,2024-02-20 17:15:00,2024-02-20,17:15:00,4870,0,0,0,0,0,231.1,230.5,0.0,0.1,February,Tuesday,17,Local,0
1708439400,2024-02-20 17:30:00,2024-02-20,17:30:00,4871,0,0,1,1,0,224.1,224.9,3150.0,1.0502,February,Tuesday,17,Local,0
1708440300,2024-02-20 17:45:00,2024-02-20,17:45:00,4872,1,0,0,1,0,229.5,229.3,300.0,0.1,February,Tuesday,17,Local,0
1708441200,2024-02-20 18:00:00,2024-02-20,18:00:00,4873,1,1,1,1,0,228.6,229.0,5800.0,1.676,February,Tuesday,18,Local,0
1708442100,2024-02-20 18:15:00,2024-02-20,18:15:00,4874,0,0,1,1,0,230.4,231.8,3150.0,0.8573,February,Tuesday,18,Local,0
1708443000,2024-02-20 18:30:00,2024-02-20,18:30:00,4875,1,0,0,1,0,232.0,234.3,1100.0,0.3356,February,Tuesday,18,Local,0
1708443900,2024-02-20 18:45:00,2024-02-20,18:45:00,4876,0,0,1,0,0,227.6,228.7,3000.0,0.7605,February,Tuesday,18,Local,0
1708444800,2024-02-20 19:00:00,2024-02-20,19:00:00,4877,1,0,0,1,1,232.4,229.3,1500.0,0.4461,February,Tuesday,19,Local,0
1708445700,2024-02-20 19:15:00,2024-02-20,19:15:00,4878,1,0,0,1,0,225.9,227.4,300.0,0.1,February,Tuesday,19,Local,0
1708446600,2024-02-20 19:30:00,2024-02-20,19:30:00,4879,0,0,0,1,0,228.7,225.7,150.0,0.1,February,Tuesday,19,Local,0
1708447500,2024-02-20 19:45:00,2024-02-20,19:45:00,4880,1,0,0,0,0,233.7,231.4,150.0,0.1,February,Tuesday,19,Local,0
1708448400,2024-02-20 20:00:00,2024-02-20,20:00:00,4881,1,0,0,1,0,229.0,229.9,300.0,0.1,February,Tuesday,20,Local,0
1708449300,2024-02-20 20:15:00,2024-02-20,20:15:00,4882,1,0,0,1,0,234.2,233.1,300.0,0.1,February,Tuesday,20,Local,0
1708450200,2024-02-20 20:30:00,2024-02-20,20:30:00,4883,1,0,1,0,0,228.3,226.7,3150.0,0.8387,February,Tuesday,20,Local,0
1708451100,2024-02-20 20:45:00,2024-02-20,20:45:00,4884,1,0,0,0,0,233.1,232.4,150.0,0.1,February,Tuesday,20,Local,0
1708452000,2024-02-20 21:00:00,2024-02-20,21:00:00,4885,1,0,0,1,0,221.8,221.9,300.0,0.1,February,Tuesday,21,Local,0
1708452900,2024-02-20 21:15:00,2024-02-20,21:15:00,4886,1,0,0,1,0,229.3,228.7,300.0,0.1,February,Tuesday,21,Local,0
1708453800,2024-02-20 21:30:00,2024-02-20,21:30:00,4887,0,0,0,1,0,235.4,239.6,150.0,0.1,February,Tuesday,21,Local,0
1708454700,2024-02-20 21:45:00,2024-02-20,21:45:00,4888,1,0,1,0,0,229.1,227.5,3150.0,0.8859,February,Tuesday,21,Local,0
1708455600,2024-02-20 22:00:00,2024-02-20,22:00:00,4889,1,0,0,1,1,228.7,231.8,1500.0,0.3896,February,Tuesday,22,Local,0
1708456500,2024-02-20 22:15:00,2024-02-20,22:15:00,4890,0,0,0,1,0,225.7,223.7,150.0,0.1,February,Tuesday,22,Local,0
1708457400,2024-02-20 22:30:00,2024-02-20,22:30:00,4891,1,0,0,1,0,230.1,233.3,300.0,0.1,February,Tuesday,22,Local,0
1708458300,2024-02-20 22:45:00,2024-02-20,22:45:00,4892,1,0,0,0,0,227.4,227.6,150.0,0.1,February,Tuesday,22,Local,0
1708459200,2024-02-20 23:00:00,2024-02-20,23:00:00,4893,1,0,0,1,0,231.5,232.9,300.0,0.1,February,Tuesday,23,Local,0
1708460100,2024-02-20 23:15:00,2024-02-20,23:15:00,4894,0,0,0,1,1,229.7,227.6,1350.0,0.3355,February,Tuesday,23,Local,0
1708461000,2024-02-20 23:30:00,2024-02-20,23:30:00,4895,0,0,0,1,0,230.7,233.5,150.0,0.1,February,Tuesday,23,Local,0
1708461900,2024-02-20 23:45:00,2024-02-20,23:45:00,4896,0,0,0,0,0,227.3,227.8,0.0,0.1,February,Tuesday,23,Local,0
1708462800,2024-02-21 00:00:00,2024-02-21,00:00:00,4897,0,0,0,1,0,230.2,228.3,150.0,0.1,February,Wednesday,0,Local,0
1708463700,2024-02-21 00:15:00,2024-02-21,00:15:00,4898,0,0,0,1,0,225.3,228.1,150.0,0.1,February,Wednesday,0,Local,0
1708464600,2024-02-21 00:30:00,2024-02-21,00:30:00,4899,0,0,0,1,0,228.9,227.9,150.0,0.1,February,Wednesday,0,Local,0
1708465500,2024-02-21 00:45:00,2024-02-21,00:45:00,4900,0,0,0,0,0,227.4,228.0,0.0,0.1,February,Wednesday,0,Local,0
1708466400,2024-02-21 01:00:00,2024-02-21,01:00:00,4901,0,0,0,1,0,232.1,229.1,150.0,0.1,February,Wednesday,1,Local,0
1708467300,2024-02-21 01:15:00,2024-02-21,01:15:00,4902,0,0,0,1,0,231.8,227.7,150.0,0.1,February,Wednesday,1,Local,0
1708468200,2024-02-21 01:30:00,2024-02-21,01:30:00,4903,0,0,0,1,0,235.1,235.0,150.0,0.1,February,Wednesday,1,Local,0
1708469100,2024-02-21 01:45:00,2024-02-21,01:45:00,4904,0,0,0,0,0,230.1,231.6,0.0,0.1,February,Wednesday,1,Local,0
1708470000,2024-02-21 02:00:00,2024-02-21,02:00:00,4905,0,0,0,1,0,233.3,234.2,150.0,0.1,February,Wednesday,2,Local,0
1708470900,2024-02-21 02:15:00,2024-02-21,02:15:00,4906,0,0,0,1,0,230.6,233.5,150.0,0.1,February,Wednesday,2,Local,0
1708471800,2024-02-21 02:30:00,2024-02-21,02:30:00,4907,0,0,0,1,0,234.1,230.1,150.0,0.1,February,Wednesday,2,Local,0
1708472700,2024-02-21 02:45:00,2024-02-21,02:45:00,4908,0,0,0,0,0,228.8,229.1,0.0,0.1,February,Wednesday,2,Local,0
1708473600,2024-02-21 03:00:00,2024-02-21,03:00:00,4909,0,0,0,1,0,229.5,227.7,150.0,0.1,February,Wednesday,3,Local,0
1708474500,2024-02-21 03:15:00,2024-02-21,03:15:00,4910,0,0,0,1,0,232.6,234.7,150.0,0.1,February,Wednesday,3,Local,0
1708475400,2024-02-21 03:30:00,2024-02-21,03:30:00,4911,0,0,0,1,0,232.9,233.3,150.0,0.1,February,Wednesday,3,Local,0
1708476300,2024-02-21 03:45:00,2024-02-21,03:45:00,4912,0,0,0,0,0,229.7,231.0,0.0,0.1,February,Wednesday,3,Local,0
1708477200,2024-02-21 04:00:00,2024-02-21,04:00:00,4913,0,0,0,1,0,226.3,226.0,150.0,0.1,February,Wednesday,4,Local,0
1708478100,2024-02-21 04:15:00,2024-02-21,04:15:00,4914,0,0,0,1,0,226.5,227.5,150.0,0.1,February,Wednesday,4,Local,0
1708479000,2024-02-21 04:30:00,2024-02-21,04:30:00,4915,0,0,0,1,0,232.1,237.6,150.0,0.1,February,Wednesday,4,Local,0
1708479900,2024-02-21 04:45:00,2024-02-21,04:45:00,4916,0,0,0,0,0,231.2,230.6,0.0,0.2003,February,Wednesday,4,Local,1
1708480800,2024-02-21 05:00:00,2024-02-21,05:00:00,4917,0,0,0,0,0,228.3,228.1,0.0,0.1,February,Wednesday,5,Local,0
1708481700,2024-02-21 05:15:00,2024-02-21,05:15:00,4918,0,0,0,1,0,223.3,221.5,150.0,0.1,February,Wednesday,5,Local,0
1708482600,2024-02-21 05:30:00,2024-02-21,05:30:00,4919,0,0,0,1,0,230.9,229.9,150.0,0.1,February,Wednesday,5,Local,0
1708483500,2024-02-21 05:45:00,2024-02-21,05:45:00,4920,0,0,0,0,0,228.7,226.5,0.0,0.1,February,Wednesday,5,Local,0
1708484400,2024-02-21 06:00:00,2024-02-21,06:00:00,4921,0,0,0,1,0,226.4,226.5,150.0,0.1,February,Wednesday,6,Local,0
1708485300,2024-02-21 06:15:00,2024-02-21,06:15:00,4922,0,0,0,1,0,231.5,232.1,150.0,0.1,February,Wednesday,6,Local,0
1708486200,2024-02-21 06:30:00,2024-02-21,06:30:00,4923,0,0,0,1,0,228.5,228.2,150.0,0.1,February,Wednesday,6,Local,0
1708487100,2024-02-21 06:45:00,2024-02-21,06:45:00,4924,0,0,0,0,0,230.6,231.2,0.0,0.1,February,Wednesday,6,Local,0
1708488000,2024-02-21 07:00:00,2024-02-21,07:00:00,4925,0,0,0,1,0,229.7,230.4,150.0,0.1,February,Wednesday,7,Local,0
1708488900,2024-02-21 07:15:00,2024-02-21,07:15:00,4926,1,0,0,1,0,229.6,229.9,300.0,0.1,February,Wednesday,7,Local,0
1708489800,2024-02-21 07:30:00,2024-02-21,07:30:00,4927,0,0,1,0,0,232.6,229.9,3000.0,0.8856,February,Wednesday,7,Local,0
1708490700,2024-02-21 07:45:00,2024-02-21,07:45:00,4928,1,0,0,0,0,228.4,230.0,150.0,0.1,February,Wednesday,7,Local,0
1708491600,2024-02-21 08:00:00,2024-02-21,08:00:00,4929,0,1,0,1,1,234.6,236.4,3850.0,0.9295,February,Wednesday,8,Local,0
1708492500,2024-02-21 08:15:00,2024-02-21,08:15:00,4930,0,0,0,1,0,226.2,221.9,150.0,0.1,February,Wednesday,8,Local,0
1708493400,2024-02-21 08:30:00,2024-02-21,08:30:00,4931,0,1,0,1,0,232.3,232.4,2650.0,0.7318,February,Wednesday,8,Local,0
1708494300,2024-02-21 08:45:00,2024-02-21,08:45:00,4932,0,0,0,0,0,231.8,230.4,0.0,0.1,February,Wednesday,8,Local,0
1708495200,2024-02-21 09:00:00,2024-02-21,09:00:00,4933,0,1,0,1,0,230.0,229.5,2650.0,0.7379,February,Wednesday,9,Local,0
1708496100,2024-02-21 09:15:00,2024-02-21,09:15:00,4934,0,1,0,1,0,227.8,228.3,2650.0,0.8265,February,Wednesday,9,Local,0
1708497000,2024-02-21 09:30:00,2024-02-21,09:30:00,4935,0,0,0,1,0,227.2,227.6,150.0,0.1,February,Wednesday,9,Local,0
1708497900,2024-02-21 09:45:00,2024-02-21,09:45:00,4936,0,0,0,0,0,233.7,234.2,0.0,0.1,February,Wednesday,9,Local,0
1708498800,2024-02-21 10:00:00,2024-02-21,10:00:00,4937,0,0,0,1,0,234.3,234.2,150.0,0.1,February,Wednesday,10,Local,0
1708499700,2024-02-21 10:15:00,2024-02-21,10:15:00,4938,0,1,0,1,0,229.4,232.3,2650.0,0.7734,February,Wednesday,10,Local,0
1708500600,2024-02-21 10:30:00,2024-02-21,10:30:00,4939,0,0,0,0,0,234.5,234.4,0.0,0.1,February,Wednesday,10,Local,0
1708501500,2024-02-21 10:45:00,2024-02-21,10:45:00,4940,0,0,0,0,0,228.1,227.9,0.0,0.1,February,Wednesday,10,Local,0
1708502400,2024-02-21 11:00:00,2024-02-21,11:00:00,4941,0,0,0,1,0,231.0,232.5,1650.0,0.4567,February,Wednesday,11,Local,0
1708503300,2024-02-21 11:15:00,2024-02-21,11:15:00,4942,0,0,1,1,0,230.1,229.7,3150.0,0.918,February,Wednesday,11,Local,0
1708504200,2024-02-21 11:30:00,2024-02-21,11:30:00,4943,1,1,0,1,0,231.3,229.5,2800.0,0.7919,February,Wednesday,11,Local,0
1708505100,2024-02-21 11:45:00,2024-02-21,11:45:00,4944,0,0,0,0,0,227.5,224.9,0.0,0.1,February,Wednesday,11,Local,0
1708506000,2024-02-21 12:00:00,2024-02-21,12:00:00,4945,0,0,0,1,0,228.0,231.6,150.0,0.1,February,Wednesday,12,Local,0
1708506900,2024-02-21 12:15:00,2024-02-21,12:15:00,4946,0,0,0,1,0,230.0,231.0,150.0,0.1,February,Wednesday,12,Local,0
1708507800,2024-02-21 12:30:00,2024-02-21,12:30:00,4947,0,0,0,1,0,233.7,234.8,150.0,0.1,February,Wednesday,12,Local,0
1708508700,2024-02-21 12:45:00,2024-02-21,12:45:00,4948,0,0,0,0,0,229.8,229.6,0.0,0.1,February,Wednesday,12,Local,0
1708509600,2024-02-21 13:00:00,2024-02-21,13:00:00,4949,0,0,0,1,0,231.0,230.3,150.0,0.1,February,Wednesday,13,Local,0
1708510500,2024-02-21 13:15:00,2024-02-21,13:15:00,4950,0,0,0,1,0,228.2,225.5,150.0,0.1,February,Wednesday,13,Local,0
1708511400,2024-02-21 13:30:00,2024-02-21,13:30:00,4951,0,0,0,1,0,230.0,231.0,150.0,0.1,February,Wednesday,13,Local,0
1708512300,2024-02-21 13:45:00,2024-02-21,13:45:00,4952,0,0,0,0,0,230.9,231.9,0.0,0.1,February,Wednesday,13,Local,0
1708513200,2024-02-21 14:00:00,2024-02-21,14:00:00,4953,0,0,0,1,0,234.8,233.0,150.0,0.1,February,Wednesday,14,Local,0
1708514100,2024-02-21 14:15:00,2024-02-21,14:15:00,4954,0,0,0,1,0,229.5,224.1,150.0,0.1,February,Wednesday,14,Local,0
1708515000,2024-02-21 14:30:00,2024-02-21,14:30:00,4955,0,0,0,1,0,223.7,222.3,150.0,0.1,February,Wednesday,14,Local,0
1708515900,2024-02-21 14:45:00,2024-02-21,14:45:00,4956,1,1,0,0,1,228.8,229.6,3850.0,0.9523,February,Wednesday,14,Local,0
1708516800,2024-02-21 15:00:00,2024-02-21,15:00:00,4957,0,0,0,0,0,236.0,237.6,0.0,0.1,February,Wednesday,15,Local,0
1708517700,2024-02-21 15:15:00,2024-02-21,15:15:00,4958,0,1,0,1,0,232.8,233.5,2650.0,0.7559,February,Wednesday,15,Local,0
1708518600,2024-02-21 15:30:00,2024-02-21,15:30:00,4959,0,0,0,1,0,231.4,230.4,150.0,0.1,February,Wednesday,15,Local,0
1708519500,2024-02-21 15:45:00,2024-02-21,15:45:00,4960,1,0,0,1,0,230.0,232.3,1800.0,0.5528,February,Wednesday,15,Local,0
1708520400,2024-02-21 16:00:00,2024-02-21,16:00:00,4961,1,1,0,1,0,232.2,233.0,2800.0,0.7467,February,Wednesday,16,Local,0
1708521300,2024-02-21 16:15:00,2024-02-21,16:15:00,4962,0,0,0,1,0,233.0,237.7,150.0,0.1,February,Wednesday,16,Local,0
1708522200,2024-02-21 16:30:00,2024-02-21,16:30:00,4963,0,0,0,1,0,229.6,230.3,150.0,0.1,February,Wednesday,16,Local,0
1708523100,2024-02-21 16:45:00,2024-02-21,16:45:00,4964,0,0,0,0,0,231.0,230.7,0.0,0.1,February,Wednesday,16,Local,0
1708524000,2024-02-21 17:00:00,2024-02-21,17:00:00,4965,0,0,0,0,0,233.3,234.0,0.0,0.1,February,Wednesday,17,Local,0
1708524900,2024-02-21 17:15:00,2024-02-21,17:15:00,4966,1,1,0,1,1,231.3,233.4,4000.0,1.1703,February,Wednesday,17,Local,0
1708525800,2024-02-21 17:30:00,2024-02-21,17:30:00,4967,1,0,0,1,0,233.4,234.8,300.0,0.1,February,Wednesday,17,Local,0
1708526700,2024-02-21 17:45:00,2024-02-21,17:45:00,4968,1,1,0,0,0,226.8,229.2,2650.0,0.6645,February,Wednesday,17,Local,0
1708527600,2024-02-21 18:00:00,2024-02-21,18:00:00,4969,0,0,0,1,0,223.0,222.7,1650.0,0.4967,February,Wednesday,18,Local,0
1708528500,2024-02-21 18:15:00,2024-02-21,18:15:00,4970,0,0,0,1,0,233.6,233.2,150.0,0.1,February,Wednesday,18,Local,0
1708529400,2024-02-21 18:30:00,2024-02-21,18:30:00,4971,1,0,0,0,0,230.3,232.3,150.0,0.1,February,Wednesday,18,Local,0
1708530300,2024-02-21 18:45:00,2024-02-21,18:45:00,4972,0,0,1,0,0,230.6,230.0,3000.0,0.8936,February,Wednesday,18,Local,0
1708531200,2024-02-21 19:00:00,2024-02-21,19:00:00,4973,0,0,1,1,0,226.5,225.1,3150.0,0.769,February,Wednesday,19,Local,0
1708532100,2024-02-21 19:15:00,2024-02-21,19:15:00,4974,0,0,1,1,0,231.7,230.0,3150.0,0.8235,February,Wednesday,19,Local,0
1708533000,2024-02-21 19:30:00,2024-02-21,19:30:00,4975,1,0,0,1,0,232.6,234.6,300.0,0.1,February,Wednesday,19,Local,0
1708533900,2024-02-21 19:45:00,2024-02-21,19:45:00,4976,1,1,1,0,1,231.2,229.1,6850.0,1.918,February,Wednesday,19,Local,0
1708534800,2024-02-21 20:00:00,2024-02-21,20:00:00,4977,0,0,0,1,0,229.5,231.6,150.0,0.1,February,Wednesday,20,Local,0
1708535700,2024-02-21 20:15:00,2024-02-21,20:15:00,4978,1,0,0,1,0,229.6,232.8,300.0,0.1,February,Wednesday,20,Local,0
1708536600,2024-02-21 20:30:00,2024-02-21,20:30:00,4979,0,0,0,0,0,230.5,232.3,0.0,0.1,February,Wednesday,20,Local,0
1708537500,2024-02-21 20:45:00,2024-02-21,20:45:00,4980,1,0,0,0,1,233.6,233.9,1350.0,0.396,February,Wednesday,20,Local,0
1708538400,2024-02-21 21:00:00,2024-02-21,21:00:00,4981,1,0,0,1,0,229.0,226.2,300.0,0.1017,February,Wednesday,21,Local,0
1708539300,2024-02-21 21:15:00,2024-02-21,21:15:00,4982,1,0,0,1,0,229.2,229.8,300.0,0.1,February,Wednesday,21,Local,0
1708540200,2024-02-21 21:30:00,2024-02-21,21:30:00,4983,1,0,0,1,0,232.0,233.2,300.0,0.1,February,Wednesday,21,Local,0
1708541100,2024-02-21 21:45:00,2024-02-21,21:45:00,4984,1,0,1,0,0,230.5,232.6,3150.0,0.9812,February,Wednesday,21,Local,0
1708542000,2024-02-21 22:00:00,2024-02-21,22:00:00,4985,1,0,0,1,0,232.8,234.4,300.0,0.1,February,Wednesday,22,Local,0
1708542900,2024-02-21 22:15:00,2024-02-21,22:15:00,4986,1,0,0,1,0,226.2,224.9,300.0,0.1,February,Wednesday,22,Local,0
1708543800,2024-02-21 22:30:00,2024-02-21,22:30:00,4987,1,0,0,1,0,228.1,225.3,300.0,0.1,February,Wednesday,22,Local,0
1708544700,2024-02-21 22:45:00,2024-02-21,22:45:00,4988,0,0,0,0,0,234.2,231.8,0.0,0.1,February,Wednesday,22,Local,0
1708545600,2024-02-21 23:00:00,2024-02-21,23:00:00,4989,0,0,0,1,0,220.9,225.2,150.0,0.1,February,Wednesday,23,Local,0
1708546500,2024-02-21 23:15:00,2024-02-21,23:15:00,4990,1,0,0,1,0,224.7,226.2,300.0,0.1,February,Wednesday,23,Local,0
1708547400,2024-02-21 23:30:00,2024-02-21,23:30:00,4991,0,0,0,1,1,228.4,225.6,1350.0,0.3659,February,Wednesday,23,Local,0
1708548300,2024-02-21 23:45:00,2024-02-21,23:45:00,4992,0,0,0,0,0,225.3,222.3,0.0,0.1,February,Wednesday,23,Local,0
1708549200,2024-02-22 00:00:00,2024-02-22,00:00:00,4993,0,0,0,0,0,229.8,230.0,0.0,0.1,February,Thursday,0,Local,0
1708550100,2024-02-22 00:15:00,2024-02-22,00:15:00,4994,0,0,0,1,0,219.4,213.8,150.0,0.1,February,Thursday,0,Local,0
1708551000,2024-02-22 00:30:00,2024-02-22,00:30:00,4995,0,0,0,1,0,230.9,232.5,950.0,0.2511,February,Thursday,0,Local,0
1708551900,2024-02-22 00:45:00,2024-02-22,00:45:00,4996,0,0,0,0,0,225.9,226.4,0.0,0.1,February,Thursday,0,Local,0
1708552800,2024-02-22 01:00:00,2024-02-22,01:00:00,4997,0,0,0,1,0,230.8,232.3,150.0,0.1,February,Thursday,1,Local,0
1708553700,2024-02-22 01:15:00,2024-02-22,01:15:00,4998,0,0,0,1,0,229.4,229.9,150.0,0.1,February,Thursday,1,Local,0
1708554600,2024-02-22 01:30:00,2024-02-22,01:30:00,4999,0,0,0,1,0,225.9,224.0,150.0,0.1,February,Thursday,1,Local,0
1708555500,2024-02-22 01:45:00,2024-02-22,01:45:00,5000,0,0,0,1,0,227.0,228.0,150.0,0.1,February,Thursday,1,Local,0
1708556400,2024-02-22 02:00:00,2024-02-22,02:00:00,5001,0,0,0,1,0,230.4,231.3,150.0,0.1,February,Thursday,2,Local,0
1708557300,2024-02-22 02:15:00,2024-02-22,02:15:00,5002,0,0,0,1,0,230.2,228.2,150.0,0.1,February,Thursday,2,Local,0
1708558200,2024-02-22 02:30:00,2024-02-22,02:30:00,5003,0,0,0,1,0,232.0,231.8,150.0,0.1,February,Thursday,2,Local,0
1708559100,2024-02-22 02:45:00,2024-02-22,02:45:00,5004,1,0,0,0,0,226.4,227.6,150.0,0.1,February,Thursday,2,Local,0
1708560000,2024-02-22 03:00:00,2024-02-22,03:00:00,5005,0,0,0,1,0,228.3,228.3,150.0,0.1,February,Thursday,3,Local,0
1708560900,2024-02-22 03:15:00,2024-02-22,03:15:00,5006,0,0,0,1,0,236.0,235.2,150.0,0.1,February,Thursday,3,Local,0
1708561800,2024-02-22 03:30:00,2024-02-22,03:30:00,5007,0,0,0,1,0,228.3,227.9,150.0,0.1,February,Thursday,3,Local,0
1708562700,2024-02-22 03:45:00,2024-02-22,03:45:00,5008,0,0,0,0,0,231.2,230.8,0.0,0.1,February,Thursday,3,Local,0
1708563600,2024-02-22 04:00:00,2024-02-22,04:00:00,5009,0,0,0,0,0,230.6,230.0,0.0,0.1,February,Thursday,4,Local,0
1708564500,2024-02-22 04:15:00,2024-02-22,04:15:00,5010,0,0,0,1,0,231.8,236.5,150.0,0.1,February,Thursday,4,Local,0
1708565400,2024-02-22 04:30:00,2024-02-22,04:30:00,5011,0,0,0,1,0,227.2,227.9,150.0,0.1,February,Thursday,4,Local,0
1708566300,2024-02-22 04:45:00,2024-02-22,04:45:00,5012,0,0,0,0,0,233.1,229.2,0.0,0.1,February,Thursday,4,Local,0
1708567200,2024-02-22 05:00:00,2024-02-22,05:00:00,5013,0,0,0,1,0,230.3,229.0,150.0,0.1,February,Thursday,5,Local,0
1708568100,2024-02-22 05:15:00,2024-02-22,05:15:00,5014,0,0,0,1,0,228.1,227.3,150.0,0.1,February,Thursday,5,Local,0
1708569000,2024-02-22 05:30:00,2024-02-22,05:30:00,5015,0,0,0,1,0,227.9,226.5,150.0,0.1,February,Thursday,5,Local,0
1708569900,2024-02-22 05:45:00,2024-02-22,05:45:00,5016,0,0,0,0,0,233.5,233.6,0.0,0.1,February,Thursday,5,Local,0
1708570800,2024-02-22 06:00:00,2024-02-22,06:00:00,5017,0,0,0,1,0,228.5,229.9,150.0,0.1,February,Thursday,6,Local,0
1708571700,2024-02-22 06:15:00,2024-02-22,06:15:00,5018,0,0,0,1,0,229.7,229.2,150.0,0.1,February,Thursday,6,Local,0
1708572600,2024-02-22 06:30:00,2024-02-22,06:30:00,5019,0,0,0,1,0,231.1,233.7,150.0,0.1,February,Thursday,6,Local,0
1708573500,2024-02-22 06:45:00,2024-02-22,06:45:00,5020,0,0,0,0,0,229.1,233.0,0.0,0.1,February,Thursday,6,Local,0
1708574400,2024-02-22 07:00:00,2024-02-22,07:00:00,5021,0,0,0,1,0,232.0,234.5,1150.0,0.3388,February,Thursday,7,Local,0
1708575300,2024-02-22 07:15:00,2024-02-22,07:15:00,5022,0,0,0,0,0,227.7,227.0,0.0,0.1,February,Thursday,7,Local,0
1708576200,2024-02-22 07:30:00,2024-02-22,07:30:00,5023,0,0,0,1,0,228.5,230.6,150.0,0.1,February,Thursday,7,Local,0
1708577100,2024-02-22 07:45:00,2024-02-22,07:45:00,5024,1,0,0,0,1,229.8,230.2,1350.0,0.3596,February,Thursday,7,Local,0
1708578000,2024-02-22 08:00:00,2024-02-22,08:00:00,5025,0,0,0,1,0,229.0,228.5,150.0,0.1,February,Thursday,8,Local,0
1708578900,2024-02-22 08:15:00,2024-02-22,08:15:00,5026,0,0,0,1,0,231.8,233.0,950.0,0.2636,February,Thursday,8,Local,0
1708579800,2024-02-22 08:30:00,2024-02-22,08:30:00,5027,0,0,0,1,0,228.4,231.3,150.0,0.1,February,Thursday,8,Local,0
1708580700,2024-02-22 08:45:00,2024-02-22,08:45:00,5028,0,0,0,0,0,234.9,232.6,0.0,0.1,February,Thursday,8,Local,0
1708581600,2024-02-22 09:00:00,2024-02-22,09:00:00,5029,0,0,0,1,0,230.5,229.2,150.0,0.1,February,Thursday,9,Local,0
1708582500,2024-02-22 09:15:00,2024-02-22,09:15:00,5030,0,1,0,1,0,228.7,229.0,2650.0,0.713,February,Thursday,9,Local,0
1708583400,2024-02-22 09:30:00,2024-02-22,09:30:00,5031,1,0,0,1,0,228.7,227.3,300.0,0.1,February,Thursday,9,Local,0
1708584300,2024-02-22 09:45:00,2024-02-22,09:45:00,5032,0,1,0,0,0,223.8,224.3,2500.0,0.6641,February,Thursday,9,Local,0
1708585200,2024-02-22 10:00:00,2024-02-22,10:00:00,5033,0,0,0,1,0,232.3,229.3,150.0,0.1,February,Thursday,10,Local,0
1708586100,2024-02-22 10:15:00,2024-02-22,10:15:00,5034,0,1,0,1,0,231.9,233.8,2650.0,0.7274,February,Thursday,10,Local,0
1708587000,2024-02-22 10:30:00,2024-02-22,10:30:00,5035,0,0,0,1,0,233.5,233.4,150.0,0.1,February,Thursday,10,Local,0
1708587900,2024-02-22 10:45:00,2024-02-22,10:45:00,5036,0,0,0,0,0,226.7,226.9,0.0,0.1,February,Thursday,10,Local,0
1708588800,2024-02-22 11:00:00,2024-02-22,11:00:00,5037,0,1,0,1,0,227.9,227.3,2650.0,0.7481,February,Thursday,11,Local,0
1708589700,2024-02-22 11:15:00,2024-02-22,11:15:00,5038,0,0,0,1,0,230.5,233.2,150.0,0.1,February,Thursday,11,Local,0
1708590600,2024-02-22 11:30:00,2024-02-22,11:30:00,5039,0,1,0,1,0,232.7,232.2,2650.0,0.7611,February,Thursday,11,Local,0
1708591500,2024-02-22 11:45:00,2024-02-22,11:45:00,5040,0,1,0,0,0,233.3,233.4,2500.0,0.713,February,Thursday,11,Local,0
1708592400,2024-02-22 12:00:00,2024-02-22,12:00:00,5041,0,0,0,1,0,232.3,232.7,150.0,0.1,February,Thursday,12,Local,0
1708593300,2024-02-22 12:15:00,2024-02-22,12:15:00,5042,0,0,0,1,0,229.9,228.3,150.0,0.1,February,Thursday,12,Local,0
1708594200,2024-02-22 12:30:00,2024-02-22,12:30:00,5043,0,0,0,1,0,229.3,227.4,150.0,0.1,February,Thursday,12,Local,0
1708595100,2024-02-22 12:45:00,2024-02-22,12:45:00,5044,0,0,0,0,0,229.0,230.1,0.0,0.1,February,Thursday,12,Local,0
1708596000,2024-02-22 13:00:00,2024-02-22,13:00:00,5045,0,0,0,1,1,224.5,226.3,1350.0,0.3769,February,Thursday,13,Local,0
1708596900,2024-02-22 13:15:00,2024-02-22,13:15:00,5046,0,0,1,1,0,232.6,235.0,3150.0,0.7718,February,Thursday,13,Local,0
1708597800,2024-02-22 13:30:00,2024-02-22,13:30:00,5047,0,0,0,1,0,229.0,228.6,150.0,0.1,February,Thursday,13,Local,0
1708598700,2024-02-22 13:45:00,2024-02-22,13:45:00,5048,0,0,0,0,1,228.0,226.2,1200.0,0.3152,February,Thursday,13,Local,0
1708599600,2024-02-22 14:00:00,2024-02-22,14:00:00,5049,0,0,0,1,0,231.3,228.2,950.0,0.2697,February,Thursday,14,Local,0
1708600500,2024-02-22 14:15:00,2024-02-22,14:15:00,5050,1,0,0,1,0,227.4,225.7,300.0,0.1,February,Thursday,14,Local,0
1708601400,2024-02-22 14:30:00,2024-02-22,14:30:00,5051,0,0,0,1,0,228.5,227.2,150.0,0.1,February,Thursday,14,Local,0
1708602300,2024-02-22 14:45:00,2024-02-22,14:45:00,5052,1,0,0,0,0,234.0,232.9,150.0,0.1,February,Thursday,14,Local,0
1708603200,2024-02-22 15:00:00,2024-02-22,15:00:00,5053,0,0,0,1,0,231.9,230.7,150.0,0.1,February,Thursday,15,Local,0
1708604100,2024-02-22 15:15:00,2024-02-22,15:15:00,5054,0,1,0,1,0,232.5,228.9,2650.0,0.6774,February,Thursday,15,Local,0
1708605000,2024-02-22 15:30:00,2024-02-22,15:30:00,5055,0,0,0,1,0,228.7,226.3,150.0,0.1,February,Thursday,15,Local,0
1708605900,2024-02-22 15:45:00,2024-02-22,15:45:00,5056,0,0,0,0,0,230.9,231.2,0.0,0.1,February,Thursday,15,Local,0
1708606800,2024-02-22 16:00:00,2024-02-22,16:00:00,5057,0,1,0,1,1,233.6,232.2,3850.0,0.9562,February,Thursday,16,Local,0
1708607700,2024-02-22 16:15:00,2024-02-22,16:15:00,5058,0,1,0,0,0,233.5,232.6,2500.0,0.7333,February,Thursday,16,Local,0
1708608600,2024-02-22 16:30:00,2024-02-22,16:30:00,5059,0,0,0,1,0,225.2,228.0,150.0,0.1,February,Thursday,16,Local,0
1708609500,2024-02-22 16:45:00,2024-02-22,16:45:00,5060,0,0,0,0,0,224.4,224.9,800.0,0.1972,February,Thursday,16,Local,0
1708610400,2024-02-22 17:00:00,2024-02-22,17:00:00,5061,0,1,0,1,0,234.8,235.0,2650.0,0.766,February,Thursday,17,Local,0
1708611300,2024-02-22 17:15:00,2024-02-22,17:15:00,5062,0,1,0,1,0,232.7,233.4,2650.0,0.7779,February,Thursday,17,Local,0
1708612200,2024-02-22 17:30:00,2024-02-22,17:30:00,5063,0,0,0,0,0,227.0,226.7,1500.0,0.4389,February,Thursday,17,Local,0
1708613100,2024-02-22 17:45:00,2024-02-22,17:45:00,5064,0,0,0,0,0,233.6,235.0,0.0,0.1,February,Thursday,17,Local,0
1708614000,2024-02-22 18:00:00,2024-02-22,18:00:00,5065,0,1,1,1,1,232.3,233.4,6850.0,2.01,February,Thursday,18,Local,0
1708614900,2024-02-22 18:15:00,2024-02-22,18:15:00,5066,0,1,0,1,1,230.0,230.3,4850.0,1.1621,February,Thursday,18,Local,0
1708615800,2024-02-22 18:30:00,2024-02-22,18:30:00,5067,0,0,0,1,0,227.3,228.7,150.0,0.1,February,Thursday,18,Local,0
1708616700,2024-02-22 18:45:00,2024-02-22,18:45:00,5068,1,0,0,0,0,226.0,225.8,150.0,0.1,February,Thursday,18,Local,0
1708617600,2024-02-22 19:00:00,2024-02-22,19:00:00,5069,1,0,0,1,1,232.8,230.9,1500.0,0.481,February,Thursday,19,Local,0
1708618500,2024-02-22 19:15:00,2024-02-22,19:15:00,5070,1,0,0,1,1,226.7,228.6,1500.0,0.4313,February,Thursday,19,Local,0
1708619400,2024-02-22 19:30:00,2024-02-22,19:30:00,5071,1,0,0,1,0,229.2,233.2,300.0,0.1,February,Thursday,19,Local,0
1708620300,2024-02-22 19:45:00,2024-02-22,19:45:00,5072,1,0,0,0,0,233.4,231.1,150.0,0.1,February,Thursday,19,Local,0
1708621200,2024-02-22 20:00:00,2024-02-22,20:00:00,5073,1,1,0,0,0,227.3,230.8,2650.0,0.7203,February,Thursday,20,Local,0
1708622100,2024-02-22 20:15:00,2024-02-22,20:15:00,5074,1,0,1,1,0,226.3,225.2,3300.0,1.0351,February,Thursday,20,Local,0
1708623000,2024-02-22 20:30:00,2024-02-22,20:30:00,5075,0,1,0,1,0,228.6,226.1,2650.0,0.6003,February,Thursday,20,Local,0
1708623900,2024-02-22 20:45:00,2024-02-22,20:45:00,5076,1,1,0,0,1,228.2,231.6,3850.0,1.1946,February,Thursday,20,Local,0
1708624800,2024-02-22 21:00:00,2024-02-22,21:00:00,5077,1,0,0,1,0,232.0,233.0,800.0,0.2276,February,Thursday,21,Local,0
1708625700,2024-02-22 21:15:00,2024-02-22,21:15:00,5078,1,0,0,1,0,232.5,231.4,300.0,0.1,February,Thursday,21,Local,0
1708626600,2024-02-22 21:30:00,2024-02-22,21:30:00,5079,0,0,0,1,0,226.8,226.2,150.0,0.1,February,Thursday,21,Local,0
1708627500,2024-02-22 21:45:00,2024-02-22,21:45:00,5080,1,0,0,0,0,232.5,234.4,150.0,0.1,February,Thursday,21,Local,0
1708628400,2024-02-22 22:00:00,2024-02-22,22:00:00,5081,1,0,0,1,0,231.3,231.3,1800.0,0.4956,February,Thursday,22,Local,0
1708629300,2024-02-22 22:15:00,2024-02-22,22:15:00,5082,1,0,0,1,0,230.8,231.3,300.0,0.1,February,Thursday,22,Local,0
1708630200,2024-02-22 22:30:00,2024-02-22,22:30:00,5083,1,0,1,1,0,237.0,234.7,3300.0,0.7406,February,Thursday,22,Local,0
1708631100,2024-02-22 22:45:00,2024-02-22,22:45:00,5084,1,0,0,0,0,223.7,224.5,150.0,0.1,February,Thursday,22,Local,0
1708632000,2024-02-22 23:00:00,2024-02-22,23:00:00,5085,0,0,0,1,0,226.3,225.9,150.0,0.1,February,Thursday,23,Local,0
1708632900,2024-02-22 23:15:00,2024-02-22,23:15:00,5086,1,0,0,1,0,226.6,228.2,300.0,0.1,February,Thursday,23,Local,0
1708633800,2024-02-22 23:30:00,2024-02-22,23:30:00,5087,1,0,0,1,0,226.1,227.3,300.0,0.1,February,Thursday,23,Local,0
1708634700,2024-02-22 23:45:00,2024-02-22,23:45:00,5088,0,0,0,0,0,224.8,224.5,0.0,0.1,February,Thursday,23,Local,0
1708635600,2024-02-23 00:00:00,2024-02-23,00:00:00,5089,0,0,0,1,0,226.9,226.7,150.0,0.1,February,Friday,0,Local,0
1708636500,2024-02-23 00:15:00,2024-02-23,00:15:00,5090,0,0,0,1,0,228.7,226.3,150.0,0.1,February,Friday,0,Local,0
1708637400,2024-02-23 00:30:00,2024-02-23,00:30:00,5091,0,0,0,1,0,231.3,231.9,150.0,0.1,February,Friday,0,Local,0
1708638300,2024-02-23 00:45:00,2024-02-23,00:45:00,5092,0,0,0,0,0,232.2,234.5,0.0,0.1,February,Friday,0,Local,0
1708639200,2024-02-23 01:00:00,2024-02-23,01:00:00,5093,0,0,0,1,0,230.9,230.3,150.0,0.1,February,Friday,1,Local,0
1708640100,2024-02-23 01:15:00,2024-02-23,01:15:00,5094,0,0,0,1,0,227.7,227.6,150.0,0.1,February,Friday,1,Local,0
1708641000,2024-02-23 01:30:00,2024-02-23,01:30:00,5095,0,0,0,1,0,227.6,228.0,150.0,0.1,February,Friday,1,Local,0
1708641900,2024-02-23 01:45:00,2024-02-23,01:45:00,5096,0,0,0,0,0,232.1,230.4,0.0,0.1,February,Friday,1,Local,0
1708642800,2024-02-23 02:00:00,2024-02-23,02:00:00,5097,0,0,0,1,0,226.9,225.8,150.0,0.1,February,Friday,2,Local,0
1708643700,2024-02-23 02:15:00,2024-02-23,02:15:00,5098,0,0,0,0,0,231.6,228.0,0.0,0.1,February,Friday,2,Local,0
1708644600,2024-02-23 02:30:00,2024-02-23,02:30:00,5099,0,0,0,1,0,228.7,227.6,150.0,0.1,February,Friday,2,Local,0
1708645500,2024-02-23 02:45:00,2024-02-23,02:45:00,5100,0,0,0,1,0,238.3,237.1,150.0,0.1,February,Friday,2,Local,0
1708646400,2024-02-23 03:00:00,2024-02-23,03:00:00,5101,0,0,0,1,0,231.7,233.9,150.0,0.1,February,Friday,3,Local,0
1708647300,2024-02-23 03:15:00,2024-02-23,03:15:00,5102,0,0,0,1,0,229.5,231.4,150.0,0.1,February,Friday,3,Local,0
1708648200,2024-02-23 03:30:00,2024-02-23,03:30:00,5103,0,0,0,1,0,230.1,230.9,150.0,0.1,February,Friday,3,Local,0
1708649100,2024-02-23 03:45:00,2024-02-23,03:45:00,5104,0,0,0,0,0,231.0,231.0,0.0,0.1,February,Friday,3,Local,0
1708650000,2024-02-23 04:00:00,2024-02-23,04:00:00,5105,0,0,0,1,0,230.8,229.1,150.0,0.1,February,Friday,4,Local,0
1708650900,2024-02-23 04:15:00,2024-02-23,04:15:00,5106,0,0,0,1,0,230.6,230.1,2150.0,0.4874,February,Friday,4,Local,0
1708651800,2024-02-23 04:30:00,2024-02-23,04:30:00,5107,0,0,0,1,0,229.3,227.1,150.0,0.1,February,Friday,4,Local,0
1708652700,2024-02-23 04:45:00,2024-02-23,04:45:00,5108,0,0,0,0,0,229.0,225.4,0.0,0.1,February,Friday,4,Local,0
1708653600,2024-02-23 05:00:00,2024-02-23,05:00:00,5109,0,0,0,1,0,229.2,227.7,150.0,0.1,February,Friday,5,Local,0
1708654500,2024-02-23 05:15:00,2024-02-23,05:15:00,5110,0,0,0,1,0,231.4,232.7,150.0,0.1,February,Friday,5,Local,0
1708655400,2024-02-23 05:30:00,2024-02-23,05:30:00,5111,0,0,0,1,0,229.5,233.0,150.0,0.1,February,Friday,5,Local,0
1708656300,2024-02-23 05:45:00,2024-02-23,05:45:00,5112,0,0,0,0,0,230.5,230.1,0.0,0.1,February,Friday,5,Local,0
1708657200,2024-02-23 06:00:00,2024-02-23,06:00:00,5113,0,0,0,1,0,233.1,228.9,150.0,0.1,February,Friday,6,Local,0
1708658100,2024-02-23 06:15:00,2024-02-23,06:15:00,5114,0,0,0,1,0,230.4,229.2,150.0,0.1,February,Friday,6,Local,0
1708659000,2024-02-23 06:30:00,2024-02-23,06:30:00,5115,0,0,0,1,0,226.0,227.7,150.0,0.1,February,Friday,6,Local,0
1708659900,2024-02-23 06:45:00,2024-02-23,06:45:00,5116,0,0,0,0,0,232.9,233.8,0.0,0.1,February,Friday,6,Local,0
1708660800,2024-02-23 07:00:00,2024-02-23,07:00:00,5117,0,0,0,1,0,225.8,225.9,150.0,0.1,February,Friday,7,Local,0
1708661700,2024-02-23 07:15:00,2024-02-23,07:15:00,5118,0,0,0,1,0,234.3,232.9,150.0,0.1,February,Friday,7,Local,0
1708662600,2024-02-23 07:30:00,2024-02-23,07:30:00,5119,0,0,0,1,0,233.2,230.7,150.0,0.1,February,Friday,7,Local,0
1708663500,2024-02-23 07:45:00,2024-02-23,07:45:00,5120,0,0,0,0,0,229.3,230.0,0.0,0.1,February,Friday,7,Local,0
1708664400,2024-02-23 08:00:00,2024-02-23,08:00:00,5121,0,0,0,1,0,229.7,229.9,150.0,0.1,February,Friday,8,Local,0
1708665300,2024-02-23 08:15:00,2024-02-23,08:15:00,5122,0,0,0,1,0,230.1,228.2,150.0,0.1,February,Friday,8,Local,0
1708666200,2024-02-23 08:30:00,2024-02-23,08:30:00,5123,0,0,0,0,1,226.3,224.5,1200.0,0.3821,February,Friday,8,Local,0
1708667100,2024-02-23 08:45:00,2024-02-23,08:45:00,5124,0,0,0,1,0,233.7,232.6,150.0,0.1,February,Friday,8,Local,0
1708668000,2024-02-23 09:00:00,2024-02-23,09:00:00,5125,0,0,0,1,0,232.6,233.5,150.0,0.1,February,Friday,9,Local,0
1708668900,2024-02-23 09:15:00,2024-02-23,09:15:00,5126,0,0,0,1,0,231.0,230.1,150.0,0.1,February,Friday,9,Local,0
1708669800,2024-02-23 09:30:00,2024-02-23,09:30:00,5127,0,0,0,1,0,232.6,235.9,150.0,0.1,February,Friday,9,Local,0
1708670700,2024-02-23 09:45:00,2024-02-23,09:45:00,5128,0,0,0,0,0,232.9,233.0,0.0,0.1,February,Friday,9,Local,0
1708671600,2024-02-23 10:00:00,2024-02-23,10:00:00,5129,0,0,0,1,0,225.2,227.9,150.0,0.1,February,Friday,10,Local,0
1708672500,2024-02-23 10:15:00,2024-02-23,10:15:00,5130,1,0,0,1,0,229.9,231.0,300.0,0.1,February,Friday,10,Local,0
1708673400,2024-02-23 10:30:00,2024-02-23,10:30:00,5131,0,1,0,1,0,225.6,220.9,2650.0,0.7953,February,Friday,10,Local,0
1708674300,2024-02-23 10:45:00,2024-02-23,10:45:00,5132,0,0,0,0,0,229.0,229.3,0.0,0.1,February,Friday,10,Local,0
1708675200,2024-02-23 11:00:00,2024-02-23,11:00:00,5133,0,0,0,1,0,227.4,224.9,150.0,0.1,February,Friday,11,Local,0
1708676100,2024-02-23 11:15:00,2024-02-23,11:15:00,5134,0,0,0,1,0,230.8,228.8,150.0,0.1,February,Friday,11,Local,0
1708677000,2024-02-23 11:30:00,2024-02-23,11:30:00,5135,0,0,0,1,0,236.9,242.3,150.0,0.1,February,Friday,11,Local,0
1708677900,2024-02-23 11:45:00,2024-02-23,11:45:00,5136,0,0,0,1,0,229.6,230.2,150.0,0.1,February,Friday,11,Local,0
1708678800,2024-02-23 12:00:00,2024-02-23,12:00:00,5137,1,0,1,1,0,230.7,233.5,4100.0,1.0843,February,Friday,12,Local,0
1708679700,2024-02-23 12:15:00,2024-02-23,12:15:00,5138,1,0,1,1,0,235.5,233.7,3300.0,1.0384,February,Friday,12,Local,0
1708680600,2024-02-23 12:30:00,2024-02-23,12:30:00,5139,0,0,0,1,0,231.0,233.1,150.0,0.1,February,Friday,12,Local,0
1708681500,2024-02-23 12:45:00,2024-02-23,12:45:00,5140,0,0,0,1,0,227.5,228.7,150.0,0.1,February,Friday,12,Local,0
1708682400,2024-02-23 13:00:00,2024-02-23,13:00:00,5141,0,1,0,1,0,225.2,228.7,2650.0,0.7376,February,Friday,13,Local,0
1708683300,2024-02-23 13:15:00,2024-02-23,13:15:00,5142,0,0,0,1,0,233.3,232.2,150.0,0.1,February,Friday,13,Local,0
1708684200,2024-02-23 13:30:00,2024-02-23,13:30:00,5143,1,0,0,1,0,235.7,235.6,300.0,0.1,February,Friday,13,Local,0
1708685100,2024-02-23 13:45:00,2024-02-23,13:45:00,5144,0,0,0,0,1,231.8,230.4,2700.0,0.6265,February,Friday,13,Local,0
1708686000,2024-02-23 14:00:00,2024-02-23,14:00:00,5145,0,0,0,1,0,227.7,224.6,150.0,0.1,February,Friday,14,Local,0
1708686900,2024-02-23 14:15:00,2024-02-23,14:15:00,5146,0,0,0,1,0,224.4,226.8,150.0,0.1,February,Friday,14,Local,0
1708687800,2024-02-23 14:30:00,2024-02-23,14:30:00,5147,0,0,0,1,0,231.9,234.3,150.0,0.1,February,Friday,14,Local,0
1708688700,2024-02-23 14:45:00,2024-02-23,14:45:00,5148,0,1,0,0,0,234.0,233.4,2500.0,0.6935,February,Friday,14,Local,0
1708689600,2024-02-23 15:00:00,2024-02-23,15:00:00,5149,0,0,0,1,0,223.1,223.0,150.0,0.1,February,Friday,15,Local,0
1708690500,2024-02-23 15:15:00,2024-02-23,15:15:00,5150,0,0,0,1,0,235.4,237.9,150.0,0.1,February,Friday,15,Local,0
1708691400,2024-02-23 15:30:00,2024-02-23,15:30:00,5151,0,0,0,1,1,225.9,231.1,1350.0,0.3833,February,Friday,15,Local,0
1708692300,2024-02-23 15:45:00,2024-02-23,15:45:00,5152,0,0,0,1,0,228.7,232.0,150.0,0.1,February,Friday,15,Local,0
1708693200,2024-02-23 16:00:00,2024-02-23,16:00:00,5153,0,0,0,1,0,231.1,233.0,150.0,0.1,February,Friday,16,Local,0
1708694100,2024-02-23 16:15:00,2024-02-23,16:15:00,5154,0,1,0,1,0,233.6,238.4,2650.0,0.6952,February,Friday,16,Local,0
1708695000,2024-02-23 16:30:00,2024-02-23,16:30:00,5155,0,0,0,1,1,230.9,231.5,1350.0,0.3494,February,Friday,16,Local,0
1708695900,2024-02-23 16:45:00,2024-02-23,16:45:00,5156,0,1,0,0,0,229.4,229.5,2500.0,0.6494,February,Friday,16,Local,0
1708696800,2024-02-23 17:00:00,2024-02-23,17:00:00,5157,0,0,0,1,0,235.6,234.6,150.0,0.1,February,Friday,17,Local,0
1708697700,2024-02-23 17:15:00,2024-02-23,17:15:00,5158,0,0,1,1,0,227.9,229.6,3150.0,0.9141,February,Friday,17,Local,0
1708698600,2024-02-23 17:30:00,2024-02-23,17:30:00,5159,0,0,0,0,0,234.4,231.4,0.0,0.1,February,Friday,17,Local,0
1708699500,2024-02-23 17:45:00,2024-02-23,17:45:00,5160,1,0,0,0,0,231.6,230.9,150.0,0.1,February,Friday,17,Local,0
1708700400,2024-02-23 18:00:00,2024-02-23,18:00:00,5161,0,0,0,1,0,230.7,234.8,150.0,0.1,February,Friday,18,Local,0
1708701300,2024-02-23 18:15:00,2024-02-23,18:15:00,5162,0,0,1,1,0,225.4,228.3,3150.0,0.7187,February,Friday,18,Local,0
1708702200,2024-02-23 18:30:00,2024-02-23,18:30:00,5163,1,0,1,1,0,232.9,234.5,3300.0,0.9143,February,Friday,18,Local,0
1708703100,2024-02-23 18:45:00,2024-02-23,18:45:00,5164,1,0,0,0,0,229.3,229.2,150.0,0.1,February,Friday,18,Local,0
1708704000,2024-02-23 19:00:00,2024-02-23,19:00:00,5165,1,0,1,1,0,232.0,234.7,3300.0,0.9759,February,Friday,19,Local,0
1708704900,2024-02-23 19:15:00,2024-02-23,19:15:00,5166,1,0,1,1,0,228.0,228.0,3300.0,0.9879,February,Friday,19,Local,0
1708705800,2024-02-23 19:30:00,2024-02-23,19:30:00,5167,1,0,0,1,0,229.0,232.4,300.0,0.1,February,Friday,19,Local,0
1708706700,2024-02-23 19:45:00,2024-02-23,19:45:00,5168,1,1,0,0,0,233.4,235.5,2650.0,0.7294,February,Friday,19,Local,0
1708707600,2024-02-23 20:00:00,2024-02-23,20:00:00,5169,1,0,0,1,0,232.1,232.1,300.0,0.1,February,Friday,20,Local,0
1708708500,2024-02-23 20:15:00,2024-02-23,20:15:00,5170,1,0,0,1,0,233.4,231.6,300.0,0.1,February,Friday,20,Local,0
1708709400,2024-02-23 20:30:00,2024-02-23,20:30:00,5171,1,0,0,1,1,231.3,228.9,1500.0,0.4049,February,Friday,20,Local,0
1708710300,2024-02-23 20:45:00,2024-02-23,20:45:00,5172,1,0,1,0,0,233.8,232.9,3150.0,0.9556,February,Friday,20,Local,0
1708711200,2024-02-23 21:00:00,2024-02-23,21:00:00,5173,1,0,0,1,0,232.1,235.5,300.0,0.1,February,Friday,21,Local,0
1708712100,2024-02-23 21:15:00,2024-02-23,21:15:00,5174,1,0,1,1,0,231.5,234.4,4800.0,1.4405,February,Friday,21,Local,0
1708713000,2024-02-23 21:30:00,2024-02-23,21:30:00,5175,0,0,0,1,0,230.5,226.8,150.0,0.1,February,Friday,21,Local,0
1708713900,2024-02-23 21:45:00,2024-02-23,21:45:00,5176,1,0,0,0,0,231.0,229.6,150.0,0.1,February,Friday,21,Local,0
1708714800,2024-02-23 22:00:00,2024-02-23,22:00:00,5177,1,0,0,1,1,230.3,237.2,1500.0,0.3443,February,Friday,22,Local,0
1708715700,2024-02-23 22:15:00,2024-02-23,22:15:00,5178,1,0,0,1,0,230.2,229.5,300.0,0.1,February,Friday,22,Local,0
1708716600,2024-02-23 22:30:00,2024-02-23,22:30:00,5179,1,0,0,1,0,232.1,232.4,300.0,0.1,February,Friday,22,Local,0
1708717500,2024-02-23 22:45:00,2024-02-23,22:45:00,5180,1,0,0,0,0,228.3,229.0,150.0,0.1,February,Friday,22,Local,0
1708718400,2024-02-23 23:00:00,2024-02-23,23:00:00,5181,0,0,0,1,0,228.1,227.9,150.0,0.1,February,Friday,23,Local,0
1708719300,2024-02-23 23:15:00,2024-02-23,23:15:00,5182,0,0,0,1,0,236.2,236.7,950.0,0.2776,February,Friday,23,Local,0
1708720200,2024-02-23 23:30:00,2024-02-23,23:30:00,5183,0,0,0,1,0,222.4,224.4,150.0,0.1,February,Friday,23,Local,0
1708721100,2024-02-23 23:45:00,2024-02-23,23:45:00,5184,0,0,0,0,0,230.4,227.5,0.0,0.1,February,Friday,23,Local,0
1708722000,2024-02-24 00:00:00,2024-02-24,00:00:00,5185,0,0,0,1,0,232.4,233.2,150.0,0.1,February,Saturday,0,Local,0
1708722900,2024-02-24 00:15:00,2024-02-24,00:15:00,5186,0,0,0,1,0,229.5,227.8,150.0,0.1,February,Saturday,0,Local,0
1708723800,2024-02-24 00:30:00,2024-02-24,00:30:00,5187,0,0,0,1,0,231.3,229.7,150.0,0.1,February,Saturday,0,Local,0
1708724700,2024-02-24 00:45:00,2024-02-24,00:45:00,5188,0,0,0,0,0,227.5,227.0,0.0,0.1,February,Saturday,0,Local,0
1708725600,2024-02-24 01:00:00,2024-02-24,01:00:00,5189,0,0,0,1,0,225.4,221.6,1650.0,0.5366,February,Saturday,1,Local,0
1708726500,2024-02-24 01:15:00,2024-02-24,01:15:00,5190,0,0,0,1,0,226.4,225.2,150.0,0.1,February,Saturday,1,Local,0
1708727400,2024-02-24 01:30:00,2024-02-24,01:30:00,5191,0,0,0,0,0,235.7,234.6,0.0,0.1,February,Saturday,1,Local,0
1708728300,2024-02-24 01:45:00,2024-02-24,01:45:00,5192,1,0,0,0,0,225.8,228.6,150.0,0.1,February,Saturday,1,Local,0
1708729200,2024-02-24 02:00:00,2024-02-24,02:00:00,5193,0,0,0,1,0,232.5,233.5,150.0,0.1,February,Saturday,2,Local,0
1708730100,2024-02-24 02:15:00,2024-02-24,02:15:00,5194,0,0,0,1,0,232.8,236.5,150.0,0.1,February,Saturday,2,Local,0
1708731000,2024-02-24 02:30:00,2024-02-24,02:30:00,5195,0,0,0,1,0,228.6,226.6,150.0,0.1,February,Saturday,2,Local,0
1708731900,2024-02-24 02:45:00,2024-02-24,02:45:00,5196,0,0,0,0,0,232.7,233.6,0.0,0.1,February,Saturday,2,Local,0
1708732800,2024-02-24 03:00:00,2024-02-24,03:00:00,5197,0,0,0,1,0,224.7,222.8,150.0,0.1,February,Saturday,3,Local,0
1708733700,2024-02-24 03:15:00,2024-02-24,03:15:00,5198,0,0,0,1,0,228.7,228.5,150.0,0.1,February,Saturday,3,Local,0
1708734600,2024-02-24 03:30:00,2024-02-24,03:30:00,5199,0,0,0,1,0,228.9,228.2,150.0,0.1,February,Saturday,3,Local,0
1708735500,2024-02-24 03:45:00,2024-02-24,03:45:00,5200,0,0,0,0,0,232.8,234.4,0.0,0.1,February,Saturday,3,Local,0
1708736400,2024-02-24 04:00:00,2024-02-24,04:00:00,5201,0,0,0,1,0,229.9,230.5,150.0,0.1,February,Saturday,4,Local,0
1708737300,2024-02-24 04:15:00,2024-02-24,04:15:00,5202,0,0,0,1,0,229.5,231.0,150.0,0.1,February,Saturday,4,Local,0
1708738200,2024-02-24 04:30:00,2024-02-24,04:30:00,5203,0,0,0,1,0,228.3,228.4,150.0,0.1,February,Saturday,4,Local,0
1708739100,2024-02-24 04:45:00,2024-02-24,04:45:00,5204,0,0,0,0,0,230.2,228.6,0.0,0.1,February,Saturday,4,Local,0
1708740000,2024-02-24 05:00:00,2024-02-24,05:00:00,5205,0,0,0,1,0,230.3,230.7,150.0,0.1,February,Saturday,5,Local,0
1708740900,2024-02-24 05:15:00,2024-02-24,05:15:00,5206,0,0,0,1,0,228.3,225.9,150.0,0.1,February,Saturday,5,Local,0
1708741800,2024-02-24 05:30:00,2024-02-24,05:30:00,5207,0,0,0,1,0,230.6,230.4,150.0,0.1,February,Saturday,5,Local,0
1708742700,2024-02-24 05:45:00,2024-02-24,05:45:00,5208,0,0,0,1,0,230.3,231.1,150.0,0.1,February,Saturday,5,Local,0
1708743600,2024-02-24 06:00:00,2024-02-24,06:00:00,5209,0,0,0,1,0,230.9,229.5,150.0,0.1,February,Saturday,6,Local,0
1708744500,2024-02-24 06:15:00,2024-02-24,06:15:00,5210,0,0,0,1,0,230.5,231.6,150.0,0.1,February,Saturday,6,Local,0
1708745400,2024-02-24 06:30:00,2024-02-24,06:30:00,5211,0,0,0,1,0,236.4,235.3,150.0,0.1,February,Saturday,6,Local,0
1708746300,2024-02-24 06:45:00,2024-02-24,06:45:00,5212,0,0,0,0,0,229.7,230.0,0.0,0.1,February,Saturday,6,Local,0
1708747200,2024-02-24 07:00:00,2024-02-24,07:00:00,5213,0,0,0,1,0,236.9,240.5,150.0,0.1,February,Saturday,7,Local,0
1708748100,2024-02-24 07:15:00,2024-02-24,07:15:00,5214,0,0,0,1,0,227.8,227.5,150.0,0.1,February,Saturday,7,Local,0
1708749000,2024-02-24 07:30:00,2024-02-24,07:30:00,5215,0,0,0,1,0,231.0,235.2,150.0,0.1,February,Saturday,7,Local,0
1708749900,2024-02-24 07:45:00,2024-02-24,07:45:00,5216,0,0,0,0,0,228.8,231.2,0.0,0.1,February,Saturday,7,Local,0
1708750800,2024-02-24 08:00:00,2024-02-24,08:00:00,5217,0,0,0,1,1,230.5,229.8,1350.0,0.3768,February,Saturday,8,Local,0
1708751700,2024-02-24 08:15:00,2024-02-24,08:15:00,5218,0,0,0,1,0,229.5,228.7,150.0,0.1,February,Saturday,8,Local,0
1708752600,2024-02-24 08:30:00,2024-02-24,08:30:00,5219,0,0,0,1,0,227.4,227.6,150.0,0.1,February,Saturday,8,Local,0
1708753500,2024-02-24 08:45:00,2024-02-24,08:45:00,5220,0,0,0,0,0,230.8,229.1,0.0,0.1,February,Saturday,8,Local,0
1708754400,2024-02-24 09:00:00,2024-02-24,09:00:00,5221,0,0,0,1,0,231.4,230.8,150.0,0.1,February,Saturday,9,Local,0
1708755300,2024-02-24 09:15:00,2024-02-24,09:15:00,5222,0,0,0,1,0,226.1,224.6,150.0,0.1,February,Saturday,9,Local,0
1708756200,2024-02-24 09:30:00,2024-02-24,09:30:00,5223,0,0,0,1,0,230.1,230.6,150.0,0.1,February,Saturday,9,Local,0
1708757100,2024-02-24 09:45:00,2024-02-24,09:45:00,5224,1,0,0,0,0,229.5,228.7,150.0,0.1,February,Saturday,9,Local,0
1708758000,2024-02-24 10:00:00,2024-02-24,10:00:00,5225,0,0,0,1,0,230.4,228.5,150.0,0.1,February,Saturday,10,Local,0
1708758900,2024-02-24 10:15:00,2024-02-24,10:15:00,5226,0,0,0,1,0,234.6,236.0,150.0,0.1,February,Saturday,10,Local,0
1708759800,2024-02-24 10:30:00,2024-02-24,10:30:00,5227,0,0,0,1,0,232.6,230.9,150.0,0.1,February,Saturday,10,Local,0
1708760700,2024-02-24 10:45:00,2024-02-24,10:45:00,5228,0,0,0,0,0,234.6,234.4,0.0,0.1,February,Saturday,10,Local,0
1708761600,2024-02-24 11:00:00,2024-02-24,11:00:00,5229,0,0,0,1,0,233.3,235.6,150.0,0.1,February,Saturday,11,Local,0
1708762500,2024-02-24 11:15:00,2024-02-24,11:15:00,5230,0,0,0,1,0,231.4,229.3,150.0,0.1,February,Saturday,11,Local,0
1708763400,2024-02-24 11:30:00,2024-02-24,11:30:00,5231,0,0,0,1,0,234.7,233.9,150.0,0.1,February,Saturday,11,Local,0
1708764300,2024-02-24 11:45:00,2024-02-24,11:45:00,5232,0,0,0,0,0,231.1,229.2,0.0,0.1,February,Saturday,11,Local,0
1708765200,2024-02-24 12:00:00,2024-02-24,12:00:00,5233,0,0,1,0,1,226.7,228.2,4200.0,1.1756,February,Saturday,12,Local,0
1708766100,2024-02-24 12:15:00,2024-02-24,12:15:00,5234,0,0,0,1,0,229.4,226.4,150.0,0.1,February,Saturday,12,Local,0
1708767000,2024-02-24 12:30:00,2024-02-24,12:30:00,5235,0,1,0,0,0,226.0,227.3,2500.0,0.7108,February,Saturday,12,Local,0
1708767900,2024-02-24 12:45:00,2024-02-24,12:45:00,5236,0,0,1,0,1,226.8,225.7,4200.0,1.1715,February,Saturday,12,Local,0
1708768800,2024-02-24 13:00:00,2024-02-24,13:00:00,5237,0,0,0,0,0,229.7,231.1,0.0,0.1,February,Saturday,13,Local,0
1708769700,2024-02-24 13:15:00,2024-02-24,13:15:00,5238,1,0,1,1,0,234.0,234.2,3300.0,1.0037,February,Saturday,13,Local,0
1708770600,2024-02-24 13:30:00,2024-02-24,13:30:00,5239,0,0,1,1,1,230.5,231.6,4350.0,1.2843,February,Saturday,13,Local,0
1708771500,2024-02-24 13:45:00,2024-02-24,13:45:00,5240,1,0,0,0,0,228.3,229.6,150.0,0.1,February,Saturday,13,Local,0
1708772400,2024-02-24 14:00:00,2024-02-24,14:00:00,5241,1,0,1,1,0,230.5,230.1,3300.0,0.9772,February,Saturday,14,Local,0
1708773300,2024-02-24 14:15:00,2024-02-24,14:15:00,5242,0,0,0,0,0,230.8,230.3,0.0,0.1,February,Saturday,14,Local,0
1708774200,2024-02-24 14:30:00,2024-02-24,14:30:00,5243,0,0,0,1,0,229.6,229.3,150.0,0.1,February,Saturday,14,Local,0
1708775100,2024-02-24 14:45:00,2024-02-24,14:45:00,5244,0,0,0,0,0,230.2,226.7,0.0,0.1,February,Saturday,14,Local,0
1708776000,2024-02-24 15:00:00,2024-02-24,15:00:00,5245,0,0,0,1,0,226.7,221.7,150.0,0.1,February,Saturday,15,Local,0
1708776900,2024-02-24 15:15:00,2024-02-24,15:15:00,5246,0,0,0,1,0,224.8,226.5,150.0,0.1,February,Saturday,15,Local,0
1708777800,2024-02-24 15:30:00,2024-02-24,15:30:00,5247,0,0,0,1,0,231.0,231.3,150.0,0.1,February,Saturday,15,Local,0
1708778700,2024-02-24 15:45:00,2024-02-24,15:45:00,5248,0,1,0,0,0,226.0,227.0,2500.0,0.8483,February,Saturday,15,Local,0
1708779600,2024-02-24 16:00:00,2024-02-24,16:00:00,5249,0,0,0,1,0,225.5,220.1,150.0,0.1,February,Saturday,16,Local,0
1708780500,2024-02-24 16:15:00,2024-02-24,16:15:00,5250,1,1,0,1,0,228.2,231.0,2800.0,0.796,February,Saturday,16,Local,0
1708781400,2024-02-24 16:30:00,2024-02-24,16:30:00,5251,1,0,0,1,0,229.2,228.5,300.0,0.1,February,Saturday,16,Local,0
1708782300,2024-02-24 16:45:00,2024-02-24,16:45:00,5252,0,0,0,0,0,231.7,231.7,0.0,0.1,February,Saturday,16,Local,0
1708783200,2024-02-24 17:00:00,2024-02-24,17:00:00,5253,0,0,0,1,0,228.1,228.8,150.0,0.1,February,Saturday,17,Local,0
1708784100,2024-02-24 17:15:00,2024-02-24,17:15:00,5254,0,1,1,1,0,229.0,226.1,5650.0,1.6576,February,Saturday,17,Local,0
1708785000,2024-02-24 17:30:00,2024-02-24,17:30:00,5255,0,1,0,1,0,231.6,226.3,2650.0,0.7324,February,Saturday,17,Local,0
1708785900,2024-02-24 17:45:00,2024-02-24,17:45:00,5256,0,0,1,0,0,230.2,230.1,3000.0,0.7255,February,Saturday,17,Local,0
1708786800,2024-02-24 18:00:00,2024-02-24,18:00:00,5257,1,0,0,1,0,230.2,229.1,300.0,0.1,February,Saturday,18,Local,0
1708787700,2024-02-24 18:15:00,2024-02-24,18:15:00,5258,1,1,1,0,0,225.9,225.1,7650.0,2.1777,February,Saturday,18,Local,0
1708788600,2024-02-24 18:30:00,2024-02-24,18:30:00,5259,1,0,1,1,0,230.6,229.1,3300.0,0.9275,February,Saturday,18,Local,0
1708789500,2024-02-24 18:45:00,2024-02-24,18:45:00,5260,0,0,0,0,0,229.5,230.8,0.0,0.1,February,Saturday,18,Local,0
1708790400,2024-02-24 19:00:00,2024-02-24,19:00:00,5261,1,1,1,1,0,233.4,235.9,5800.0,1.5306,February,Saturday,19,Local,0
1708791300,2024-02-24 19:15:00,2024-02-24,19:15:00,5262,1,0,1,1,0,233.0,233.1,3300.0,0.7835,February,Saturday,19,Local,0
1708792200,2024-02-24 19:30:00,2024-02-24,19:30:00,5263,1,1,0,1,0,234.1,232.6,2800.0,0.7537,February,Saturday,19,Local,0
1708793100,2024-02-24 19:45:00,2024-02-24,19:45:00,5264,1,0,0,1,0,229.2,229.6,300.0,0.1,February,Saturday,19,Local,0
1708794000,2024-02-24 20:00:00,2024-02-24,20:00:00,5265,1,0,1,1,0,231.5,234.0,3300.0,1.0483,February,Saturday,20,Local,0
1708794900,2024-02-24 20:15:00,2024-02-24,20:15:00,5266,1,0,0,1,0,238.0,238.0,300.0,0.1,February,Saturday,20,Local,0
1708795800,2024-02-24 20:30:00,2024-02-24,20:30:00,5267,1,0,1,1,0,228.2,227.6,5300.0,1.3791,February,Saturday,20,Local,0
1708796700,2024-02-24 20:45:00,2024-02-24,20:45:00,5268,1,0,1,0,0,231.4,234.2,3150.0,0.8535,February,Saturday,20,Local,0
1708797600,2024-02-24 21:00:00,2024-02-24,21:00:00,5269,1,0,0,0,0,230.9,228.2,150.0,0.1,February,Saturday,21,Local,0
1708798500,2024-02-24 21:15:00,2024-02-24,21:15:00,5270,1,0,0,1,0,227.4,225.8,800.0,0.23,February,Saturday,21,Local,0
1708799400,2024-02-24 21:30:00,2024-02-24,21:30:00,5271,1,0,0,1,1,225.4,222.4,2300.0,0.6269,February,Saturday,21,Local,0
1708800300,2024-02-24 21:45:00,2024-02-24,21:45:00,5272,1,1,0,1,0,234.0,236.6,2800.0,0.7069,February,Saturday,21,Local,0
1708801200,2024-02-24 22:00:00,2024-02-24,22:00:00,5273,0,0,0,1,0,229.8,229.2,650.0,0.1864,February,Saturday,22,Local,0
1708802100,2024-02-24 22:15:00,2024-02-24,22:15:00,5274,1,0,0,1,0,232.1,234.8,300.0,0.1,February,Saturday,22,Local,0
1708803000,2024-02-24 22:30:00,2024-02-24,22:30:00,5275,1,0,0,1,0,225.5,225.2,2300.0,0.6182,February,Saturday,22,Local,0
1708803900,2024-02-24 22:45:00,2024-02-24,22:45:00,5276,0,0,1,0,0,229.9,228.1,4000.0,1.0401,February,Saturday,22,Local,0
1708804800,2024-02-24 23:00:00,2024-02-24,23:00:00,5277,0,0,0,1,0,228.6,229.9,150.0,0.1,February,Saturday,23,Local,0
1708805700,2024-02-24 23:15:00,2024-02-24,23:15:00,5278,0,0,0,1,0,233.2,230.2,150.0,0.1,February,Saturday,23,Local,0
1708806600,2024-02-24 23:30:00,2024-02-24,23:30:00,5279,0,0,0,1,0,226.5,226.4,150.0,0.1,February,Saturday,23,Local,0
1708807500,2024-02-24 23:45:00,2024-02-24,23:45:00,5280,0,0,0,0,0,230.6,232.3,0.0,0.1,February,Saturday,23,Local,0
1708808400,2024-02-25 00:00:00,2024-02-25,00:00:00,5281,0,0,0,1,0,228.0,228.6,150.0,0.1,February,Sunday,0,Local,0
1708809300,2024-02-25 00:15:00,2024-02-25,00:15:00,5282,0,0,0,1,0,227.6,228.0,150.0,0.1,February,Sunday,0,Local,0
1708810200,2024-02-25 00:30:00,2024-02-25,00:30:00,5283,0,0,0,1,0,226.3,227.9,150.0,0.1,February,Sunday,0,Local,0
1708811100,2024-02-25 00:45:00,2024-02-25,00:45:00,5284,0,0,0,0,0,227.3,227.2,0.0,0.1,February,Sunday,0,Local,0
1708812000,2024-02-25 01:00:00,2024-02-25,01:00:00,5285,0,0,0,1,0,230.7,231.9,150.0,0.1,February,Sunday,1,Local,0
1708812900,2024-02-25 01:15:00,2024-02-25,01:15:00,5286,0,0,0,1,0,230.4,234.6,150.0,0.1,February,Sunday,1,Local,0
1708813800,2024-02-25 01:30:00,2024-02-25,01:30:00,5287,0,0,0,1,0,229.7,227.4,150.0,0.1,February,Sunday,1,Local,0
1708814700,2024-02-25 01:45:00,2024-02-25,01:45:00,5288,0,0,0,1,0,234.1,237.4,150.0,0.1,February,Sunday,1,Local,0
1708815600,2024-02-25 02:00:00,2024-02-25,02:00:00,5289,0,0,0,1,0,227.7,223.4,150.0,0.1,February,Sunday,2,Local,0
1708816500,2024-02-25 02:15:00,2024-02-25,02:15:00,5290,0,0,0,1,0,235.0,234.1,150.0,0.1,February,Sunday,2,Local,0
1708817400,2024-02-25 02:30:00,2024-02-25,02:30:00,5291,0,0,0,1,0,228.2,229.5,650.0,0.1964,February,Sunday,2,Local,0
1708818300,2024-02-25 02:45:00,2024-02-25,02:45:00,5292,0,0,0,0,0,229.0,226.7,0.0,0.1,February,Sunday,2,Local,0
1708819200,2024-02-25 03:00:00,2024-02-25,03:00:00,5293,0,0,0,0,0,224.2,221.6,0.0,0.1,February,Sunday,3,Local,0
1708820100,2024-02-25 03:15:00,2024-02-25,03:15:00,5294,0,0,0,1,0,229.1,230.7,150.0,0.1,February,Sunday,3,Local,0
1708821000,2024-02-25 03:30:00,2024-02-25,03:30:00,5295,0,0,0,0,0,230.0,227.5,0.0,0.1,February,Sunday,3,Local,0
1708821900,2024-02-25 03:45:00,2024-02-25,03:45:00,5296,0,0,0,0,0,234.0,234.3,0.0,0.1,February,Sunday,3,Local,0
1708822800,2024-02-25 04:00:00,2024-02-25,04:00:00,5297,0,0,0,1,0,229.2,226.3,150.0,0.1,February,Sunday,4,Local,0
1708823700,2024-02-25 04:15:00,2024-02-25,04:15:00,5298,0,0,0,1,0,228.3,231.3,150.0,0.1,February,Sunday,4,Local,0
1708824600,2024-02-25 04:30:00,2024-02-25,04:30:00,5299,0,0,0,1,0,229.0,230.8,150.0,0.1,February,Sunday,4,Local,0
1708825500,2024-02-25 04:45:00,2024-02-25,04:45:00,5300,0,0,0,0,0,233.5,235.5,0.0,0.1,February,Sunday,4,Local,0
1708826400,2024-02-25 05:00:00,2024-02-25,05:00:00,5301,0,0,0,1,0,230.2,229.6,150.0,0.1,February,Sunday,5,Local,0
1708827300,2024-02-25 05:15:00,2024-02-25,05:15:00,5302,0,0,0,1,0,229.8,231.4,150.0,0.1,February,Sunday,5,Local,0
1708828200,2024-02-25 05:30:00,2024-02-25,05:30:00,5303,0,0,0,1,0,228.9,228.2,150.0,0.1,February,Sunday,5,Local,0
1708829100,2024-02-25 05:45:00,2024-02-25,05:45:00,5304,0,0,0,0,0,227.0,225.4,0.0,0.1,February,Sunday,5,Local,0
1708830000,2024-02-25 06:00:00,2024-02-25,06:00:00,5305,0,0,0,1,0,229.6,229.3,150.0,0.1,February,Sunday,6,Local,0
1708830900,2024-02-25 06:15:00,2024-02-25,06:15:00,5306,0,0,0,1,0,227.3,229.2,150.0,0.1,February,Sunday,6,Local,0
1708831800,2024-02-25 06:30:00,2024-02-25,06:30:00,5307,0,0,0,1,0,234.5,233.4,950.0,0.2576,February,Sunday,6,Local,0
1708832700,2024-02-25 06:45:00,2024-02-25,06:45:00,5308,0,0,0,0,0,230.6,231.4,500.0,0.1341,February,Sunday,6,Local,0
1708833600,2024-02-25 07:00:00,2024-02-25,07:00:00,5309,0,0,0,1,0,228.2,230.0,150.0,0.1,February,Sunday,7,Local,0
1708834500,2024-02-25 07:15:00,2024-02-25,07:15:00,5310,0,0,0,1,0,227.4,225.9,150.0,0.1,February,Sunday,7,Local,0
1708835400,2024-02-25 07:30:00,2024-02-25,07:30:00,5311,0,0,0,1,1,229.6,231.5,1350.0,0.3742,February,Sunday,7,Local,0
1708836300,2024-02-25 07:45:00,2024-02-25,07:45:00,5312,0,0,0,0,0,229.0,226.6,0.0,0.1,February,Sunday,7,Local,0
1708837200,2024-02-25 08:00:00,2024-02-25,08:00:00,5313,0,0,0,1,0,223.2,220.8,150.0,0.1,February,Sunday,8,Local,0
1708838100,2024-02-25 08:15:00,2024-02-25,08:15:00,5314,0,0,1,1,0,226.6,229.5,3150.0,0.8713,February,Sunday,8,Local,0
1708839000,2024-02-25 08:30:00,2024-02-25,08:30:00,5315,0,0,0,1,0,228.8,232.0,150.0,0.1,February,Sunday,8,Local,0
1708839900,2024-02-25 08:45:00,2024-02-25,08:45:00,5316,1,0,0,0,0,229.5,228.5,150.0,0.1,February,Sunday,8,Local,0
1708840800,2024-02-25 09:00:00,2024-02-25,09:00:00,5317,1,0,0,1,0,229.7,226.8,300.0,0.1,February,Sunday,9,Local,0
1708841700,2024-02-25 09:15:00,2024-02-25,09:15:00,5318,0,0,0,1,0,229.5,230.2,150.0,0.1,February,Sunday,9,Local,0
1708842600,2024-02-25 09:30:00,2024-02-25,09:30:00,5319,0,0,0,1,0,225.3,223.1,150.0,0.1,February,Sunday,9,Local,0
1708843500,2024-02-25 09:45:00,2024-02-25,09:45:00,5320,0,0,0,0,0,233.1,233.3,0.0,0.1,February,Sunday,9,Local,0
1708844400,2024-02-25 10:00:00,2024-02-25,10:00:00,5321,0,0,1,1,0,228.2,229.9,3150.0,0.806,February,Sunday,10,Local,0
1708845300,2024-02-25 10:15:00,2024-02-25,10:15:00,5322,0,0,0,0,0,226.2,227.7,0.0,0.1,February,Sunday,10,Local,0
1708846200,2024-02-25 10:30:00,2024-02-25,10:30:00,5323,0,0,0,1,0,221.4,222.1,150.0,0.1,February,Sunday,10,Local,0
1708847100,2024-02-25 10:45:00,2024-02-25,10:45:00,5324,1,0,0,0,0,229.7,229.1,150.0,0.1,February,Sunday,10,Local,0
1708848000,2024-02-25 11:00:00,2024-02-25,11:00:00,5325,0,0,0,1,0,224.3,221.5,150.0,0.1,February,Sunday,11,Local,0
1708848900,2024-02-25 11:15:00,2024-02-25,11:15:00,5326,0,0,0,1,0,233.6,234.3,150.0,0.1,February,Sunday,11,Local,0
1708849800,2024-02-25 11:30:00,2024-02-25,11:30:00,5327,0,0,0,1,0,229.5,229.2,950.0,0.2434,February,Sunday,11,Local,0
1708850700,2024-02-25 11:45:00,2024-02-25,11:45:00,5328,0,0,0,0,0,229.9,233.3,0.0,0.1,February,Sunday,11,Local,0
1708851600,2024-02-25 12:00:00,2024-02-25,12:00:00,5329,0,0,0,1,0,227.7,228.0,150.0,0.1,February,Sunday,12,Local,0
1708852500,2024-02-25 12:15:00,2024-02-25,12:15:00,5330,0,0,1,1,0,236.7,235.3,3150.0,0.6534,February,Sunday,12,Local,0
1708853400,2024-02-25 12:30:00,2024-02-25,12:30:00,5331,0,0,0,1,0,230.3,229.8,150.0,0.1,February,Sunday,12,Local,0
1708854300,2024-02-25 12:45:00,2024-02-25,12:45:00,5332,0,0,0,0,0,234.5,235.0,0.0,0.1,February,Sunday,12,Local,0
1708855200,2024-02-25 13:00:00,2024-02-25,13:00:00,5333,1,0,0,1,0,234.5,233.0,300.0,0.1,February,Sunday,13,Local,0
1708856100,2024-02-25 13:15:00,2024-02-25,13:15:00,5334,0,0,0,0,0,228.6,226.0,0.0,0.1,February,Sunday,13,Local,0
1708857000,2024-02-25 13:30:00,2024-02-25,13:30:00,5335,0,0,0,1,0,230.1,231.6,150.0,0.1,February,Sunday,13,Local,0
1708857900,2024-02-25 13:45:00,2024-02-25,13:45:00,5336,1,0,0,0,0,231.9,233.8,150.0,0.1,February,Sunday,13,Local,0
1708858800,2024-02-25 14:00:00,2024-02-25,14:00:00,5337,0,1,0,0,0,233.7,230.7,2500.0,0.7922,February,Sunday,14,Local,0
1708859700,2024-02-25 14:15:00,2024-02-25,14:15:00,5338,0,0,0,1,0,232.5,232.5,150.0,0.1,February,Sunday,14,Local,0
1708860600,2024-02-25 14:30:00,2024-02-25,14:30:00,5339,0,1,0,1,0,228.7,227.8,2650.0,0.7173,February,Sunday,14,Local,0
1708861500,2024-02-25 14:45:00,2024-02-25,14:45:00,5340,0,0,0,1,0,229.7,231.3,150.0,0.1,February,Sunday,14,Local,0
1708862400,2024-02-25 15:00:00,2024-02-25,15:00:00,5341,0,0,0,1,1,228.2,226.5,1350.0,0.3526,February,Sunday,15,Local,0
1708863300,2024-02-25 15:15:00,2024-02-25,15:15:00,5342,0,0,0,1,0,227.6,231.1,1650.0,0.5797,February,Sunday,15,Local,0
1708864200,2024-02-25 15:30:00,2024-02-25,15:30:00,5343,0,1,0,1,0,229.2,228.5,2650.0,0.7997,February,Sunday,15,Local,0
1708865100,2024-02-25 15:45:00,2024-02-25,15:45:00,5344,0,0,0,0,0,229.3,229.7,0.0,0.1,February,Sunday,15,Local,0
1708866000,2024-02-25 16:00:00,2024-02-25,16:00:00,5345,0,0,0,1,1,228.1,230.9,1350.0,0.3433,February,Sunday,16,Local,0
1708866900,2024-02-25 16:15:00,2024-02-25,16:15:00,5346,0,0,0,1,0,227.5,226.5,150.0,0.1,February,Sunday,16,Local,0
1708867800,2024-02-25 16:30:00,2024-02-25,16:30:00,5347,0,0,0,1,0,235.4,237.2,150.0,0.1,February,Sunday,16,Local,0
1708868700,2024-02-25 16:45:00,2024-02-25,16:45:00,5348,0,0,0,0,0,231.7,231.1,0.0,0.1,February,Sunday,16,Local,0
1708869600,2024-02-25 17:00:00,2024-02-25,17:00:00,5349,1,1,0,1,0,225.3,226.0,2800.0,0.7051,February,Sunday,17,Local,0
1708870500,2024-02-25 17:15:00,2024-02-25,17:15:00,5350,1,0,0,1,0,227.9,227.3,300.0,0.1,February,Sunday,17,Local,0
1708871400,2024-02-25 17:30:00,2024-02-25,17:30:00,5351,0,0,0,0,1,229.0,229.9,1200.0,0.3444,February,Sunday,17,Local,0
1708872300,2024-02-25 17:45:00,2024-02-25,17:45:00,5352,0,0,1,0,0,223.6,224.5,3000.0,0.852,February,Sunday,17,Local,0
1708873200,2024-02-25 18:00:00,2024-02-25,18:00:00,5353,1,1,0,1,0,228.9,232.4,2800.0,0.7697,February,Sunday,18,Local,0
1708874100,2024-02-25 18:15:00,2024-02-25,18:15:00,5354,1,0,1,1,0,236.8,236.4,3300.0,0.8357,February,Sunday,18,Local,0
1708875000,2024-02-25 18:30:00,2024-02-25,18:30:00,5355,1,0,0,1,1,227.1,223.5,1500.0,0.422,February,Sunday,18,Local,0
1708875900,2024-02-25 18:45:00,2024-02-25,18:45:00,5356,1,0,0,0,0,226.9,228.3,150.0,0.1,February,Sunday,18,Local,0
1708876800,2024-02-25 19:00:00,2024-02-25,19:00:00,5357,1,0,1,1,0,232.3,232.5,3300.0,0.8652,February,Sunday,19,Local,0
1708877700,2024-02-25 19:15:00,2024-02-25,19:15:00,5358,1,0,0,1,0,227.7,229.5,300.0,0.1,February,Sunday,19,Local,0
1708878600,2024-02-25 19:30:00,2024-02-25,19:30:00,5359,1,0,1,1,0,230.9,230.4,3300.0,0.7826,February,Sunday,19,Local,0
1708879500,2024-02-25 19:45:00,2024-02-25,19:45:00,5360,1,0,0,0,0,235.1,233.9,150.0,0.1,February,Sunday,19,Local,0
1708880400,2024-02-25 20:00:00,2024-02-25,20:00:00,5361,1,0,0,1,0,228.6,228.0,300.0,0.1,February,Sunday,20,Local,0
1708881300,2024-02-25 20:15:00,2024-02-25,20:15:00,5362,1,0,1,0,0,227.5,227.6,3150.0,0.8429,February,Sunday,20,Local,0
1708882200,2024-02-25 20:30:00,2024-02-25,20:30:00,5363,1,0,0,1,0,230.0,229.5,300.0,0.1,February,Sunday,20,Local,0
1708883100,2024-02-25 20:45:00,2024-02-25,20:45:00,5364,1,0,0,0,1,232.0,230.3,1350.0,0.3829,February,Sunday,20,Local,0
1708884000,2024-02-25 21:00:00,2024-02-25,21:00:00,5365,1,0,0,0,0,230.9,226.7,150.0,0.1,February,Sunday,21,Local,0
1708884900,2024-02-25 21:15:00,2024-02-25,21:15:00,5366,1,0,0,1,0,227.3,227.3,1800.0,0.4517,February,Sunday,21,Local,0
1708885800,2024-02-25 21:30:00,2024-02-25,21:30:00,5367,1,0,1,1,0,231.5,229.4,3300.0,0.9045,February,Sunday,21,Local,0
1708886700,2024-02-25 21:45:00,2024-02-25,21:45:00,5368,1,0,0,0,0,231.8,232.4,150.0,0.1,February,Sunday,21,Local,0
1708887600,2024-02-25 22:00:00,2024-02-25,22:00:00,5369,1,0,0,1,0,233.0,234.5,300.0,0.1,February,Sunday,22,Local,0
1708888500,2024-02-25 22:15:00,2024-02-25,22:15:00,5370,1,0,0,1,0,229.2,232.0,300.0,0.1,February,Sunday,22,Local,0
1708889400,2024-02-25 22:30:00,2024-02-25,22:30:00,5371,1,1,0,1,0,231.8,231.7,2800.0,0.6927,February,Sunday,22,Local,0
1708890300,2024-02-25 22:45:00,2024-02-25,22:45:00,5372,1,0,0,0,0,223.6,224.8,150.0,0.1,February,Sunday,22,Local,0
1708891200,2024-02-25 23:00:00,2024-02-25,23:00:00,5373,0,0,0,1,0,230.2,227.7,150.0,0.1,February,Sunday,23,Local,0
1708892100,2024-02-25 23:15:00,2024-02-25,23:15:00,5374,1,0,0,1,0,231.8,232.4,300.0,0.1,February,Sunday,23,Local,0
1708893000,2024-02-25 23:30:00,2024-02-25,23:30:00,5375,1,0,0,1,0,228.5,230.1,300.0,0.1,February,Sunday,23,Local,0
1708893900,2024-02-25 23:45:00,2024-02-25,23:45:00,5376,0,0,0,1,0,232.5,231.3,1650.0,0.4689,February,Sunday,23,Local,0
1708894800,2024-02-26 00:00:00,2024-02-26,00:00:00,5377,0,0,0,1,0,225.8,230.7,150.0,0.1,February,Monday,0,Local,0
1708895700,2024-02-26 00:15:00,2024-02-26,00:15:00,5378,0,0,0,1,0,231.6,228.6,150.0,0.1,February,Monday,0,Local,0
1708896600,2024-02-26 00:30:00,2024-02-26,00:30:00,5379,0,0,0,1,0,222.7,218.4,150.0,0.1,February,Monday,0,Local,0
1708897500,2024-02-26 00:45:00,2024-02-26,00:45:00,5380,1,0,0,0,0,232.8,234.7,150.0,0.1,February,Monday,0,Local,0
1708898400,2024-02-26 01:00:00,2024-02-26,01:00:00,5381,0,0,0,1,0,225.5,222.3,150.0,0.1,February,Monday,1,Local,0
1708899300,2024-02-26 01:15:00,2024-02-26,01:15:00,5382,1,0,0,1,0,229.0,228.6,300.0,0.1,February,Monday,1,Local,0
1708900200,2024-02-26 01:30:00,2024-02-26,01:30:00,5383,0,0,0,1,0,228.6,227.8,150.0,0.1,February,Monday,1,Local,0
1708901100,2024-02-26 01:45:00,2024-02-26,01:45:00,5384,0,0,0,0,0,228.7,229.8,0.0,0.1,February,Monday,1,Local,0
1708902000,2024-02-26 02:00:00,2024-02-26,02:00:00,5385,0,0,0,1,0,225.8,226.7,150.0,0.1,February,Monday,2,Local,0
1708902900,2024-02-26 02:15:00,2024-02-26,02:15:00,5386,0,0,0,1,0,231.7,231.8,150.0,0.1,February,Monday,2,Local,0
1708903800,2024-02-26 02:30:00,2024-02-26,02:30:00,5387,0,0,0,1,0,232.2,231.5,150.0,0.1,February,Monday,2,Local,0
1708904700,2024-02-26 02:45:00,2024-02-26,02:45:00,5388,0,0,0,0,0,226.3,227.4,0.0,0.1,February,Monday,2,Local,0
1708905600,2024-02-26 03:00:00,2024-02-26,03:00:00,5389,0,0,0,0,0,228.2,226.0,0.0,0.1,February,Monday,3,Local,0
1708906500,2024-02-26 03:15:00,2024-02-26,03:15:00,5390,0,0,0,1,0,225.5,221.5,150.0,0.1,February,Monday,3,Local,0
1708907400,2024-02-26 03:30:00,2024-02-26,03:30:00,5391,0,0,0,0,0,234.0,232.0,0.0,0.1,February,Monday,3,Local,0
1708908300,2024-02-26 03:45:00,2024-02-26,03:45:00,5392,0,0,0,0,0,232.2,233.7,0.0,0.1,February,Monday,3,Local,0
1708909200,2024-02-26 04:00:00,2024-02-26,04:00:00,5393,0,0,0,1,0,231.4,231.3,150.0,0.1,February,Monday,4,Local,0
1708910100,2024-02-26 04:15:00,2024-02-26,04:15:00,5394,0,0,0,1,0,229.8,227.4,150.0,0.1,February,Monday,4,Local,0
1708911000,2024-02-26 04:30:00,2024-02-26,04:30:00,5395,0,0,0,1,0,230.8,230.5,150.0,0.1,February,Monday,4,Local,0
1708911900,2024-02-26 04:45:00,2024-02-26,04:45:00,5396,0,0,0,0,0,230.9,232.8,0.0,0.1,February,Monday,4,Local,0
1708912800,2024-02-26 05:00:00,2024-02-26,05:00:00,5397,0,0,0,0,0,230.0,228.0,0.0,0.1,February,Monday,5,Local,0
1708913700,2024-02-26 05:15:00,2024-02-26,05:15:00,5398,0,0,0,1,0,228.0,225.9,150.0,0.1,February,Monday,5,Local,0
1708914600,2024-02-26 05:30:00,2024-02-26,05:30:00,5399,0,0,0,1,0,231.1,230.4,150.0,0.1,February,Monday,5,Local,0
1708915500,2024-02-26 05:45:00,2024-02-26,05:45:00,5400,0,0,0,0,0,228.3,228.8,0.0,0.1,February,Monday,5,Local,0
1708916400,2024-02-26 06:00:00,2024-02-26,06:00:00,5401,0,0,0,1,0,240.5,241.5,150.0,0.1,February,Monday,6,Local,0
1708917300,2024-02-26 06:15:00,2024-02-26,06:15:00,5402,0,0,0,0,0,231.1,234.1,0.0,0.1,February,Monday,6,Local,0
1708918200,2024-02-26 06:30:00,2024-02-26,06:30:00,5403,0,0,0,1,0,229.3,230.3,150.0,0.1,February,Monday,6,Local,0
1708919100,2024-02-26 06:45:00,2024-02-26,06:45:00,5404,0,0,0,0,0,230.3,231.6,0.0,0.1,February,Monday,6,Local,0
1708920000,2024-02-26 07:00:00,2024-02-26,07:00:00,5405,0,0,0,1,0,229.1,228.0,150.0,0.1,February,Monday,7,Local,0
1708920900,2024-02-26 07:15:00,2024-02-26,07:15:00,5406,1,0,0,1,1,231.9,230.7,2300.0,0.6474,February,Monday,7,Local,0
1708921800,2024-02-26 07:30:00,2024-02-26,07:30:00,5407,0,0,0,1,0,232.9,233.3,150.0,0.1,February,Monday,7,Local,0
1708922700,2024-02-26 07:45:00,2024-02-26,07:45:00,5408,0,0,0,0,0,230.7,233.9,0.0,0.1,February,Monday,7,Local,0
1708923600,2024-02-26 08:00:00,2024-02-26,08:00:00,5409,0,0,0,1,0,233.9,231.3,150.0,0.1,February,Monday,8,Local,0
1708924500,2024-02-26 08:15:00,2024-02-26,08:15:00,5410,0,1,0,1,0,231.9,229.8,2650.0,0.7632,February,Monday,8,Local,0
1708925400,2024-02-26 08:30:00,2024-02-26,08:30:00,5411,0,0,1,1,0,231.5,228.1,3150.0,0.7436,February,Monday,8,Local,0
1708926300,2024-02-26 08:45:00,2024-02-26,08:45:00,5412,1,1,0,0,0,233.0,232.1,2650.0,0.5906,February,Monday,8,Local,0
1708927200,2024-02-26 09:00:00,2024-02-26,09:00:00,5413,0,0,0,1,0,235.1,233.7,150.0,0.1,February,Monday,9,Local,0
1708928100,2024-02-26 09:15:00,2024-02-26,09:15:00,5414,0,1,0,1,1,223.3,223.7,3850.0,0.8978,February,Monday,9,Local,0
1708929000,2024-02-26 09:30:00,2024-02-26,09:30:00,5415,0,0,0,1,0,226.4,225.9,1650.0,0.4131,February,Monday,9,Local,0
1708929900,2024-02-26 09:45:00,2024-02-26,09:45:00,5416,0,1,0,0,0,235.0,235.9,2500.0,0.6776,February,Monday,9,Local,0
1708930800,2024-02-26 10:00:00,2024-02-26,10:00:00,5417,0,0,0,1,0,230.6,228.9,150.0,0.1,February,Monday,10,Local,0
1708931700,2024-02-26 10:15:00,2024-02-26,10:15:00,5418,0,0,0,0,0,231.4,230.2,0.0,0.1,February,Monday,10,Local,0
1708932600,2024-02-26 10:30:00,2024-02-26,10:30:00,5419,0,0,0,1,0,227.1,229.0,150.0,0.1,February,Monday,10,Local,0
1708933500,2024-02-26 10:45:00,2024-02-26,10:45:00,5420,1,0,0,0,0,225.9,226.8,150.0,0.1,February,Monday,10,Local,0
1708934400,2024-02-26 11:00:00,2024-02-26,11:00:00,5421,1,0,0,1,0,225.7,225.8,300.0,0.1,February,Monday,11,Local,0
1708935300,2024-02-26 11:15:00,2024-02-26,11:15:00,5422,0,0,1,1,0,228.0,227.3,3150.0,0.9305,February,Monday,11,Local,0
1708936200,2024-02-26 11:30:00,2024-02-26,11:30:00,5423,0,0,0,1,0,230.8,229.0,150.0,0.1,February,Monday,11,Local,0
1708937100,2024-02-26 11:45:00,2024-02-26,11:45:00,5424,1,0,0,0,0,229.5,228.2,150.0,0.1,February,Monday,11,Local,0
1708938000,2024-02-26 12:00:00,2024-02-26,12:00:00,5425,0,0,0,1,0,231.5,232.5,150.0,0.1,February,Monday,12,Local,0
1708938900,2024-02-26 12:15:00,2024-02-26,12:15:00,5426,0,1,0,1,1,227.3,224.8,3850.0,1.0764,February,Monday,12,Local,0
1708939800,2024-02-26 12:30:00,2024-02-26,12:30:00,5427,0,0,0,0,0,231.5,229.7,0.0,0.1,February,Monday,12,Local,0
1708940700,2024-02-26 12:45:00,2024-02-26,12:45:00,5428,0,0,0,0,1,230.4,228.2,1200.0,0.3479,February,Monday,12,Local,0
1708941600,2024-02-26 13:00:00,2024-02-26,13:00:00,5429,0,0,0,1,1,226.0,226.2,1350.0,0.3416,February,Monday,13,Local,0
1708942500,2024-02-26 13:15:00,2024-02-26,13:15:00,5430,0,0,0,1,1,232.0,232.4,1350.0,0.4485,February,Monday,13,Local,0
1708943400,2024-02-26 13:30:00,2024-02-26,13:30:00,5431,0,0,0,1,0,228.4,229.3,150.0,0.1,February,Monday,13,Local,0
1708944300,2024-02-26 13:45:00,2024-02-26,13:45:00,5432,0,0,1,0,0,226.3,230.4,3000.0,1.0118,February,Monday,13,Local,0
1708945200,2024-02-26 14:00:00,2024-02-26,14:00:00,5433,0,0,0,1,0,229.5,229.7,150.0,0.1,February,Monday,14,Local,0
1708946100,2024-02-26 14:15:00,2024-02-26,14:15:00,5434,0,0,0,1,0,227.6,227.2,150.0,0.1,February,Monday,14,Local,0
1708947000,2024-02-26 14:30:00,2024-02-26,14:30:00,5435,0,0,0,1,0,231.5,230.8,150.0,0.1,February,Monday,14,Local,0
1708947900,2024-02-26 14:45:00,2024-02-26,14:45:00,5436,0,0,0,0,1,230.4,231.1,1200.0,0.2924,February,Monday,14,Local,0
1708948800,2024-02-26 15:00:00,2024-02-26,15:00:00,5437,0,0,0,1,0,227.6,226.2,150.0,0.1,February,Monday,15,Local,0
1708949700,2024-02-26 15:15:00,2024-02-26,15:15:00,5438,0,0,0,1,0,233.4,229.3,150.0,0.1,February,Monday,15,Local,0
1708950600,2024-02-26 15:30:00,2024-02-26,15:30:00,5439,0,0,0,1,1,229.6,228.8,1350.0,0.3805,February,Monday,15,Local,0
1708951500,2024-02-26 15:45:00,2024-02-26,15:45:00,5440,0,0,0,0,0,234.5,234.9,0.0,0.1,February,Monday,15,Local,0
1708952400,2024-02-26 16:00:00,2024-02-26,16:00:00,5441,0,0,0,1,0,234.4,235.3,150.0,0.1,February,Monday,16,Local,0
1708953300,2024-02-26 16:15:00,2024-02-26,16:15:00,5442,0,0,0,1,0,224.8,221.7,150.0,0.1,February,Monday,16,Local,0
1708954200,2024-02-26 16:30:00,2024-02-26,16:30:00,5443,1,0,0,1,0,229.8,232.0,300.0,0.2998,February,Monday,16,Local,1
1708955100,2024-02-26 16:45:00,2024-02-26,16:45:00,5444,0,0,0,0,0,226.9,225.7,0.0,0.1,February,Monday,16,Local,0
1708956000,2024-02-26 17:00:00,2024-02-26,17:00:00,5445,1,0,1,1,0,230.6,233.5,3300.0,0.6557,February,Monday,17,Local,0
1708956900,2024-02-26 17:15:00,2024-02-26,17:15:00,5446,0,0,0,0,0,224.8,221.9,0.0,0.1,February,Monday,17,Local,0
1708957800,2024-02-26 17:30:00,2024-02-26,17:30:00,5447,0,0,0,1,1,226.4,226.1,1350.0,0.3689,February,Monday,17,Local,0
1708958700,2024-02-26 17:45:00,2024-02-26,17:45:00,5448,0,1,0,0,1,232.0,234.1,3700.0,1.1254,February,Monday,17,Local,0
1708959600,2024-02-26 18:00:00,2024-02-26,18:00:00,5449,1,0,0,1,0,225.6,225.1,300.0,0.1,February,Monday,18,Local,0
1708960500,2024-02-26 18:15:00,2024-02-26,18:15:00,5450,0,0,1,1,0,224.3,220.6,3150.0,0.7706,February,Monday,18,Local,0
1708961400,2024-02-26 18:30:00,2024-02-26,18:30:00,5451,1,0,0,1,0,233.3,234.2,300.0,0.1,February,Monday,18,Local,0
1708962300,2024-02-26 18:45:00,2024-02-26,18:45:00,5452,1,1,0,0,0,233.6,232.9,2650.0,0.6681,February,Monday,18,Local,0
1708963200,2024-02-26 19:00:00,2024-02-26,19:00:00,5453,1,1,0,1,0,231.3,229.2,2800.0,0.7976,February,Monday,19,Local,0
1708964100,2024-02-26 19:15:00,2024-02-26,19:15:00,5454,1,0,0,1,1,230.9,232.3,1500.0,0.3114,February,Monday,19,Local,0
1708965000,2024-02-26 19:30:00,2024-02-26,19:30:00,5455,0,1,1,0,0,237.2,236.7,5500.0,1.6024,February,Monday,19,Local,0
1708965900,2024-02-26 19:45:00,2024-02-26,19:45:00,5456,1,0,1,0,1,229.6,230.1,4350.0,1.2378,February,Monday,19,Local,0
1708966800,2024-02-26 20:00:00,2024-02-26,20:00:00,5457,0,0,0,1,0,231.3,228.7,150.0,0.1,February,Monday,20,Local,0
1708967700,2024-02-26 20:15:00,2024-02-26,20:15:00,5458,1,0,1,1,1,229.8,233.3,4500.0,1.2821,February,Monday,20,Local,0
1708968600,2024-02-26 20:30:00,2024-02-26,20:30:00,5459,1,0,0,1,0,223.5,223.2,2300.0,0.6498,February,Monday,20,Local,0
1708969500,2024-02-26 20:45:00,2024-02-26,20:45:00,5460,1,1,0,0,0,231.5,230.3,2650.0,0.7325,February,Monday,20,Local,0
1708970400,2024-02-26 21:00:00,2024-02-26,21:00:00,5461,1,0,0,1,0,231.9,232.7,300.0,0.1,February,Monday,21,Local,0
1708971300,2024-02-26 21:15:00,2024-02-26,21:15:00,5462,1,0,0,1,0,235.1,234.7,300.0,0.1,February,Monday,21,Local,0
1708972200,2024-02-26 21:30:00,2024-02-26,21:30:00,5463,1,0,0,1,0,225.5,226.1,300.0,0.1,February,Monday,21,Local,0
1708973100,2024-02-26 21:45:00,2024-02-26,21:45:00,5464,1,0,0,0,0,226.7,222.6,150.0,0.1,February,Monday,21,Local,0
1708974000,2024-02-26 22:00:00,2024-02-26,22:00:00,5465,1,0,0,1,0,228.2,225.0,300.0,0.1,February,Monday,22,Local,0
1708974900,2024-02-26 22:15:00,2024-02-26,22:15:00,5466,1,0,0,1,0,237.3,236.2,300.0,0.1,February,Monday,22,Local,0
1708975800,2024-02-26 22:30:00,2024-02-26,22:30:00,5467,0,0,0,1,0,232.9,232.7,150.0,0.1,February,Monday,22,Local,0
1708976700,2024-02-26 22:45:00,2024-02-26,22:45:00,5468,1,0,0,0,0,232.8,238.6,150.0,0.1,February,Monday,22,Local,0
1708977600,2024-02-26 23:00:00,2024-02-26,23:00:00,5469,0,0,0,1,0,228.9,229.9,150.0,0.1,February,Monday,23,Local,0
1708978500,2024-02-26 23:15:00,2024-02-26,23:15:00,5470,0,0,0,1,0,228.1,226.1,150.0,0.1,February,Monday,23,Local,0
1708979400,2024-02-26 23:30:00,2024-02-26,23:30:00,5471,0,0,0,1,0,227.7,225.1,150.0,0.1,February,Monday,23,Local,0
1708980300,2024-02-26 23:45:00,2024-02-26,23:45:00,5472,0,0,0,0,0,231.8,233.0,0.0,0.1,February,Monday,23,Local,0
1708981200,2024-02-27 00:00:00,2024-02-27,00:00:00,5473,0,0,0,1,0,226.4,226.6,150.0,0.1,February,Tuesday,0,Local,0
1708982100,2024-02-27 00:15:00,2024-02-27,00:15:00,5474,0,0,0,1,0,232.5,230.7,150.0,0.1,February,Tuesday,0,Local,0
1708983000,2024-02-27 00:30:00,2024-02-27,00:30:00,5475,0,0,0,0,0,234.2,236.0,0.0,0.1,February,Tuesday,0,Local,0
1708983900,2024-02-27 00:45:00,2024-02-27,00:45:00,5476,0,0,0,0,0,229.3,228.2,0.0,0.1,February,Tuesday,0,Local,0
1708984800,2024-02-27 01:00:00,2024-02-27,01:00:00,5477,0,0,0,1,0,229.9,234.1,150.0,0.1,February,Tuesday,1,Local,0
1708985700,2024-02-27 01:15:00,2024-02-27,01:15:00,5478,0,0,0,1,0,231.6,232.4,150.0,0.1,February,Tuesday,1,Local,0
1708986600,2024-02-27 01:30:00,2024-02-27,01:30:00,5479,1,0,0,1,0,223.2,220.8,300.0,0.1,February,Tuesday,1,Local,0
1708987500,2024-02-27 01:45:00,2024-02-27,01:45:00,5480,0,0,0,0,0,232.1,228.7,0.0,0.1,February,Tuesday,1,Local,0
1708988400,2024-02-27 02:00:00,2024-02-27,02:00:00,5481,0,0,0,1,0,229.9,230.3,150.0,0.1,February,Tuesday,2,Local,0
1708989300,2024-02-27 02:15:00,2024-02-27,02:15:00,5482,0,0,0,1,0,231.3,231.3,150.0,0.1,February,Tuesday,2,Local,0
1708990200,2024-02-27 02:30:00,2024-02-27,02:30:00,5483,0,0,0,1,0,234.2,235.7,150.0,0.1,February,Tuesday,2,Local,0
1708991100,2024-02-27 02:45:00,2024-02-27,02:45:00,5484,0,0,0,0,0,232.8,233.6,0.0,0.1,February,Tuesday,2,Local,0
1708992000,2024-02-27 03:00:00,2024-02-27,03:00:00,5485,0,0,0,1,0,222.4,223.4,150.0,0.1,February,Tuesday,3,Local,0
1708992900,2024-02-27 03:15:00,2024-02-27,03:15:00,5486,0,0,0,1,0,232.1,231.2,150.0,0.1,February,Tuesday,3,Local,0
1708993800,2024-02-27 03:30:00,2024-02-27,03:30:00,5487,0,0,0,1,0,233.4,231.5,150.0,0.1,February,Tuesday,3,Local,0
1708994700,2024-02-27 03:45:00,2024-02-27,03:45:00,5488,0,0,0,0,0,228.3,228.9,0.0,0.1,February,Tuesday,3,Local,0
1708995600,2024-02-27 04:00:00,2024-02-27,04:00:00,5489,0,0,0,1,0,225.8,227.4,150.0,0.1,February,Tuesday,4,Local,0
1708996500,2024-02-27 04:15:00,2024-02-27,04:15:00,5490,0,0,0,1,0,232.8,233.9,150.0,0.1,February,Tuesday,4,Local,0
1708997400,2024-02-27 04:30:00,2024-02-27,04:30:00,5491,0,0,0,1,0,229.0,228.4,150.0,0.1,February,Tuesday,4,Local,0
1708998300,2024-02-27 04:45:00,2024-02-27,04:45:00,5492,0,0,0,0,0,229.7,229.2,0.0,0.1,February,Tuesday,4,Local,0
1708999200,2024-02-27 05:00:00,2024-02-27,05:00:00,5493,0,0,0,1,0,227.2,227.6,150.0,0.1,February,Tuesday,5,Local,0
1709000100,2024-02-27 05:15:00,2024-02-27,05:15:00,5494,0,0,0,1,0,230.0,227.8,150.0,0.1,February,Tuesday,5,Local,0
1709001000,2024-02-27 05:30:00,2024-02-27,05:30:00,5495,0,0,0,1,0,230.4,231.8,150.0,0.1,February,Tuesday,5,Local,0
1709001900,2024-02-27 05:45:00,2024-02-27,05:45:00,5496,0,0,0,0,0,231.4,230.9,0.0,0.2583,February,Tuesday,5,Local,1
1709002800,2024-02-27 06:00:00,2024-02-27,06:00:00,5497,0,0,0,1,0,228.1,228.6,150.0,0.1,February,Tuesday,6,Local,0
1709003700,2024-02-27 06:15:00,2024-02-27,06:15:00,5498,1,0,0,1,0,236.3,235.8,300.0,0.1,February,Tuesday,6,Local,0
1709004600,2024-02-27 06:30:00,2024-02-27,06:30:00,5499,0,0,0,1,0,229.0,229.7,150.0,0.1,February,Tuesday,6,Local,0
1709005500,2024-02-27 06:45:00,2024-02-27,06:45:00,5500,0,0,0,0,0,224.4,223.6,800.0,0.1977,February,Tuesday,6,Local,0
1709006400,2024-02-27 07:00:00,2024-02-27,07:00:00,5501,0,0,0,1,0,234.0,233.1,150.0,0.1,February,Tuesday,7,Local,0
1709007300,2024-02-27 07:15:00,2024-02-27,07:15:00,5502,0,1,0,1,0,225.8,229.4,2650.0,0.7628,February,Tuesday,7,Local,0
1709008200,2024-02-27 07:30:00,2024-02-27,07:30:00,5503,0,0,0,1,0,234.1,232.1,150.0,0.1,February,Tuesday,7,Local,0
1709009100,2024-02-27 07:45:00,2024-02-27,07:45:00,5504,0,0,0,0,0,228.8,230.9,0.0,0.1,February,Tuesday,7,Local,0
1709010000,2024-02-27 08:00:00,2024-02-27,08:00:00,5505,0,0,0,1,0,227.9,228.9,150.0,0.1,February,Tuesday,8,Local,0
1709010900,2024-02-27 08:15:00,2024-02-27,08:15:00,5506,0,0,0,1,0,232.2,234.7,150.0,0.1,February,Tuesday,8,Local,0
1709011800,2024-02-27 08:30:00,2024-02-27,08:30:00,5507,0,0,0,1,0,230.7,224.6,150.0,0.1,February,Tuesday,8,Local,0
1709012700,2024-02-27 08:45:00,2024-02-27,08:45:00,5508,0,0,0,0,0,229.3,229.2,1500.0,0.4507,February,Tuesday,8,Local,0
1709013600,2024-02-27 09:00:00,2024-02-27,09:00:00,5509,0,0,0,1,0,228.2,227.1,150.0,0.1,February,Tuesday,9,Local,0
1709014500,2024-02-27 09:15:00,2024-02-27,09:15:00,5510,0,0,0,0,0,230.9,231.0,0.0,0.1,February,Tuesday,9,Local,0
1709015400,2024-02-27 09:30:00,2024-02-27,09:30:00,5511,0,0,0,1,0,225.6,226.1,150.0,0.1,February,Tuesday,9,Local,0
1709016300,2024-02-27 09:45:00,2024-02-27,09:45:00,5512,0,0,0,0,0,230.7,230.4,0.0,0.1,February,Tuesday,9,Local,0
1709017200,2024-02-27 10:00:00,2024-02-27,10:00:00,5513,0,0,0,1,0,222.8,220.8,150.0,0.1,February,Tuesday,10,Local,0
1709018100,2024-02-27 10:15:00,2024-02-27,10:15:00,5514,0,0,0,1,0,227.0,226.4,150.0,0.1,February,Tuesday,10,Local,0
1709019000,2024-02-27 10:30:00,2024-02-27,10:30:00,5515,0,0,0,1,0,234.6,232.2,150.0,0.1,February,Tuesday,10,Local,0
1709019900,2024-02-27 10:45:00,2024-02-27,10:45:00,5516,0,0,0,0,0,228.6,230.7,0.0,0.1,February,Tuesday,10,Local,0
1709020800,2024-02-27 11:00:00,2024-02-27,11:00:00,5517,0,0,0,1,0,229.2,233.4,150.0,0.1,February,Tuesday,11,Local,0
1709021700,2024-02-27 11:15:00,2024-02-27,11:15:00,5518,0,0,0,1,0,234.4,232.9,150.0,0.1,February,Tuesday,11,Local,0
1709022600,2024-02-27 11:30:00,2024-02-27,11:30:00,5519,0,0,1,1,0,224.5,226.3,3150.0,0.7982,February,Tuesday,11,Local,0
1709023500,2024-02-27 11:45:00,2024-02-27,11:45:00,5520,0,0,0,0,0,232.9,231.7,0.0,0.1,February,Tuesday,11,Local,0
1709024400,2024-02-27 12:00:00,2024-02-27,12:00:00,5521,1,0,1,1,0,229.7,228.8,3300.0,0.9721,February,Tuesday,12,Local,0
1709025300,2024-02-27 12:15:00,2024-02-27,12:15:00,5522,0,0,0,1,0,230.3,236.2,150.0,0.1,February,Tuesday,12,Local,0
1709026200,2024-02-27 12:30:00,2024-02-27,12:30:00,5523,0,0,0,1,0,226.2,227.1,150.0,0.2259,February,Tuesday,12,Local,1
1709027100,2024-02-27 12:45:00,2024-02-27,12:45:00,5524,0,0,0,0,0,227.9,227.5,0.0,0.1,February,Tuesday,12,Local,0
1709028000,2024-02-27 13:00:00,2024-02-27,13:00:00,5525,0,0,0,0,0,227.2,225.9,0.0,0.1,February,Tuesday,13,Local,0
1709028900,2024-02-27 13:15:00,2024-02-27,13:15:00,5526,1,0,0,1,0,233.3,235.8,300.0,0.1,February,Tuesday,13,Local,0
1709029800,2024-02-27 13:30:00,2024-02-27,13:30:00,5527,0,0,0,1,0,229.0,227.6,150.0,0.2956,February,Tuesday,13,Local,1
1709030700,2024-02-27 13:45:00,2024-02-27,13:45:00,5528,1,0,0,1,0,233.0,229.8,300.0,0.1,February,Tuesday,13,Local,0
1709031600,2024-02-27 14:00:00,2024-02-27,14:00:00,5529,0,0,0,1,0,229.0,228.2,150.0,0.1,February,Tuesday,14,Local,0
1709032500,2024-02-27 14:15:00,2024-02-27,14:15:00,5530,0,0,0,1,0,233.0,232.1,150.0,0.1,February,Tuesday,14,Local,0
1709033400,2024-02-27 14:30:00,2024-02-27,14:30:00,5531,0,0,0,1,0,227.6,229.7,150.0,0.1,February,Tuesday,14,Local,0
1709034300,2024-02-27 14:45:00,2024-02-27,14:45:00,5532,0,0,0,0,0,233.2,230.2,0.0,0.1,February,Tuesday,14,Local,0
1709035200,2024-02-27 15:00:00,2024-02-27,15:00:00,5533,0,0,0,1,0,229.6,229.4,150.0,0.1,February,Tuesday,15,Local,0
1709036100,2024-02-27 15:15:00,2024-02-27,15:15:00,5534,0,0,1,1,0,233.5,232.7,3150.0,1.0339,February,Tuesday,15,Local,0
1709037000,2024-02-27 15:30:00,2024-02-27,15:30:00,5535,0,0,0,1,0,230.3,230.8,150.0,0.1,February,Tuesday,15,Local,0
1709037900,2024-02-27 15:45:00,2024-02-27,15:45:00,5536,0,0,0,0,0,226.9,227.4,0.0,0.1,February,Tuesday,15,Local,0
1709038800,2024-02-27 16:00:00,2024-02-27,16:00:00,5537,1,0,0,1,0,225.2,223.9,300.0,0.1,February,Tuesday,16,Local,0
1709039700,2024-02-27 16:15:00,2024-02-27,16:15:00,5538,0,0,0,1,0,232.5,231.5,150.0,0.1,February,Tuesday,16,Local,0
1709040600,2024-02-27 16:30:00,2024-02-27,16:30:00,5539,0,0,0,0,0,234.2,235.9,0.0,0.1,February,Tuesday,16,Local,0
1709041500,2024-02-27 16:45:00,2024-02-27,16:45:00,5540,0,0,0,0,0,231.3,230.9,0.0,0.1,February,Tuesday,16,Local,0
1709042400,2024-02-27 17:00:00,2024-02-27,17:00:00,5541,1,0,1,1,1,230.3,230.6,4500.0,1.148,February,Tuesday,17,Local,0
1709043300,2024-02-27 17:15:00,2024-02-27,17:15:00,5542,0,0,0,1,0,232.0,232.3,150.0,0.1,February,Tuesday,17,Local,0
1709044200,2024-02-27 17:30:00,2024-02-27,17:30:00,5543,0,0,0,1,0,234.0,230.0,150.0,0.1,February,Tuesday,17,Local,0
1709045100,2024-02-27 17:45:00,2024-02-27,17:45:00,5544,0,1,1,0,1,232.9,233.6,6700.0,1.7557,February,Tuesday,17,Local,0
1709046000,2024-02-27 18:00:00,2024-02-27,18:00:00,5545,1,1,0,1,0,232.4,233.2,2800.0,0.9606,February,Tuesday,18,Local,0
1709046900,2024-02-27 18:15:00,2024-02-27,18:15:00,5546,1,0,1,1,0,231.2,230.2,3300.0,0.8038,February,Tuesday,18,Local,0
1709047800,2024-02-27 18:30:00,2024-02-27,18:30:00,5547,1,1,1,1,1,229.5,227.0,7000.0,1.6709,February,Tuesday,18,Local,0
1709048700,2024-02-27 18:45:00,2024-02-27,18:45:00,5548,0,0,1,0,0,231.7,228.6,3000.0,0.6961,February,Tuesday,18,Local,0
1709049600,2024-02-27 19:00:00,2024-02-27,19:00:00,5549,1,0,0,1,0,232.3,233.9,300.0,0.1,February,Tuesday,19,Local,0
1709050500,2024-02-27 19:15:00,2024-02-27,19:15:00,5550,1,0,0,1,0,229.5,227.2,300.0,0.1,February,Tuesday,19,Local,0
1709051400,2024-02-27 19:30:00,2024-02-27,19:30:00,5551,1,0,1,1,0,230.6,229.5,3300.0,0.8094,February,Tuesday,19,Local,0
1709052300,2024-02-27 19:45:00,2024-02-27,19:45:00,5552,1,0,1,0,0,230.1,233.0,3150.0,0.8779,February,Tuesday,19,Local,0
1709053200,2024-02-27 20:00:00,2024-02-27,20:00:00,5553,1,0,1,1,1,230.8,226.5,4500.0,1.2071,February,Tuesday,20,Local,0
1709054100,2024-02-27 20:15:00,2024-02-27,20:15:00,5554,1,0,0,1,0,229.1,225.2,300.0,0.1,February,Tuesday,20,Local,0
1709055000,2024-02-27 20:30:00,2024-02-27,20:30:00,5555,1,0,0,1,0,230.0,232.6,300.0,0.1,February,Tuesday,20,Local,0
1709055900,2024-02-27 20:45:00,2024-02-27,20:45:00,5556,1,0,0,0,0,228.0,225.9,150.0,0.1,February,Tuesday,20,Local,0
1709056800,2024-02-27 21:00:00,2024-02-27,21:00:00,5557,1,0,0,1,0,229.9,234.3,300.0,0.1,February,Tuesday,21,Local,0
1709057700,2024-02-27 21:15:00,2024-02-27,21:15:00,5558,1,0,0,1,0,234.7,235.9,300.0,0.1,February,Tuesday,21,Local,0
1709058600,2024-02-27 21:30:00,2024-02-27,21:30:00,5559,1,0,0,1,0,233.9,232.8,300.0,0.1,February,Tuesday,21,Local,0
1709059500,2024-02-27 21:45:00,2024-02-27,21:45:00,5560,1,0,0,0,0,230.3,233.2,150.0,0.1,February,Tuesday,21,Local,0
1709060400,2024-02-27 22:00:00,2024-02-27,22:00:00,5561,1,0,0,1,1,236.2,238.8,1500.0,0.4855,February,Tuesday,22,Local,0
1709061300,2024-02-27 22:15:00,2024-02-27,22:15:00,5562,1,0,0,1,0,230.4,231.1,300.0,0.1,February,Tuesday,22,Local,0
1709062200,2024-02-27 22:30:00,2024-02-27,22:30:00,5563,1,0,0,1,0,231.4,231.3,2300.0,0.5902,February,Tuesday,22,Local,0
1709063100,2024-02-27 22:45:00,2024-02-27,22:45:00,5564,0,0,1,0,1,233.1,232.1,4200.0,1.2509,February,Tuesday,22,Local,0
1709064000,2024-02-27 23:00:00,2024-02-27,23:00:00,5565,0,0,0,1,0,230.7,231.5,150.0,0.1,February,Tuesday,23,Local,0
1709064900,2024-02-27 23:15:00,2024-02-27,23:15:00,5566,0,0,0,1,0,229.8,229.0,150.0,0.1,February,Tuesday,23,Local,0
1709065800,2024-02-27 23:30:00,2024-02-27,23:30:00,5567,0,0,0,1,0,231.6,231.8,150.0,0.1,February,Tuesday,23,Local,0
1709066700,2024-02-27 23:45:00,2024-02-27,23:45:00,5568,0,0,0,0,0,230.9,227.8,0.0,0.1,February,Tuesday,23,Local,0
1709067600,2024-02-28 00:00:00,2024-02-28,00:00:00,5569,0,0,0,1,0,231.6,232.0,150.0,0.1,February,Wednesday,0,Local,0
1709068500,2024-02-28 00:15:00,2024-02-28,00:15:00,5570,0,0,0,1,0,223.9,221.9,150.0,0.1,February,Wednesday,0,Local,0
1709069400,2024-02-28 00:30:00,2024-02-28,00:30:00,5571,0,0,0,1,0,235.7,239.1,150.0,0.1,February,Wednesday,0,Local,0
1709070300,2024-02-28 00:45:00,2024-02-28,00:45:00,5572,0,0,0,0,0,229.9,230.4,0.0,0.1,February,Wednesday,0,Local,0
1709071200,2024-02-28 01:00:00,2024-02-28,01:00:00,5573,0,0,0,1,0,229.8,223.2,150.0,0.1,February,Wednesday,1,Local,0
1709072100,2024-02-28 01:15:00,2024-02-28,01:15:00,5574,0,0,0,1,0,228.1,227.3,150.0,0.1,February,Wednesday,1,Local,0
1709073000,2024-02-28 01:30:00,2024-02-28,01:30:00,5575,0,0,0,1,0,232.8,231.2,150.0,0.1,February,Wednesday,1,Local,0
1709073900,2024-02-28 01:45:00,2024-02-28,01:45:00,5576,1,0,0,0,0,226.6,225.9,150.0,0.1,February,Wednesday,1,Local,0
1709074800,2024-02-28 02:00:00,2024-02-28,02:00:00,5577,0,0,0,1,0,234.1,235.2,150.0,0.1,February,Wednesday,2,Local,0
1709075700,2024-02-28 02:15:00,2024-02-28,02:15:00,5578,0,0,0,0,0,231.5,232.8,0.0,0.1,February,Wednesday,2,Local,0
1709076600,2024-02-28 02:30:00,2024-02-28,02:30:00,5579,0,0,0,1,0,229.9,228.4,150.0,0.1,February,Wednesday,2,Local,0
1709077500,2024-02-28 02:45:00,2024-02-28,02:45:00,5580,0,0,0,0,0,225.8,227.2,0.0,0.1,February,Wednesday,2,Local,0
1709078400,2024-02-28 03:00:00,2024-02-28,03:00:00,5581,0,0,0,1,0,232.1,235.0,150.0,0.1,February,Wednesday,3,Local,0
1709079300,2024-02-28 03:15:00,2024-02-28,03:15:00,5582,0,0,0,1,0,227.2,227.0,150.0,0.1,February,Wednesday,3,Local,0
1709080200,2024-02-28 03:30:00,2024-02-28,03:30:00,5583,0,0,0,1,0,227.4,227.3,150.0,0.1,February,Wednesday,3,Local,0
1709081100,2024-02-28 03:45:00,2024-02-28,03:45:00,5584,0,0,0,0,0,232.9,231.0,0.0,0.1,February,Wednesday,3,Local,0
1709082000,2024-02-28 04:00:00,2024-02-28,04:00:00,5585,0,0,0,0,0,229.3,229.1,0.0,0.1,February,Wednesday,4,Local,0
1709082900,2024-02-28 04:15:00,2024-02-28,04:15:00,5586,0,0,0,1,0,232.4,231.9,150.0,0.1,February,Wednesday,4,Local,0
1709083800,2024-02-28 04:30:00,2024-02-28,04:30:00,5587,0,0,0,1,0,228.1,226.4,150.0,0.1,February,Wednesday,4,Local,0
1709084700,2024-02-28 04:45:00,2024-02-28,04:45:00,5588,0,0,0,0,0,226.7,223.0,0.0,0.1,February,Wednesday,4,Local,0
1709085600,2024-02-28 05:00:00,2024-02-28,05:00:00,5589,0,0,0,1,0,234.0,236.9,150.0,0.1,February,Wednesday,5,Local,0
1709086500,2024-02-28 05:15:00,2024-02-28,05:15:00,5590,0,0,0,1,0,226.3,227.3,150.0,0.1,February,Wednesday,5,Local,0
1709087400,2024-02-28 05:30:00,2024-02-28,05:30:00,5591,0,0,0,1,0,232.0,232.5,150.0,0.1,February,Wednesday,5,Local,0
1709088300,2024-02-28 05:45:00,2024-02-28,05:45:00,5592,0,0,0,0,0,230.8,233.9,0.0,0.1,February,Wednesday,5,Local,0
1709089200,2024-02-28 06:00:00,2024-02-28,06:00:00,5593,0,0,0,1,0,230.2,230.0,150.0,0.1,February,Wednesday,6,Local,0
1709090100,2024-02-28 06:15:00,2024-02-28,06:15:00,5594,0,0,0,1,0,226.9,229.5,150.0,0.1,February,Wednesday,6,Local,0
1709091000,2024-02-28 06:30:00,2024-02-28,06:30:00,5595,0,0,0,1,0,233.7,233.6,150.0,0.1,February,Wednesday,6,Local,0
1709091900,2024-02-28 06:45:00,2024-02-28,06:45:00,5596,0,0,0,0,0,230.6,232.5,0.0,0.1,February,Wednesday,6,Local,0
1709092800,2024-02-28 07:00:00,2024-02-28,07:00:00,5597,0,0,0,1,0,227.4,225.3,150.0,0.1,February,Wednesday,7,Local,0
1709093700,2024-02-28 07:15:00,2024-02-28,07:15:00,5598,0,0,0,1,0,228.6,228.9,150.0,0.1,February,Wednesday,7,Local,0
1709094600,2024-02-28 07:30:00,2024-02-28,07:30:00,5599,0,1,1,1,0,229.2,230.5,5650.0,1.5939,February,Wednesday,7,Local,0
1709095500,2024-02-28 07:45:00,2024-02-28,07:45:00,5600,0,0,0,0,0,222.7,224.8,0.0,0.1,February,Wednesday,7,Local,0
1709096400,2024-02-28 08:00:00,2024-02-28,08:00:00,5601,1,0,0,0,0,226.3,227.3,150.0,0.1,February,Wednesday,8,Local,0
1709097300,2024-02-28 08:15:00,2024-02-28,08:15:00,5602,0,1,0,1,1,231.0,229.6,3850.0,0.9453,February,Wednesday,8,Local,0
1709098200,2024-02-28 08:30:00,2024-02-28,08:30:00,5603,0,0,0,1,0,233.1,236.2,150.0,0.1,February,Wednesday,8,Local,0
1709099100,2024-02-28 08:45:00,2024-02-28,08:45:00,5604,0,0,0,0,0,229.0,228.2,0.0,0.1,February,Wednesday,8,Local,0
1709100000,2024-02-28 09:00:00,2024-02-28,09:00:00,5605,1,0,0,0,0,227.2,226.3,150.0,0.1,February,Wednesday,9,Local,0
1709100900,2024-02-28 09:15:00,2024-02-28,09:15:00,5606,0,0,0,1,0,230.1,227.9,150.0,0.1,February,Wednesday,9,Local,0
1709101800,2024-02-28 09:30:00,2024-02-28,09:30:00,5607,0,0,0,1,0,225.7,222.5,150.0,0.1,February,Wednesday,9,Local,0
1709102700,2024-02-28 09:45:00,2024-02-28,09:45:00,5608,0,0,0,0,0,232.5,232.5,0.0,0.1,February,Wednesday,9,Local,0
1709103600,2024-02-28 10:00:00,2024-02-28,10:00:00,5609,0,0,0,1,0,226.6,229.4,150.0,0.1,February,Wednesday,10,Local,0
1709104500,2024-02-28 10:15:00,2024-02-28,10:15:00,5610,0,0,0,0,0,229.3,229.4,0.0,0.1,February,Wednesday,10,Local,0
1709105400,2024-02-28 10:30:00,2024-02-28,10:30:00,5611,0,0,0,1,0,232.2,233.5,150.0,0.1,February,Wednesday,10,Local,0
1709106300,2024-02-28 10:45:00,2024-02-28,10:45:00,5612,0,1,0,0,0,233.0,233.9,3000.0,0.6884,February,Wednesday,10,Local,0
1709107200,2024-02-28 11:00:00,2024-02-28,11:00:00,5613,0,1,0,0,0,235.3,234.9,2500.0,0.7063,February,Wednesday,11,Local,0
1709108100,2024-02-28 11:15:00,2024-02-28,11:15:00,5614,0,0,0,0,0,230.6,232.2,0.0,0.1,February,Wednesday,11,Local,0
1709109000,2024-02-28 11:30:00,2024-02-28,11:30:00,5615,1,0,0,1,0,220.0,224.0,300.0,0.1,February,Wednesday,11,Local,0
1709109900,2024-02-28 11:45:00,2024-02-28,11:45:00,5616,0,0,0,1,0,228.0,228.2,150.0,0.1,February,Wednesday,11,Local,0
1709110800,2024-02-28 12:00:00,2024-02-28,12:00:00,5617,0,0,1,1,0,233.7,235.1,3150.0,0.7874,February,Wednesday,12,Local,0
1709111700,2024-02-28 12:15:00,2024-02-28,12:15:00,5618,0,0,0,1,0,232.4,230.5,150.0,0.1,February,Wednesday,12,Local,0
1709112600,2024-02-28 12:30:00,2024-02-28,12:30:00,5619,0,0,0,1,0,234.3,231.2,150.0,0.1,February,Wednesday,12,Local,0
1709113500,2024-02-28 12:45:00,2024-02-28,12:45:00,5620,0,0,1,0,0,230.2,231.8,3000.0,0.9001,February,Wednesday,12,Local,0
1709114400,2024-02-28 13:00:00,2024-02-28,13:00:00,5621,0,0,0,1,0,232.9,235.1,150.0,0.1,February,Wednesday,13,Local,0
1709115300,2024-02-28 13:15:00,2024-02-28,13:15:00,5622,0,1,1,1,0,230.7,229.1,5650.0,1.7404,February,Wednesday,13,Local,0
1709116200,2024-02-28 13:30:00,2024-02-28,13:30:00,5623,1,0,0,0,0,232.7,233.3,150.0,0.1,February,Wednesday,13,Local,0
1709117100,2024-02-28 13:45:00,2024-02-28,13:45:00,5624,0,0,0,0,0,230.3,230.3,0.0,0.1,February,Wednesday,13,Local,0
1709118000,2024-02-28 14:00:00,2024-02-28,14:00:00,5625,0,0,0,1,0,235.6,230.4,150.0,0.1,February,Wednesday,14,Local,0
1709118900,2024-02-28 14:15:00,2024-02-28,14:15:00,5626,0,0,0,1,0,226.4,226.7,150.0,0.1,February,Wednesday,14,Local,0
1709119800,2024-02-28 14:30:00,2024-02-28,14:30:00,5627,0,0,0,1,0,226.9,227.4,150.0,0.1,February,Wednesday,14,Local,0
1709120700,2024-02-28 14:45:00,2024-02-28,14:45:00,5628,0,1,0,0,0,225.8,226.8,2500.0,0.7074,February,Wednesday,14,Local,0
1709121600,2024-02-28 15:00:00,2024-02-28,15:00:00,5629,0,0,0,1,0,226.8,225.4,150.0,0.1,February,Wednesday,15,Local,0
1709122500,2024-02-28 15:15:00,2024-02-28,15:15:00,5630,0,0,0,1,1,233.8,233.9,1350.0,0.3043,February,Wednesday,15,Local,0
1709123400,2024-02-28 15:30:00,2024-02-28,15:30:00,5631,0,0,0,1,0,227.9,226.9,150.0,0.1,February,Wednesday,15,Local,0
1709124300,2024-02-28 15:45:00,2024-02-28,15:45:00,5632,0,0,0,0,0,228.3,228.9,0.0,0.1,February,Wednesday,15,Local,0
1709125200,2024-02-28 16:00:00,2024-02-28,16:00:00,5633,0,0,0,1,1,230.5,232.9,2150.0,0.6248,February,Wednesday,16,Local,0
1709126100,2024-02-28 16:15:00,2024-02-28,16:15:00,5634,1,0,0,1,0,228.3,228.4,800.0,0.2162,February,Wednesday,16,Local,0
1709127000,2024-02-28 16:30:00,2024-02-28,16:30:00,5635,0,0,0,0,0,229.8,229.0,0.0,0.1,February,Wednesday,16,Local,0
1709127900,2024-02-28 16:45:00,2024-02-28,16:45:00,5636,0,0,0,0,0,230.9,233.8,0.0,0.1,February,Wednesday,16,Local,0
1709128800,2024-02-28 17:00:00,2024-02-28,17:00:00,5637,0,1,1,0,0,232.6,231.4,5500.0,1.4098,February,Wednesday,17,Local,0
1709129700,2024-02-28 17:15:00,2024-02-28,17:15:00,5638,1,0,0,1,0,229.6,229.2,300.0,0.1,February,Wednesday,17,Local,0
1709130600,2024-02-28 17:30:00,2024-02-28,17:30:00,5639,0,0,0,1,0,230.5,233.2,150.0,0.1,February,Wednesday,17,Local,0
1709131500,2024-02-28 17:45:00,2024-02-28,17:45:00,5640,0,0,0,0,0,238.5,237.6,800.0,0.2212,February,Wednesday,17,Local,0
1709132400,2024-02-28 18:00:00,2024-02-28,18:00:00,5641,1,0,1,1,0,230.2,227.5,3300.0,0.9684,February,Wednesday,18,Local,0
1709133300,2024-02-28 18:15:00,2024-02-28,18:15:00,5642,1,0,0,1,0,228.9,230.6,300.0,0.1,February,Wednesday,18,Local,0
1709134200,2024-02-28 18:30:00,2024-02-28,18:30:00,5643,1,0,0,1,0,234.6,237.4,1100.0,0.283,February,Wednesday,18,Local,0
1709135100,2024-02-28 18:45:00,2024-02-28,18:45:00,5644,0,1,1,0,0,230.5,230.6,5500.0,1.1871,February,Wednesday,18,Local,0
1709136000,2024-02-28 19:00:00,2024-02-28,19:00:00,5645,1,0,0,1,1,232.1,232.3,1500.0,0.5582,February,Wednesday,19,Local,0
1709136900,2024-02-28 19:15:00,2024-02-28,19:15:00,5646,1,0,0,1,0,229.7,226.2,300.0,0.1,February,Wednesday,19,Local,0
1709137800,2024-02-28 19:30:00,2024-02-28,19:30:00,5647,1,0,1,1,0,228.0,227.6,3300.0,0.8543,February,Wednesday,19,Local,0
1709138700,2024-02-28 19:45:00,2024-02-28,19:45:00,5648,1,0,0,0,1,233.6,235.3,1350.0,0.4164,February,Wednesday,19,Local,0
1709139600,2024-02-28 20:00:00,2024-02-28,20:00:00,5649,1,0,1,1,1,237.2,237.4,4500.0,1.3018,February,Wednesday,20,Local,0
1709140500,2024-02-28 20:15:00,2024-02-28,20:15:00,5650,1,0,1,1,0,234.9,234.4,3300.0,0.8606,February,Wednesday,20,Local,0
1709141400,2024-02-28 20:30:00,2024-02-28,20:30:00,5651,1,0,0,1,0,232.1,235.3,300.0,0.1,February,Wednesday,20,Local,0
1709142300,2024-02-28 20:45:00,2024-02-28,20:45:00,5652,1,0,0,0,0,233.5,235.3,150.0,0.1,February,Wednesday,20,Local,0
1709143200,2024-02-28 21:00:00,2024-02-28,21:00:00,5653,1,0,0,1,0,228.6,225.1,300.0,0.1,February,Wednesday,21,Local,0
1709144100,2024-02-28 21:15:00,2024-02-28,21:15:00,5654,1,0,0,0,0,227.1,230.6,950.0,0.2215,February,Wednesday,21,Local,0
1709145000,2024-02-28 21:30:00,2024-02-28,21:30:00,5655,1,0,0,1,0,231.2,230.0,300.0,0.1,February,Wednesday,21,Local,0
1709145900,2024-02-28 21:45:00,2024-02-28,21:45:00,5656,1,0,0,0,0,227.2,227.3,150.0,0.1,February,Wednesday,21,Local,0
1709146800,2024-02-28 22:00:00,2024-02-28,22:00:00,5657,0,0,0,1,0,226.4,226.0,150.0,0.1,February,Wednesday,22,Local,0
1709147700,2024-02-28 22:15:00,2024-02-28,22:15:00,5658,1,0,0,1,0,227.8,223.9,300.0,0.1,February,Wednesday,22,Local,0
1709148600,2024-02-28 22:30:00,2024-02-28,22:30:00,5659,1,0,0,1,0,229.6,231.2,300.0,0.1,February,Wednesday,22,Local,0
1709149500,2024-02-28 22:45:00,2024-02-28,22:45:00,5660,0,0,0,0,0,233.9,236.2,0.0,0.1,February,Wednesday,22,Local,0
1709150400,2024-02-28 23:00:00,2024-02-28,23:00:00,5661,1,0,0,1,0,229.6,231.8,300.0,0.1,February,Wednesday,23,Local,0
1709151300,2024-02-28 23:15:00,2024-02-28,23:15:00,5662,0,0,0,1,0,229.5,227.4,150.0,0.1,February,Wednesday,23,Local,0
1709152200,2024-02-28 23:30:00,2024-02-28,23:30:00,5663,0,0,0,1,0,228.4,227.4,150.0,0.1,February,Wednesday,23,Local,0
1709153100,2024-02-28 23:45:00,2024-02-28,23:45:00,5664,1,0,0,0,0,229.8,230.0,150.0,0.1,February,Wednesday,23,Local,0
1709154000,2024-02-29 00:00:00,2024-02-29,00:00:00,5665,0,0,0,1,0,236.7,236.2,150.0,0.1,February,Thursday,0,Local,0
1709154900,2024-02-29 00:15:00,2024-02-29,00:15:00,5666,0,0,0,1,0,225.7,227.2,1150.0,0.3464,February,Thursday,0,Local,0
1709155800,2024-02-29 00:30:00,2024-02-29,00:30:00,5667,0,0,0,1,0,233.1,232.4,150.0,0.1,February,Thursday,0,Local,0
1709156700,2024-02-29 00:45:00,2024-02-29,00:45:00,5668,0,0,0,0,0,230.4,230.9,0.0,0.1,February,Thursday,0,Local,0
1709157600,2024-02-29 01:00:00,2024-02-29,01:00:00,5669,0,0,0,1,0,230.8,231.9,150.0,0.1,February,Thursday,1,Local,0
1709158500,2024-02-29 01:15:00,2024-02-29,01:15:00,5670,1,0,0,1,0,230.0,227.7,300.0,0.1,February,Thursday,1,Local,0
1709159400,2024-02-29 01:30:00,2024-02-29,01:30:00,5671,0,0,0,1,0,227.5,227.8,150.0,0.1,February,Thursday,1,Local,0
1709160300,2024-02-29 01:45:00,2024-02-29,01:45:00,5672,0,0,0,0,0,230.3,232.7,0.0,0.1,February,Thursday,1,Local,0
1709161200,2024-02-29 02:00:00,2024-02-29,02:00:00,5673,0,0,0,1,0,233.3,233.4,150.0,0.1,February,Thursday,2,Local,0
1709162100,2024-02-29 02:15:00,2024-02-29,02:15:00,5674,0,0,0,1,0,228.0,227.9,150.0,0.1,February,Thursday,2,Local,0
1709163000,2024-02-29 02:30:00,2024-02-29,02:30:00,5675,0,0,0,1,0,230.4,228.9,150.0,0.1,February,Thursday,2,Local,0
1709163900,2024-02-29 02:45:00,2024-02-29,02:45:00,5676,0,0,0,0,0,225.7,226.0,0.0,0.1,February,Thursday,2,Local,0
1709164800,2024-02-29 03:00:00,2024-02-29,03:00:00,5677,0,0,0,1,0,227.7,228.5,150.0,0.1,February,Thursday,3,Local,0
1709165700,2024-02-29 03:15:00,2024-02-29,03:15:00,5678,0,0,0,1,0,231.1,232.8,150.0,0.1,February,Thursday,3,Local,0
1709166600,2024-02-29 03:30:00,2024-02-29,03:30:00,5679,0,0,0,1,0,231.5,230.3,150.0,0.1,February,Thursday,3,Local,0
1709167500,2024-02-29 03:45:00,2024-02-29,03:45:00,5680,0,0,0,0,0,230.1,232.9,0.0,0.1,February,Thursday,3,Local,0
1709168400,2024-02-29 04:00:00,2024-02-29,04:00:00,5681,0,0,0,1,0,228.4,228.3,950.0,0.2707,February,Thursday,4,Local,0
1709169300,2024-02-29 04:15:00,2024-02-29,04:15:00,5682,0,0,0,1,0,236.9,235.6,150.0,0.1,February,Thursday,4,Local,0
1709170200,2024-02-29 04:30:00,2024-02-29,04:30:00,5683,0,0,0,1,0,236.7,236.8,150.0,0.1,February,Thursday,4,Local,0
1709171100,2024-02-29 04:45:00,2024-02-29,04:45:00,5684,0,0,0,0,0,227.0,230.8,800.0,0.2244,February,Thursday,4,Local,0
1709172000,2024-02-29 05:00:00,2024-02-29,05:00:00,5685,0,0,0,1,0,230.4,232.0,150.0,0.1,February,Thursday,5,Local,0
1709172900,2024-02-29 05:15:00,2024-02-29,05:15:00,5686,0,0,0,1,0,229.5,228.5,150.0,0.1,February,Thursday,5,Local,0
1709173800,2024-02-29 05:30:00,2024-02-29,05:30:00,5687,0,0,0,1,0,230.9,235.9,1150.0,0.3524,February,Thursday,5,Local,0
1709174700,2024-02-29 05:45:00,2024-02-29,05:45:00,5688,0,0,0,0,0,227.2,230.2,0.0,0.1,February,Thursday,5,Local,0
1709175600,2024-02-29 06:00:00,2024-02-29,06:00:00,5689,0,0,0,1,0,222.2,220.1,150.0,0.1,February,Thursday,6,Local,0
1709176500,2024-02-29 06:15:00,2024-02-29,06:15:00,5690,0,0,0,1,0,233.1,234.0,150.0,0.1,February,Thursday,6,Local,0
1709177400,2024-02-29 06:30:00,2024-02-29,06:30:00,5691,0,0,0,0,0,229.4,228.4,0.0,0.1,February,Thursday,6,Local,0
1709178300,2024-02-29 06:45:00,2024-02-29,06:45:00,5692,0,0,0,0,0,226.2,224.8,0.0,0.1,February,Thursday,6,Local,0
1709179200,2024-02-29 07:00:00,2024-02-29,07:00:00,5693,0,0,0,1,0,229.5,231.8,150.0,0.1,February,Thursday,7,Local,0
1709180100,2024-02-29 07:15:00,2024-02-29,07:15:00,5694,0,1,0,1,0,232.2,228.6,2650.0,0.7979,February,Thursday,7,Local,0
1709181000,2024-02-29 07:30:00,2024-02-29,07:30:00,5695,0,0,0,0,0,229.2,229.6,0.0,0.1,February,Thursday,7,Local,0
1709181900,2024-02-29 07:45:00,2024-02-29,07:45:00,5696,0,0,0,0,0,226.9,231.6,0.0,0.1,February,Thursday,7,Local,0
1709182800,2024-02-29 08:00:00,2024-02-29,08:00:00,5697,0,0,0,1,0,232.7,232.6,150.0,0.2914,February,Thursday,8,Local,1
1709183700,2024-02-29 08:15:00,2024-02-29,08:15:00,5698,0,0,0,1,0,227.5,229.1,150.0,0.1,February,Thursday,8,Local,0
1709184600,2024-02-29 08:30:00,2024-02-29,08:30:00,5699,0,0,0,0,1,227.9,228.8,1200.0,0.3055,February,Thursday,8,Local,0
1709185500,2024-02-29 08:45:00,2024-02-29,08:45:00,5700,0,0,0,0,0,230.5,231.6,0.0,0.1,February,Thursday,8,Local,0
1709186400,2024-02-29 09:00:00,2024-02-29,09:00:00,5701,0,1,0,1,0,229.3,230.5,2650.0,0.5949,February,Thursday,9,Local,0
1709187300,2024-02-29 09:15:00,2024-02-29,09:15:00,5702,0,0,0,1,0,223.6,224.6,150.0,0.1,February,Thursday,9,Local,0
1709188200,2024-02-29 09:30:00,2024-02-29,09:30:00,5703,0,0,0,1,0,223.7,226.4,150.0,0.1,February,Thursday,9,Local,0
1709189100,2024-02-29 09:45:00,2024-02-29,09:45:00,5704,0,0,0,0,0,225.6,226.9,0.0,0.1,February,Thursday,9,Local,0
1709190000,2024-02-29 10:00:00,2024-02-29,10:00:00,5705,1,0,0,1,0,233.5,234.7,300.0,0.1,February,Thursday,10,Local,0
1709190900,2024-02-29 10:15:00,2024-02-29,10:15:00,5706,0,1,0,1,0,229.0,231.7,2650.0,0.7125,February,Thursday,10,Local,0
1709191800,2024-02-29 10:30:00,2024-02-29,10:30:00,5707,0,0,0,1,0,226.8,225.4,150.0,0.1,February,Thursday,10,Local,0
1709192700,2024-02-29 10:45:00,2024-02-29,10:45:00,5708,0,0,0,0,0,228.4,224.2,0.0,0.1,February,Thursday,10,Local,0
1709193600,2024-02-29 11:00:00,2024-02-29,11:00:00,5709,0,0,0,1,0,233.3,235.3,150.0,0.1,February,Thursday,11,Local,0
1709194500,2024-02-29 11:15:00,2024-02-29,11:15:00,5710,0,0,0,1,0,232.1,233.1,150.0,0.1,February,Thursday,11,Local,0
1709195400,2024-02-29 11:30:00,2024-02-29,11:30:00,5711,0,0,0,1,0,233.5,229.8,150.0,0.1,February,Thursday,11,Local,0
1709196300,2024-02-29 11:45:00,2024-02-29,11:45:00,5712,0,0,0,1,0,231.1,229.1,150.0,0.1,February,Thursday,11,Local,0
1709197200,2024-02-29 12:00:00,2024-02-29,12:00:00,5713,1,0,0,1,0,227.2,227.7,300.0,0.1,February,Thursday,12,Local,0
1709198100,2024-02-29 12:15:00,2024-02-29,12:15:00,5714,0,0,1,0,1,233.4,232.4,4200.0,0.8417,February,Thursday,12,Local,0
1709199000,2024-02-29 12:30:00,2024-02-29,12:30:00,5715,0,0,1,1,1,231.4,233.3,4350.0,1.1035,February,Thursday,12,Local,0
1709199900,2024-02-29 12:45:00,2024-02-29,12:45:00,5716,0,1,1,0,0,236.0,236.5,5500.0,1.5296,February,Thursday,12,Local,0
1709200800,2024-02-29 13:00:00,2024-02-29,13:00:00,5717,1,0,0,1,0,232.6,231.5,300.0,0.1,February,Thursday,13,Local,0
1709201700,2024-02-29 13:15:00,2024-02-29,13:15:00,5718,0,0,1,1,0,226.5,225.2,3150.0,0.8226,February,Thursday,13,Local,0
1709202600,2024-02-29 13:30:00,2024-02-29,13:30:00,5719,1,0,0,1,0,229.6,228.8,300.0,0.1,February,Thursday,13,Local,0
1709203500,2024-02-29 13:45:00,2024-02-29,13:45:00,5720,0,0,0,0,0,225.8,226.2,0.0,0.1,February,Thursday,13,Local,0
1709204400,2024-02-29 14:00:00,2024-02-29,14:00:00,5721,0,0,0,1,0,229.3,228.7,150.0,0.1,February,Thursday,14,Local,0
1709205300,2024-02-29 14:15:00,2024-02-29,14:15:00,5722,0,0,1,1,0,233.3,234.4,3150.0,0.8842,February,Thursday,14,Local,0
1709206200,2024-02-29 14:30:00,2024-02-29,14:30:00,5723,0,1,0,1,0,228.1,229.1,2650.0,0.7348,February,Thursday,14,Local,0
1709207100,2024-02-29 14:45:00,2024-02-29,14:45:00,5724,0,0,0,1,0,232.2,233.7,150.0,0.1,February,Thursday,14,Local,0
1709208000,2024-02-29 15:00:00,2024-02-29,15:00:00,5725,0,0,0,1,0,230.4,231.6,150.0,0.1,February,Thursday,15,Local,0
1709208900,2024-02-29 15:15:00,2024-02-29,15:15:00,5726,0,0,0,1,0,222.7,224.7,150.0,0.1,February,Thursday,15,Local,0
1709209800,2024-02-29 15:30:00,2024-02-29,15:30:00,5727,0,0,0,1,0,234.2,236.9,150.0,0.1,February,Thursday,15,Local,0
1709210700,2024-02-29 15:45:00,2024-02-29,15:45:00,5728,0,0,0,0,0,228.3,229.5,0.0,0.1,February,Thursday,15,Local,0
1709211600,2024-02-29 16:00:00,2024-02-29,16:00:00,5729,0,0,0,0,0,230.4,230.4,0.0,0.1,February,Thursday,16,Local,0
1709212500,2024-02-29 16:15:00,2024-02-29,16:15:00,5730,0,0,0,1,0,227.0,222.7,150.0,0.1,February,Thursday,16,Local,0
1709213400,2024-02-29 16:30:00,2024-02-29,16:30:00,5731,1,0,0,1,0,235.8,232.4,300.0,0.1,February,Thursday,16,Local,0
1709214300,2024-02-29 16:45:00,2024-02-29,16:45:00,5732,0,0,0,0,0,233.4,234.2,0.0,0.1,February,Thursday,16,Local,0
1709215200,2024-02-29 17:00:00,2024-02-29,17:00:00,5733,1,1,0,0,0,232.7,231.1,2650.0,0.8388,February,Thursday,17,Local,0
1709216100,2024-02-29 17:15:00,2024-02-29,17:15:00,5734,1,0,1,0,0,226.1,226.2,3150.0,0.9539,February,Thursday,17,Local,0
1709217000,2024-02-29 17:30:00,2024-02-29,17:30:00,5735,0,0,0,1,0,225.9,224.1,150.0,0.1,February,Thursday,17,Local,0
1709217900,2024-02-29 17:45:00,2024-02-29,17:45:00,5736,0,0,1,0,0,226.7,228.3,3000.0,0.8515,February,Thursday,17,Local,0
1709218800,2024-02-29 18:00:00,2024-02-29,18:00:00,5737,0,0,0,1,1,228.7,226.5,2350.0,0.7586,February,Thursday,18,Local,0
1709219700,2024-02-29 18:15:00,2024-02-29,18:15:00,5738,1,1,0,1,0,232.5,233.7,4800.0,1.3727,February,Thursday,18,Local,0
1709220600,2024-02-29 18:30:00,2024-02-29,18:30:00,5739,1,1,0,1,0,230.0,232.7,2800.0,0.7931,February,Thursday,18,Local,0
1709221500,2024-02-29 18:45:00,2024-02-29,18:45:00,5740,1,0,0,0,0,231.1,230.3,150.0,0.1,February,Thursday,18,Local,0
1709222400,2024-02-29 19:00:00,2024-02-29,19:00:00,5741,1,0,1,1,0,232.3,233.3,3300.0,0.8717,February,Thursday,19,Local,0
1709223300,2024-02-29 19:15:00,2024-02-29,19:15:00,5742,1,0,1,1,0,230.2,232.1,3300.0,1.0668,February,Thursday,19,Local,0
1709224200,2024-02-29 19:30:00,2024-02-29,19:30:00,5743,1,0,0,1,0,227.3,228.9,300.0,0.1,February,Thursday,19,Local,0
1709225100,2024-02-29 19:45:00,2024-02-29,19:45:00,5744,1,0,1,0,0,229.5,228.3,3150.0,0.8869,February,Thursday,19,Local,0
1709226000,2024-02-29 20:00:00,2024-02-29,20:00:00,5745,0,0,0,0,0,232.3,231.7,0.0,0.1,February,Thursday,20,Local,0
1709226900,2024-02-29 20:15:00,2024-02-29,20:15:00,5746,1,0,1,1,0,229.2,224.3,3300.0,0.8491,February,Thursday,20,Local,0
1709227800,2024-02-29 20:30:00,2024-02-29,20:30:00,5747,1,0,1,0,0,230.5,233.1,3150.0,0.9754,February,Thursday,20,Local,0
1709228700,2024-02-29 20:45:00,2024-02-29,20:45:00,5748,1,0,0,0,0,234.5,236.8,150.0,0.1,February,Thursday,20,Local,0
1709229600,2024-02-29 21:00:00,2024-02-29,21:00:00,5749,0,0,1,1,0,229.5,228.9,3150.0,0.8111,February,Thursday,21,Local,0
1709230500,2024-02-29 21:15:00,2024-02-29,21:15:00,5750,0,0,1,1,0,234.7,235.1,3150.0,1.0582,February,Thursday,21,Local,0
1709231400,2024-02-29 21:30:00,2024-02-29,21:30:00,5751,1,0,1,1,0,231.5,230.9,3300.0,0.9869,February,Thursday,21,Local,0
1709232300,2024-02-29 21:45:00,2024-02-29,21:45:00,5752,1,0,0,1,0,234.4,235.3,300.0,0.1,February,Thursday,21,Local,0
1709233200,2024-02-29 22:00:00,2024-02-29,22:00:00,5753,0,0,0,1,0,232.1,230.7,150.0,0.1,February,Thursday,22,Local,0
1709234100,2024-02-29 22:15:00,2024-02-29,22:15:00,5754,1,0,1,1,0,234.3,236.6,3300.0,0.947,February,Thursday,22,Local,0
1709235000,2024-02-29 22:30:00,2024-02-29,22:30:00,5755,0,0,0,1,0,228.5,227.0,150.0,0.1,February,Thursday,22,Local,0
1709235900,2024-02-29 22:45:00,2024-02-29,22:45:00,5756,1,0,0,0,0,231.5,229.8,150.0,0.1,February,Thursday,22,Local,0
1709236800,2024-02-29 23:00:00,2024-02-29,23:00:00,5757,0,0,0,1,0,229.5,231.0,150.0,0.1,February,Thursday,23,Local,0
1709237700,2024-02-29 23:15:00,2024-02-29,23:15:00,5758,0,0,0,1,0,231.6,229.1,150.0,0.1,February,Thursday,23,Local,0
1709238600,2024-02-29 23:30:00,2024-02-29,23:30:00,5759,0,0,0,1,0,230.2,225.8,150.0,0.1,February,Thursday,23,Local,0
1709239500,2024-02-29 23:45:00,2024-02-29,23:45:00,5760,1,0,0,0,0,230.1,227.7,150.0,0.1,February,Thursday,23,Local,0
1709240400,2024-03-01 00:00:00,2024-03-01,00:00:00,5761,0,0,0,1,0,230.5,231.6,150.0,0.1,March,Friday,0,Local,0
1709241300,2024-03-01 00:15:00,2024-03-01,00:15:00,5762,0,0,0,0,0,233.5,232.6,0.0,0.1,March,Friday,0,Local,0
1709242200,2024-03-01 00:30:00,2024-03-01,00:30:00,5763,0,0,0,1,0,225.7,223.3,150.0,0.1,March,Friday,0,Local,0
1709243100,2024-03-01 00:45:00,2024-03-01,00:45:00,5764,0,0,0,0,0,234.0,233.3,0.0,0.1,March,Friday,0,Local,0
1709244000,2024-03-01 01:00:00,2024-03-01,01:00:00,5765,0,0,0,1,0,232.2,235.8,150.0,0.1,March,Friday,1,Local,0
1709244900,2024-03-01 01:15:00,2024-03-01,01:15:00,5766,0,0,0,0,0,230.2,230.2,0.0,0.1,March,Friday,1,Local,0
1709245800,2024-03-01 01:30:00,2024-03-01,01:30:00,5767,0,0,0,1,0,230.8,230.6,150.0,0.1,March,Friday,1,Local,0
1709246700,2024-03-01 01:45:00,2024-03-01,01:45:00,5768,0,0,0,1,0,225.2,225.0,150.0,0.1,March,Friday,1,Local,0
1709247600,2024-03-01 02:00:00,2024-03-01,02:00:00,5769,0,0,0,1,0,228.8,228.4,150.0,0.1,March,Friday,2,Local,0
1709248500,2024-03-01 02:15:00,2024-03-01,02:15:00,5770,0,0,0,1,0,234.3,233.6,150.0,0.1,March,Friday,2,Local,0
1709249400,2024-03-01 02:30:00,2024-03-01,02:30:00,5771,0,0,0,1,0,225.2,225.0,150.0,0.1,March,Friday,2,Local,0
1709250300,2024-03-01 02:45:00,2024-03-01,02:45:00,5772,0,0,0,0,0,226.6,229.0,0.0,0.1,March,Friday,2,Local,0
1709251200,2024-03-01 03:00:00,2024-03-01,03:00:00,5773,0,0,0,1,0,229.5,232.6,150.0,0.1,March,Friday,3,Local,0
1709252100,2024-03-01 03:15:00,2024-03-01,03:15:00,5774,0,0,0,1,0,231.4,230.7,150.0,0.1,March,Friday,3,Local,0
1709253000,2024-03-01 03:30:00,2024-03-01,03:30:00,5775,0,0,0,1,0,228.8,228.0,150.0,0.1,March,Friday,3,Local,0
1709253900,2024-03-01 03:45:00,2024-03-01,03:45:00,5776,0,0,0,0,0,233.2,235.2,0.0,0.1,March,Friday,3,Local,0
1709254800,2024-03-01 04:00:00,2024-03-01,04:00:00,5777,0,0,0,1,0,223.6,225.1,150.0,0.1,March,Friday,4,Local,0
1709255700,2024-03-01 04:15:00,2024-03-01,04:15:00,5778,0,0,0,1,0,230.2,228.7,150.0,0.1,March,Friday,4,Local,0
1709256600,2024-03-01 04:30:00,2024-03-01,04:30:00,5779,0,0,0,1,0,222.6,221.4,150.0,0.1,March,Friday,4,Local,0
1709257500,2024-03-01 04:45:00,2024-03-01,04:45:00,5780,0,0,0,0,0,234.8,234.4,0.0,0.1,March,Friday,4,Local,0
1709258400,2024-03-01 05:00:00,2024-03-01,05:00:00,5781,0,0,0,1,0,227.9,230.7,150.0,0.1,March,Friday,5,Local,0
1709259300,2024-03-01 05:15:00,2024-03-01,05:15:00,5782,0,0,0,1,0,230.8,229.2,150.0,0.1,March,Friday,5,Local,0
1709260200,2024-03-01 05:30:00,2024-03-01,05:30:00,5783,0,0,0,1,0,222.6,224.8,150.0,0.1,March,Friday,5,Local,0
1709261100,2024-03-01 05:45:00,2024-03-01,05:45:00,5784,0,0,0,0,0,227.1,229.6,0.0,0.2974,March,Friday,5,Local,1
1709262000,2024-03-01 06:00:00,2024-03-01,06:00:00,5785,0,0,0,1,0,229.9,228.7,150.0,0.1,March,Friday,6,Local,0
1709262900,2024-03-01 06:15:00,2024-03-01,06:15:00,5786,1,0,0,1,0,230.1,234.1,300.0,0.1,March,Friday,6,Local,0
1709263800,2024-03-01 06:30:00,2024-03-01,06:30:00,5787,0,0,0,1,0,226.5,225.9,150.0,0.1,March,Friday,6,Local,0
1709264700,2024-03-01 06:45:00,2024-03-01,06:45:00,5788,0,0,0,0,0,230.5,235.2,0.0,0.1,March,Friday,6,Local,0
1709265600,2024-03-01 07:00:00,2024-03-01,07:00:00,5789,0,0,0,1,0,231.5,233.1,150.0,0.1,March,Friday,7,Local,0
1709266500,2024-03-01 07:15:00,2024-03-01,07:15:00,5790,0,0,0,1,0,228.2,228.8,150.0,0.1,March,Friday,7,Local,0
1709267400,2024-03-01 07:30:00,2024-03-01,07:30:00,5791,0,0,0,0,1,227.4,228.5,1200.0,0.3064,March,Friday,7,Local,0
1709268300,2024-03-01 07:45:00,2024-03-01,07:45:00,5792,0,0,0,1,0,231.4,233.1,150.0,0.1,March,Friday,7,Local,0
1709269200,2024-03-01 08:00:00,2024-03-01,08:00:00,5793,1,0,0,1,0,229.9,230.9,300.0,0.1,March,Friday,8,Local,0
1709270100,2024-03-01 08:15:00,2024-03-01,08:15:00,5794,0,0,0,1,0,229.3,227.9,150.0,0.1,March,Friday,8,Local,0
1709271000,2024-03-01 08:30:00,2024-03-01,08:30:00,5795,0,0,0,1,0,231.2,227.6,150.0,0.1,March,Friday,8,Local,0
1709271900,2024-03-01 08:45:00,2024-03-01,08:45:00,5796,0,0,0,0,0,226.9,224.7,0.0,0.1,March,Friday,8,Local,0
1709272800,2024-03-01 09:00:00,2024-03-01,09:00:00,5797,0,0,0,1,0,228.9,227.1,150.0,0.1,March,Friday,9,Local,0
1709273700,2024-03-01 09:15:00,2024-03-01,09:15:00,5798,0,0,0,1,0,233.0,231.0,150.0,0.1,March,Friday,9,Local,0
1709274600,2024-03-01 09:30:00,2024-03-01,09:30:00,5799,0,0,0,1,0,230.1,231.3,150.0,0.1,March,Friday,9,Local,0
1709275500,2024-03-01 09:45:00,2024-03-01,09:45:00,5800,0,1,0,1,0,232.1,233.1,2650.0,0.717,March,Friday,9,Local,0
1709276400,2024-03-01 10:00:00,2024-03-01,10:00:00,5801,0,0,0,1,0,224.9,225.1,150.0,0.1,March,Friday,10,Local,0
1709277300,2024-03-01 10:15:00,2024-03-01,10:15:00,5802,0,0,0,1,0,234.6,233.0,150.0,0.1,March,Friday,10,Local,0
1709278200,2024-03-01 10:30:00,2024-03-01,10:30:00,5803,0,0,0,1,0,228.9,227.4,150.0,0.1,March,Friday,10,Local,0
1709279100,2024-03-01 10:45:00,2024-03-01,10:45:00,5804,0,0,0,0,0,226.3,223.7,0.0,0.1,March,Friday,10,Local,0
1709280000,2024-03-01 11:00:00,2024-03-01,11:00:00,5805,0,1,0,1,0,226.6,226.9,2650.0,0.6777,March,Friday,11,Local,0
1709280900,2024-03-01 11:15:00,2024-03-01,11:15:00,5806,0,0,0,1,0,230.7,231.7,150.0,0.1,March,Friday,11,Local,0
1709281800,2024-03-01 11:30:00,2024-03-01,11:30:00,5807,0,0,0,1,0,233.1,233.2,150.0,0.1,March,Friday,11,Local,0
1709282700,2024-03-01 11:45:00,2024-03-01,11:45:00,5808,0,0,0,0,0,235.4,236.1,0.0,0.1,March,Friday,11,Local,0
1709283600,2024-03-01 12:00:00,2024-03-01,12:00:00,5809,0,0,0,0,0,226.5,225.1,0.0,0.1,March,Friday,12,Local,0
1709284500,2024-03-01 12:15:00,2024-03-01,12:15:00,5810,0,0,0,1,1,228.8,226.7,1350.0,0.3057,March,Friday,12,Local,0
1709285400,2024-03-01 12:30:00,2024-03-01,12:30:00,5811,0,0,1,1,1,226.2,224.8,4350.0,1.1579,March,Friday,12,Local,0
1709286300,2024-03-01 12:45:00,2024-03-01,12:45:00,5812,0,0,0,0,0,236.4,234.5,0.0,0.1,March,Friday,12,Local,0
1709287200,2024-03-01 13:00:00,2024-03-01,13:00:00,5813,0,0,0,1,0,231.1,229.9,950.0,0.2407,March,Friday,13,Local,0
1709288100,2024-03-01 13:15:00,2024-03-01,13:15:00,5814,0,1,0,1,0,237.0,239.4,2650.0,0.635,March,Friday,13,Local,0
1709289000,2024-03-01 13:30:00,2024-03-01,13:30:00,5815,0,0,0,1,0,230.4,233.1,150.0,0.1,March,Friday,13,Local,0
1709289900,2024-03-01 13:45:00,2024-03-01,13:45:00,5816,1,0,0,0,0,219.8,217.4,150.0,0.1,March,Friday,13,Local,0
1709290800,2024-03-01 14:00:00,2024-03-01,14:00:00,5817,0,0,0,1,0,227.6,228.2,150.0,0.1,March,Friday,14,Local,0
1709291700,2024-03-01 14:15:00,2024-03-01,14:15:00,5818,0,0,0,0,0,230.4,229.1,0.0,0.1,March,Friday,14,Local,0
1709292600,2024-03-01 14:30:00,2024-03-01,14:30:00,5819,0,0,0,1,0,231.1,229.1,150.0,0.1,March,Friday,14,Local,0
1709293500,2024-03-01 14:45:00,2024-03-01,14:45:00,5820,1,0,0,1,0,230.1,230.7,300.0,0.1,March,Friday,14,Local,0
1709294400,2024-03-01 15:00:00,2024-03-01,15:00:00,5821,0,0,0,1,0,225.2,227.2,150.0,0.1,March,Friday,15,Local,0
1709295300,2024-03-01 15:15:00,2024-03-01,15:15:00,5822,0,0,0,1,0,231.1,232.5,150.0,0.1,March,Friday,15,Local,0
1709296200,2024-03-01 15:30:00,2024-03-01,15:30:00,5823,0,0,1,1,0,232.8,234.3,3150.0,0.7381,March,Friday,15,Local,0
1709297100,2024-03-01 15:45:00,2024-03-01,15:45:00,5824,0,0,0,0,0,225.2,225.8,0.0,0.1,March,Friday,15,Local,0
1709298000,2024-03-01 16:00:00,2024-03-01,16:00:00,5825,0,0,0,0,0,235.6,233.2,0.0,0.1,March,Friday,16,Local,0
1709298900,2024-03-01 16:15:00,2024-03-01,16:15:00,5826,0,0,1,1,0,231.4,229.8,3150.0,0.8285,March,Friday,16,Local,0
1709299800,2024-03-01 16:30:00,2024-03-01,16:30:00,5827,0,1,0,1,0,234.1,232.4,2650.0,0.7916,March,Friday,16,Local,0
1709300700,2024-03-01 16:45:00,2024-03-01,16:45:00,5828,1,0,1,0,0,226.8,228.1,3150.0,0.7247,March,Friday,16,Local,0
1709301600,2024-03-01 17:00:00,2024-03-01,17:00:00,5829,0,0,0,1,0,225.3,226.4,150.0,0.1,March,Friday,17,Local,0
1709302500,2024-03-01 17:15:00,2024-03-01,17:15:00,5830,0,0,0,0,1,229.3,231.0,1200.0,0.268,March,Friday,17,Local,0
1709303400,2024-03-01 17:30:00,2024-03-01,17:30:00,5831,0,0,0,1,1,231.1,230.8,1350.0,0.3249,March,Friday,17,Local,0
1709304300,2024-03-01 17:45:00,2024-03-01,17:45:00,5832,0,0,0,0,0,231.3,229.9,800.0,0.2134,March,Friday,17,Local,0
1709305200,2024-03-01 18:00:00,2024-03-01,18:00:00,5833,1,0,0,1,0,234.1,232.3,300.0,0.1,March,Friday,18,Local,0
1709306100,2024-03-01 18:15:00,2024-03-01,18:15:00,5834,0,0,0,1,0,229.0,228.3,150.0,0.1,March,Friday,18,Local,0
1709307000,2024-03-01 18:30:00,2024-03-01,18:30:00,5835,1,0,0,1,0,229.9,226.7,300.0,0.1,March,Friday,18,Local,0
1709307900,2024-03-01 18:45:00,2024-03-01,18:45:00,5836,1,1,0,0,0,229.4,228.5,2650.0,0.791,March,Friday,18,Local,0
1709308800,2024-03-01 19:00:00,2024-03-01,19:00:00,5837,0,0,1,0,0,232.3,232.4,3000.0,0.6029,March,Friday,19,Local,0
1709309700,2024-03-01 19:15:00,2024-03-01,19:15:00,5838,1,0,0,0,0,230.4,229.2,150.0,0.1,March,Friday,19,Local,0
1709310600,2024-03-01 19:30:00,2024-03-01,19:30:00,5839,1,0,0,1,0,233.9,232.9,300.0,0.1,March,Friday,19,Local,0
1709311500,2024-03-01 19:45:00,2024-03-01,19:45:00,5840,0,0,0,0,0,233.0,230.4,0.0,0.1,March,Friday,19,Local,0
1709312400,2024-03-01 20:00:00,2024-03-01,20:00:00,5841,1,0,0,1,0,234.2,232.4,300.0,0.1,March,Friday,20,Local,0
1709313300,2024-03-01 20:15:00,2024-03-01,20:15:00,5842,1,0,1,1,1,233.3,234.7,4500.0,1.1003,March,Friday,20,Local,0
1709314200,2024-03-01 20:30:00,2024-03-01,20:30:00,5843,1,0,0,1,0,234.5,236.1,300.0,0.1,March,Friday,20,Local,0
1709315100,2024-03-01 20:45:00,2024-03-01,20:45:00,5844,1,0,0,0,0,232.8,237.9,150.0,0.1,March,Friday,20,Local,0
1709316000,2024-03-01 21:00:00,2024-03-01,21:00:00,5845,1,0,1,1,0,229.9,229.1,3300.0,0.8245,March,Friday,21,Local,0
1709316900,2024-03-01 21:15:00,2024-03-01,21:15:00,5846,0,0,0,1,1,232.2,231.9,1350.0,0.3524,March,Friday,21,Local,0
1709317800,2024-03-01 21:30:00,2024-03-01,21:30:00,5847,1,0,1,1,0,232.2,232.3,3300.0,0.7429,March,Friday,21,Local,0
1709318700,2024-03-01 21:45:00,2024-03-01,21:45:00,5848,1,0,0,0,1,228.6,226.9,1350.0,0.3421,March,Friday,21,Local,0
1709319600,2024-03-01 22:00:00,2024-03-01,22:00:00,5849,1,0,0,1,0,225.6,223.0,300.0,0.1,March,Friday,22,Local,0
1709320500,2024-03-01 22:15:00,2024-03-01,22:15:00,5850,1,0,0,1,0,238.5,239.7,300.0,0.1,March,Friday,22,Local,0
1709321400,2024-03-01 22:30:00,2024-03-01,22:30:00,5851,0,0,0,1,0,233.8,234.6,150.0,0.1,March,Friday,22,Local,0
1709322300,2024-03-01 22:45:00,2024-03-01,22:45:00,5852,1,0,1,0,0,234.8,236.8,3150.0,0.9226,March,Friday,22,Local,0
1709323200,2024-03-01 23:00:00,2024-03-01,23:00:00,5853,0,0,0,1,0,234.9,238.8,150.0,0.1,March,Friday,23,Local,0
1709324100,2024-03-01 23:15:00,2024-03-01,23:15:00,5854,1,0,0,1,0,235.6,240.0,300.0,0.1,March,Friday,23,Local,0
1709325000,2024-03-01 23:30:00,2024-03-01,23:30:00,5855,0,0,0,1,0,230.0,232.1,150.0,0.1,March,Friday,23,Local,0
1709325900,2024-03-01 23:45:00,2024-03-01,23:45:00,5856,0,0,0,0,0,227.8,229.2,0.0,0.1,March,Friday,23,Local,0
1709326800,2024-03-02 00:00:00,2024-03-02,00:00:00,5857,0,0,0,1,0,229.9,229.4,150.0,0.1,March,Saturday,0,Local,0
1709327700,2024-03-02 00:15:00,2024-03-02,00:15:00,5858,0,0,0,1,0,229.8,230.8,150.0,0.1,March,Saturday,0,Local,0
1709328600,2024-03-02 00:30:00,2024-03-02,00:30:00,5859,0,0,0,1,0,228.5,226.2,150.0,0.1,March,Saturday,0,Local,0
1709329500,2024-03-02 00:45:00,2024-03-02,00:45:00,5860,0,0,0,0,0,231.6,234.1,0.0,0.1,March,Saturday,0,Local,0
1709330400,2024-03-02 01:00:00,2024-03-02,01:00:00,5861,0,0,0,1,0,228.4,226.6,150.0,0.1,March,Saturday,1,Local,0
1709331300,2024-03-02 01:15:00,2024-03-02,01:15:00,5862,0,0,0,1,0,233.4,232.3,150.0,0.1,March,Saturday,1,Local,0
1709332200,2024-03-02 01:30:00,2024-03-02,01:30:00,5863,0,0,0,1,0,224.4,227.2,150.0,0.1,March,Saturday,1,Local,0
1709333100,2024-03-02 01:45:00,2024-03-02,01:45:00,5864,0,0,0,1,0,233.2,234.5,150.0,0.1,March,Saturday,1,Local,0
1709334000,2024-03-02 02:00:00,2024-03-02,02:00:00,5865,0,0,0,1,0,230.7,230.5,150.0,0.1,March,Saturday,2,Local,0
1709334900,2024-03-02 02:15:00,2024-03-02,02:15:00,5866,0,0,0,1,0,229.8,227.6,150.0,0.1,March,Saturday,2,Local,0
1709335800,2024-03-02 02:30:00,2024-03-02,02:30:00,5867,0,0,0,1,0,230.0,229.6,150.0,0.1,March,Saturday,2,Local,0
1709336700,2024-03-02 02:45:00,2024-03-02,02:45:00,5868,0,0,0,0,0,230.1,228.8,0.0,0.1,March,Saturday,2,Local,0
1709337600,2024-03-02 03:00:00,2024-03-02,03:00:00,5869,0,0,0,1,0,224.7,229.2,150.0,0.1,March,Saturday,3,Local,0
1709338500,2024-03-02 03:15:00,2024-03-02,03:15:00,5870,0,0,0,1,0,226.2,225.3,150.0,0.1,March,Saturday,3,Local,0
1709339400,2024-03-02 03:30:00,2024-03-02,03:30:00,5871,0,0,0,0,0,230.3,229.9,0.0,0.1,March,Saturday,3,Local,0
1709340300,2024-03-02 03:45:00,2024-03-02,03:45:00,5872,0,0,0,0,0,228.9,226.4,0.0,0.1,March,Saturday,3,Local,0
1709341200,2024-03-02 04:00:00,2024-03-02,04:00:00,5873,0,0,0,1,0,231.1,226.8,150.0,0.1,March,Saturday,4,Local,0
1709342100,2024-03-02 04:15:00,2024-03-02,04:15:00,5874,0,0,0,1,0,226.5,224.8,150.0,0.1,March,Saturday,4,Local,0
1709343000,2024-03-02 04:30:00,2024-03-02,04:30:00,5875,0,0,0,1,0,226.1,228.5,150.0,0.1,March,Saturday,4,Local,0
1709343900,2024-03-02 04:45:00,2024-03-02,04:45:00,5876,0,0,0,0,0,229.8,233.3,0.0,0.1,March,Saturday,4,Local,0
1709344800,2024-03-02 05:00:00,2024-03-02,05:00:00,5877,0,0,0,1,0,232.9,231.4,150.0,0.1,March,Saturday,5,Local,0
1709345700,2024-03-02 05:15:00,2024-03-02,05:15:00,5878,0,0,0,1,0,229.8,228.0,150.0,0.1,March,Saturday,5,Local,0
1709346600,2024-03-02 05:30:00,2024-03-02,05:30:00,5879,0,0,0,1,0,231.3,227.9,150.0,0.1,March,Saturday,5,Local,0
1709347500,2024-03-02 05:45:00,2024-03-02,05:45:00,5880,0,0,0,1,0,229.2,228.5,150.0,0.1,March,Saturday,5,Local,0
1709348400,2024-03-02 06:00:00,2024-03-02,06:00:00,5881,0,0,0,1,0,228.8,227.8,150.0,0.1,March,Saturday,6,Local,0
1709349300,2024-03-02 06:15:00,2024-03-02,06:15:00,5882,0,0,0,1,0,227.3,228.4,150.0,0.1,March,Saturday,6,Local,0
1709350200,2024-03-02 06:30:00,2024-03-02,06:30:00,5883,0,0,0,1,0,226.9,227.2,150.0,0.1,March,Saturday,6,Local,0
1709351100,2024-03-02 06:45:00,2024-03-02,06:45:00,5884,0,0,0,0,0,225.4,221.5,0.0,0.1,March,Saturday,6,Local,0
1709352000,2024-03-02 07:00:00,2024-03-02,07:00:00,5885,0,0,0,1,0,231.8,229.2,150.0,0.1,March,Saturday,7,Local,0
1709352900,2024-03-02 07:15:00,2024-03-02,07:15:00,5886,1,0,0,1,0,233.1,232.7,300.0,0.1,March,Saturday,7,Local,0
1709353800,2024-03-02 07:30:00,2024-03-02,07:30:00,5887,0,0,0,1,1,229.2,230.4,1350.0,0.3268,March,Saturday,7,Local,0
1709354700,2024-03-02 07:45:00,2024-03-02,07:45:00,5888,0,0,0,0,0,226.5,228.3,0.0,0.1,March,Saturday,7,Local,0
1709355600,2024-03-02 08:00:00,2024-03-02,08:00:00,5889,0,0,0,1,0,234.6,236.0,150.0,0.1,March,Saturday,8,Local,0
1709356500,2024-03-02 08:15:00,2024-03-02,08:15:00,5890,0,0,0,1,1,229.3,227.4,1350.0,0.3124,March,Saturday,8,Local,0
1709357400,2024-03-02 08:30:00,2024-03-02,08:30:00,5891,1,0,0,1,0,228.9,231.0,300.0,0.1,March,Saturday,8,Local,0
1709358300,2024-03-02 08:45:00,2024-03-02,08:45:00,5892,0,0,0,0,0,232.2,233.3,0.0,0.1,March,Saturday,8,Local,0
1709359200,2024-03-02 09:00:00,2024-03-02,09:00:00,5893,1,0,0,0,1,227.0,227.5,1350.0,0.3219,March,Saturday,9,Local,0
1709360100,2024-03-02 09:15:00,2024-03-02,09:15:00,5894,0,1,0,1,0,232.6,230.5,2650.0,0.5182,March,Saturday,9,Local,0
1709361000,2024-03-02 09:30:00,2024-03-02,09:30:00,5895,0,0,0,1,0,227.1,226.0,150.0,0.1,March,Saturday,9,Local,0
1709361900,2024-03-02 09:45:00,2024-03-02,09:45:00,5896,0,0,0,0,0,227.4,228.7,0.0,0.1,March,Saturday,9,Local,0
1709362800,2024-03-02 10:00:00,2024-03-02,10:00:00,5897,0,0,0,1,0,231.6,231.6,150.0,0.1,March,Saturday,10,Local,0
1709363700,2024-03-02 10:15:00,2024-03-02,10:15:00,5898,0,0,0,1,0,233.3,235.6,150.0,0.1,March,Saturday,10,Local,0
1709364600,2024-03-02 10:30:00,2024-03-02,10:30:00,5899,0,1,0,1,0,224.6,223.5,2650.0,0.6,March,Saturday,10,Local,0
1709365500,2024-03-02 10:45:00,2024-03-02,10:45:00,5900,0,0,0,0,0,233.5,233.6,2000.0,0.5411,March,Saturday,10,Local,0
1709366400,2024-03-02 11:00:00,2024-03-02,11:00:00,5901,0,0,0,1,0,227.5,225.4,150.0,0.1,March,Saturday,11,Local,0
1709367300,2024-03-02 11:15:00,2024-03-02,11:15:00,5902,0,0,0,1,0,227.8,228.1,150.0,0.1,March,Saturday,11,Local,0
1709368200,2024-03-02 11:30:00,2024-03-02,11:30:00,5903,0,1,0,1,0,233.5,231.8,2650.0,0.7007,March,Saturday,11,Local,0
1709369100,2024-03-02 11:45:00,2024-03-02,11:45:00,5904,0,0,0,0,0,234.7,232.6,0.0,0.1,March,Saturday,11,Local,0
1709370000,2024-03-02 12:00:00,2024-03-02,12:00:00,5905,0,0,0,1,0,226.9,226.1,150.0,0.1,March,Saturday,12,Local,0
1709370900,2024-03-02 12:15:00,2024-03-02,12:15:00,5906,0,0,0,1,0,232.1,231.1,150.0,0.1,March,Saturday,12,Local,0
1709371800,2024-03-02 12:30:00,2024-03-02,12:30:00,5907,0,0,0,1,0,234.1,234.3,150.0,0.1,March,Saturday,12,Local,0
1709372700,2024-03-02 12:45:00,2024-03-02,12:45:00,5908,0,0,1,0,0,229.0,227.9,3000.0,0.7443,March,Saturday,12,Local,0
1709373600,2024-03-02 13:00:00,2024-03-02,13:00:00,5909,0,0,0,1,0,231.3,231.4,650.0,0.1637,March,Saturday,13,Local,0
1709374500,2024-03-02 13:15:00,2024-03-02,13:15:00,5910,0,1,0,1,0,228.1,224.0,2650.0,0.5589,March,Saturday,13,Local,0
1709375400,2024-03-02 13:30:00,2024-03-02,13:30:00,5911,0,0,0,1,0,231.4,230.3,150.0,0.1,March,Saturday,13,Local,0
1709376300,2024-03-02 13:45:00,2024-03-02,13:45:00,5912,1,0,0,0,0,229.6,227.7,950.0,0.2464,March,Saturday,13,Local,0
1709377200,2024-03-02 14:00:00,2024-03-02,14:00:00,5913,0,1,0,1,0,228.1,229.0,2650.0,0.6596,March,Saturday,14,Local,0
1709378100,2024-03-02 14:15:00,2024-03-02,14:15:00,5914,1,0,0,1,0,230.4,230.4,300.0,0.1,March,Saturday,14,Local,0
1709379000,2024-03-02 14:30:00,2024-03-02,14:30:00,5915,0,0,0,1,1,227.2,229.8,1350.0,0.3239,March,Saturday,14,Local,0
1709379900,2024-03-02 14:45:00,2024-03-02,14:45:00,5916,0,0,0,0,0,231.4,232.0,0.0,0.1,March,Saturday,14,Local,0
1709380800,2024-03-02 15:00:00,2024-03-02,15:00:00,5917,0,0,0,1,0,230.7,231.8,150.0,0.1,March,Saturday,15,Local,0
1709381700,2024-03-02 15:15:00,2024-03-02,15:15:00,5918,0,0,0,1,0,233.4,232.0,150.0,0.1,March,Saturday,15,Local,0
1709382600,2024-03-02 15:30:00,2024-03-02,15:30:00,5919,0,1,0,0,0,233.1,233.7,2500.0,0.568,March,Saturday,15,Local,0
1709383500,2024-03-02 15:45:00,2024-03-02,15:45:00,5920,0,1,0,0,0,228.1,227.1,2500.0,0.5203,March,Saturday,15,Local,0
1709384400,2024-03-02 16:00:00,2024-03-02,16:00:00,5921,0,1,0,1,0,222.7,225.0,2650.0,0.6437,March,Saturday,16,Local,0
1709385300,2024-03-02 16:15:00,2024-03-02,16:15:00,5922,0,1,0,1,0,224.8,228.3,2650.0,0.6446,March,Saturday,16,Local,0
1709386200,2024-03-02 16:30:00,2024-03-02,16:30:00,5923,0,0,0,1,0,232.1,230.1,650.0,0.1567,March,Saturday,16,Local,0
1709387100,2024-03-02 16:45:00,2024-03-02,16:45:00,5924,1,0,0,0,0,230.0,229.8,150.0,0.1,March,Saturday,16,Local,0
1709388000,2024-03-02 17:00:00,2024-03-02,17:00:00,5925,1,0,1,1,0,231.1,232.8,3300.0,0.6586,March,Saturday,17,Local,0
1709388900,2024-03-02 17:15:00,2024-03-02,17:15:00,5926,1,0,0,1,0,230.5,229.8,300.0,0.1,March,Saturday,17,Local,0
1709389800,2024-03-02 17:30:00,2024-03-02,17:30:00,5927,0,0,0,1,1,227.4,227.7,1350.0,0.372,March,Saturday,17,Local,0
1709390700,2024-03-02 17:45:00,2024-03-02,17:45:00,5928,1,0,1,0,0,229.0,230.1,3150.0,0.8862,March,Saturday,17,Local,0
1709391600,2024-03-02 18:00:00,2024-03-02,18:00:00,5929,1,1,0,1,0,228.2,229.9,2800.0,0.7136,March,Saturday,18,Local,0
1709392500,2024-03-02 18:15:00,2024-03-02,18:15:00,5930,1,0,1,1,0,232.9,233.9,3300.0,0.9248,March,Saturday,18,Local,0
1709393400,2024-03-02 18:30:00,2024-03-02,18:30:00,5931,1,1,1,1,0,228.9,225.8,5800.0,1.4037,March,Saturday,18,Local,0
1709394300,2024-03-02 18:45:00,2024-03-02,18:45:00,5932,1,0,1,0,1,232.4,233.8,4350.0,1.0107,March,Saturday,18,Local,0
1709395200,2024-03-02 19:00:00,2024-03-02,19:00:00,5933,1,1,0,1,0,227.9,229.5,2800.0,0.7278,March,Saturday,19,Local,0
1709396100,2024-03-02 19:15:00,2024-03-02,19:15:00,5934,1,1,1,1,0,234.9,233.4,7800.0,1.9521,March,Saturday,19,Local,0
1709397000,2024-03-02 19:30:00,2024-03-02,19:30:00,5935,1,0,0,1,0,229.0,230.0,300.0,0.1,March,Saturday,19,Local,0
1709397900,2024-03-02 19:45:00,2024-03-02,19:45:00,5936,1,0,1,0,0,228.1,227.3,3150.0,0.7451,March,Saturday,19,Local,0
1709398800,2024-03-02 20:00:00,2024-03-02,20:00:00,5937,1,0,0,0,0,229.0,227.8,150.0,0.1,March,Saturday,20,Local,0
1709399700,2024-03-02 20:15:00,2024-03-02,20:15:00,5938,1,0,0,1,0,229.5,231.5,300.0,0.1,March,Saturday,20,Local,0
1709400600,2024-03-02 20:30:00,2024-03-02,20:30:00,5939,1,0,0,1,0,233.0,233.7,300.0,0.1,March,Saturday,20,Local,0
1709401500,2024-03-02 20:45:00,2024-03-02,20:45:00,5940,1,0,0,0,0,234.0,232.5,950.0,0.2757,March,Saturday,20,Local,0
1709402400,2024-03-02 21:00:00,2024-03-02,21:00:00,5941,1,0,0,1,0,227.9,227.1,300.0,0.1,March,Saturday,21,Local,0
1709403300,2024-03-02 21:15:00,2024-03-02,21:15:00,5942,1,0,0,0,0,224.7,224.6,150.0,0.1,March,Saturday,21,Local,0
1709404200,2024-03-02 21:30:00,2024-03-02,21:30:00,5943,1,1,0,1,0,234.3,232.7,2800.0,0.692,March,Saturday,21,Local,0
1709405100,2024-03-02 21:45:00,2024-03-02,21:45:00,5944,1,0,0,0,0,234.7,239.1,150.0,0.1,March,Saturday,21,Local,0
1709406000,2024-03-02 22:00:00,2024-03-02,22:00:00,5945,1,0,0,1,0,229.9,225.8,300.0,0.1,March,Saturday,22,Local,0
1709406900,2024-03-02 22:15:00,2024-03-02,22:15:00,5946,1,0,0,0,1,230.5,230.2,1350.0,0.4008,March,Saturday,22,Local,0
1709407800,2024-03-02 22:30:00,2024-03-02,22:30:00,5947,0,0,0,1,0,233.9,236.3,150.0,0.1,March,Saturday,22,Local,0
1709408700,2024-03-02 22:45:00,2024-03-02,22:45:00,5948,1,0,0,0,0,232.3,229.9,150.0,0.1,March,Saturday,22,Local,0
1709409600,2024-03-02 23:00:00,2024-03-02,23:00:00,5949,0,0,0,1,0,230.4,228.5,150.0,0.1,March,Saturday,23,Local,0
1709410500,2024-03-02 23:15:00,2024-03-02,23:15:00,5950,0,0,0,1,0,227.0,226.4,150.0,0.1,March,Saturday,23,Local,0
1709411400,2024-03-02 23:30:00,2024-03-02,23:30:00,5951,0,0,0,1,0,233.2,230.9,150.0,0.1,March,Saturday,23,Local,0
1709412300,2024-03-02 23:45:00,2024-03-02,23:45:00,5952,1,0,0,0,0,227.1,228.7,150.0,0.1,March,Saturday,23,Local,0
1709413200,2024-03-03 00:00:00,2024-03-03,00:00:00,5953,0,0,0,1,0,227.5,228.2,150.0,0.1,March,Sunday,0,Local,0
1709414100,2024-03-03 00:15:00,2024-03-03,00:15:00,5954,0,0,0,0,0,232.0,231.1,0.0,0.1,March,Sunday,0,Local,0
1709415000,2024-03-03 00:30:00,2024-03-03,00:30:00,5955,0,0,0,1,0,228.6,228.7,150.0,0.1,March,Sunday,0,Local,0
1709415900,2024-03-03 00:45:00,2024-03-03,00:45:00,5956,0,0,0,0,0,227.1,229.1,0.0,0.1,March,Sunday,0,Local,0
1709416800,2024-03-03 01:00:00,2024-03-03,01:00:00,5957,0,0,0,1,0,228.7,228.9,150.0,0.1,March,Sunday,1,Local,0
1709417700,2024-03-03 01:15:00,2024-03-03,01:15:00,5958,0,0,0,1,0,230.1,230.5,150.0,0.1,March,Sunday,1,Local,0
1709418600,2024-03-03 01:30:00,2024-03-03,01:30:00,5959,0,0,0,0,0,224.9,225.3,0.0,0.1,March,Sunday,1,Local,0
1709419500,2024-03-03 01:45:00,2024-03-03,01:45:00,5960,0,0,0,0,0,227.0,223.9,0.0,0.1,March,Sunday,1,Local,0
1709420400,2024-03-03 02:00:00,2024-03-03,02:00:00,5961,0,0,0,1,0,229.4,228.2,150.0,0.1,March,Sunday,2,Local,0
1709421300,2024-03-03 02:15:00,2024-03-03,02:15:00,5962,0,0,0,1,0,232.7,228.0,150.0,0.1,March,Sunday,2,Local,0
1709422200,2024-03-03 02:30:00,2024-03-03,02:30:00,5963,0,0,0,1,0,227.8,226.5,150.0,0.1,March,Sunday,2,Local,0
1709423100,2024-03-03 02:45:00,2024-03-03,02:45:00,5964,0,0,0,1,0,224.8,219.2,150.0,0.1,March,Sunday,2,Local,0
1709424000,2024-03-03 03:00:00,2024-03-03,03:00:00,5965,0,0,0,0,0,231.8,237.3,0.0,0.1,March,Sunday,3,Local,0
1709424900,2024-03-03 03:15:00,2024-03-03,03:15:00,5966,0,0,0,1,0,227.9,229.2,150.0,0.1,March,Sunday,3,Local,0
1709425800,2024-03-03 03:30:00,2024-03-03,03:30:00,5967,0,0,0,1,0,228.4,228.1,150.0,0.1,March,Sunday,3,Local,0
1709426700,2024-03-03 03:45:00,2024-03-03,03:45:00,5968,0,0,0,0,0,228.2,229.9,0.0,0.1,March,Sunday,3,Local,0
1709427600,2024-03-03 04:00:00,2024-03-03,04:00:00,5969,0,0,0,1,0,225.2,221.7,150.0,0.1,March,Sunday,4,Local,0
1709428500,2024-03-03 04:15:00,2024-03-03,04:15:00,5970,0,0,0,1,0,230.2,226.1,150.0,0.1,March,Sunday,4,Local,0
1709429400,2024-03-03 04:30:00,2024-03-03,04:30:00,5971,0,0,0,1,0,231.5,234.5,1650.0,0.4119,March,Sunday,4,Local,0
1709430300,2024-03-03 04:45:00,2024-03-03,04:45:00,5972,0,0,0,0,0,232.8,229.4,500.0,0.144,March,Sunday,4,Local,0
1709431200,2024-03-03 05:00:00,2024-03-03,05:00:00,5973,0,0,0,1,0,230.7,232.6,150.0,0.1,March,Sunday,5,Local,0
1709432100,2024-03-03 05:15:00,2024-03-03,05:15:00,5974,0,0,0,1,0,233.8,235.3,150.0,0.1,March,Sunday,5,Local,0
1709433000,2024-03-03 05:30:00,2024-03-03,05:30:00,5975,0,0,0,1,0,230.0,231.3,150.0,0.1,March,Sunday,5,Local,0
1709433900,2024-03-03 05:45:00,2024-03-03,05:45:00,5976,0,0,0,0,0,230.4,230.7,0.0,0.1,March,Sunday,5,Local,0
1709434800,2024-03-03 06:00:00,2024-03-03,06:00:00,5977,0,0,0,1,0,230.4,229.4,150.0,0.1,March,Sunday,6,Local,0
1709435700,2024-03-03 06:15:00,2024-03-03,06:15:00,5978,0,0,0,1,0,231.3,228.0,150.0,0.1,March,Sunday,6,Local,0
1709436600,2024-03-03 06:30:00,2024-03-03,06:30:00,5979,0,0,0,1,0,229.9,231.4,150.0,0.1,March,Sunday,6,Local,0
1709437500,2024-03-03 06:45:00,2024-03-03,06:45:00,5980,1,0,0,0,0,231.1,231.2,150.0,0.1,March,Sunday,6,Local,0
1709438400,2024-03-03 07:00:00,2024-03-03,07:00:00,5981,0,0,0,0,0,234.4,233.8,0.0,0.1,March,Sunday,7,Local,0
1709439300,2024-03-03 07:15:00,2024-03-03,07:15:00,5982,0,0,0,1,0,229.3,230.9,150.0,0.1,March,Sunday,7,Local,0
1709440200,2024-03-03 07:30:00,2024-03-03,07:30:00,5983,0,0,0,1,0,238.1,240.1,150.0,0.1,March,Sunday,7,Local,0
1709441100,2024-03-03 07:45:00,2024-03-03,07:45:00,5984,0,0,0,0,0,231.8,233.5,0.0,0.1,March,Sunday,7,Local,0
1709442000,2024-03-03 08:00:00,2024-03-03,08:00:00,5985,0,0,0,1,0,226.7,224.1,150.0,0.1,March,Sunday,8,Local,0
1709442900,2024-03-03 08:15:00,2024-03-03,08:15:00,5986,0,0,0,1,1,233.4,233.9,1350.0,0.3454,March,Sunday,8,Local,0
1709443800,2024-03-03 08:30:00,2024-03-03,08:30:00,5987,0,0,0,1,0,231.5,234.6,1650.0,0.4127,March,Sunday,8,Local,0
1709444700,2024-03-03 08:45:00,2024-03-03,08:45:00,5988,0,0,0,0,0,227.9,228.7,0.0,0.1,March,Sunday,8,Local,0
1709445600,2024-03-03 09:00:00,2024-03-03,09:00:00,5989,0,1,0,1,0,228.6,226.4,2650.0,0.5605,March,Sunday,9,Local,0
1709446500,2024-03-03 09:15:00,2024-03-03,09:15:00,5990,0,0,0,1,0,232.9,230.3,150.0,0.1,March,Sunday,9,Local,0
1709447400,2024-03-03 09:30:00,2024-03-03,09:30:00,5991,0,0,0,1,0,231.4,233.2,150.0,0.1,March,Sunday,9,Local,0
1709448300,2024-03-03 09:45:00,2024-03-03,09:45:00,5992,0,0,0,0,0,232.8,230.2,0.0,0.1,March,Sunday,9,Local,0
1709449200,2024-03-03 10:00:00,2024-03-03,10:00:00,5993,0,0,0,1,0,231.3,230.1,150.0,0.1,March,Sunday,10,Local,0
1709450100,2024-03-03 10:15:00,2024-03-03,10:15:00,5994,0,1,0,1,0,227.3,228.2,2650.0,0.6421,March,Sunday,10,Local,0
1709451000,2024-03-03 10:30:00,2024-03-03,10:30:00,5995,1,0,0,1,0,231.9,233.6,300.0,0.1,March,Sunday,10,Local,0
1709451900,2024-03-03 10:45:00,2024-03-03,10:45:00,5996,0,0,0,0,0,232.4,237.3,0.0,0.1,March,Sunday,10,Local,0
1709452800,2024-03-03 11:00:00,2024-03-03,11:00:00,5997,0,0,0,0,0,232.5,235.0,0.0,0.1,March,Sunday,11,Local,0
1709453700,2024-03-03 11:15:00,2024-03-03,11:15:00,5998,0,0,0,1,0,232.2,231.9,150.0,0.1,March,Sunday,11,Local,0
1709454600,2024-03-03 11:30:00,2024-03-03,11:30:00,5999,1,0,0,1,0,234.4,234.3,300.0,0.1,March,Sunday,11,Local,0
1709455500,2024-03-03 11:45:00,2024-03-03,11:45:00,6000,0,0,0,0,0,231.7,228.5,0.0,0.1,March,Sunday,11,Local,0
1709456400,2024-03-03 12:00:00,2024-03-03,12:00:00,6001,0,0,1,1,0,231.5,230.8,3150.0,0.9258,March,Sunday,12,Local,0
1709457300,2024-03-03 12:15:00,2024-03-03,12:15:00,6002,0,0,0,1,0,227.4,230.5,150.0,0.1,March,Sunday,12,Local,0
1709458200,2024-03-03 12:30:00,2024-03-03,12:30:00,6003,0,0,1,1,0,225.8,227.4,3150.0,0.804,March,Sunday,12,Local,0
1709459100,2024-03-03 12:45:00,2024-03-03,12:45:00,6004,0,0,0,0,0,227.7,229.9,0.0,0.1,March,Sunday,12,Local,0
1709460000,2024-03-03 13:00:00,2024-03-03,13:00:00,6005,0,0,0,1,0,232.5,229.8,150.0,0.1,March,Sunday,13,Local,0
1709460900,2024-03-03 13:15:00,2024-03-03,13:15:00,6006,0,1,0,1,1,229.2,230.3,4350.0,0.922,March,Sunday,13,Local,0
1709461800,2024-03-03 13:30:00,2024-03-03,13:30:00,6007,0,0,1,1,0,229.1,230.3,3150.0,0.8034,March,Sunday,13,Local,0
1709462700,2024-03-03 13:45:00,2024-03-03,13:45:00,6008,0,0,0,1,0,230.1,227.0,150.0,0.1,March,Sunday,13,Local,0
1709463600,2024-03-03 14:00:00,2024-03-03,14:00:00,6009,0,0,0,1,0,230.6,230.4,150.0,0.1,March,Sunday,14,Local,0
1709464500,2024-03-03 14:15:00,2024-03-03,14:15:00,6010,0,0,0,1,0,229.6,231.9,150.0,0.1,March,Sunday,14,Local,0
1709465400,2024-03-03 14:30:00,2024-03-03,14:30:00,6011,0,0,0,1,0,232.3,229.9,150.0,0.1,March,Sunday,14,Local,0
1709466300,2024-03-03 14:45:00,2024-03-03,14:45:00,6012,0,0,0,0,0,224.9,225.1,0.0,0.1,March,Sunday,14,Local,0
1709467200,2024-03-03 15:00:00,2024-03-03,15:00:00,6013,0,0,0,1,0,231.8,234.6,150.0,0.1,March,Sunday,15,Local,0
1709468100,2024-03-03 15:15:00,2024-03-03,15:15:00,6014,0,0,0,0,1,232.3,233.3,1200.0,0.3599,March,Sunday,15,Local,0
1709469000,2024-03-03 15:30:00,2024-03-03,15:30:00,6015,0,0,0,1,0,234.4,231.5,150.0,0.1,March,Sunday,15,Local,0
1709469900,2024-03-03 15:45:00,2024-03-03,15:45:00,6016,0,1,0,0,0,237.6,234.4,2500.0,0.5853,March,Sunday,15,Local,0
1709470800,2024-03-03 16:00:00,2024-03-03,16:00:00,6017,0,0,0,1,0,233.8,235.1,150.0,0.1,March,Sunday,16,Local,0
1709471700,2024-03-03 16:15:00,2024-03-03,16:15:00,6018,0,0,1,1,0,227.3,227.7,3150.0,0.744,March,Sunday,16,Local,0
1709472600,2024-03-03 16:30:00,2024-03-03,16:30:00,6019,0,0,0,1,0,230.0,227.8,150.0,0.1,March,Sunday,16,Local,0
1709473500,2024-03-03 16:45:00,2024-03-03,16:45:00,6020,1,0,0,0,0,232.2,231.6,150.0,0.1,March,Sunday,16,Local,0
1709474400,2024-03-03 17:00:00,2024-03-03,17:00:00,6021,1,1,0,1,0,228.2,228.4,2800.0,0.7188,March,Sunday,17,Local,0
1709475300,2024-03-03 17:15:00,2024-03-03,17:15:00,6022,1,0,1,1,1,229.8,229.7,4500.0,0.9535,March,Sunday,17,Local,0
1709476200,2024-03-03 17:30:00,2024-03-03,17:30:00,6023,0,0,1,1,0,229.0,229.6,3150.0,0.9668,March,Sunday,17,Local,0
1709477100,2024-03-03 17:45:00,2024-03-03,17:45:00,6024,0,0,0,0,0,232.5,230.7,0.0,0.1,March,Sunday,17,Local,0
1709478000,2024-03-03 18:00:00,2024-03-03,18:00:00,6025,0,0,0,0,0,229.9,228.2,0.0,0.1,March,Sunday,18,Local,0
1709478900,2024-03-03 18:15:00,2024-03-03,18:15:00,6026,1,0,0,0,1,230.8,234.7,1850.0,0.4451,March,Sunday,18,Local,0
1709479800,2024-03-03 18:30:00,2024-03-03,18:30:00,6027,1,0,0,1,0,235.0,235.2,300.0,0.1,March,Sunday,18,Local,0
1709480700,2024-03-03 18:45:00,2024-03-03,18:45:00,6028,1,0,1,1,0,225.2,228.5,3300.0,0.8327,March,Sunday,18,Local,0
1709481600,2024-03-03 19:00:00,2024-03-03,19:00:00,6029,1,0,1,1,0,231.6,231.5,3300.0,0.8351,March,Sunday,19,Local,0
1709482500,2024-03-03 19:15:00,2024-03-03,19:15:00,6030,1,0,1,1,0,231.2,228.4,3300.0,0.8875,March,Sunday,19,Local,0
1709483400,2024-03-03 19:30:00,2024-03-03,19:30:00,6031,1,0,1,1,0,233.5,231.9,3300.0,0.7312,March,Sunday,19,Local,0
1709484300,2024-03-03 19:45:00,2024-03-03,19:45:00,6032,1,0,1,0,1,228.5,231.0,4350.0,1.1407,March,Sunday,19,Local,0
1709485200,2024-03-03 20:00:00,2024-03-03,20:00:00,6033,1,0,0,1,0,228.9,234.0,300.0,0.1,March,Sunday,20,Local,0
1709486100,2024-03-03 20:15:00,2024-03-03,20:15:00,6034,1,0,0,1,1,228.2,231.9,1500.0,0.2996,March,Sunday,20,Local,0
1709487000,2024-03-03 20:30:00,2024-03-03,20:30:00,6035,1,0,1,1,0,227.1,230.4,3300.0,0.8079,March,Sunday,20,Local,0
1709487900,2024-03-03 20:45:00,2024-03-03,20:45:00,6036,1,0,0,0,0,228.2,231.5,150.0,0.1,March,Sunday,20,Local,0
1709488800,2024-03-03 21:00:00,2024-03-03,21:00:00,6037,1,0,0,1,0,228.7,228.5,300.0,0.1,March,Sunday,21,Local,0
1709489700,2024-03-03 21:15:00,2024-03-03,21:15:00,6038,1,0,0,0,0,225.9,227.1,150.0,0.1,March,Sunday,21,Local,0
1709490600,2024-03-03 21:30:00,2024-03-03,21:30:00,6039,1,0,0,1,1,229.4,231.7,1500.0,0.3312,March,Sunday,21,Local,0
1709491500,2024-03-03 21:45:00,2024-03-03,21:45:00,6040,1,0,0,0,1,228.0,228.0,1350.0,0.3998,March,Sunday,21,Local,0
1709492400,2024-03-03 22:00:00,2024-03-03,22:00:00,6041,0,0,0,1,0,232.5,234.5,150.0,0.1,March,Sunday,22,Local,0
1709493300,2024-03-03 22:15:00,2024-03-03,22:15:00,6042,1,0,0,1,1,228.6,230.5,1500.0,0.3551,March,Sunday,22,Local,0
1709494200,2024-03-03 22:30:00,2024-03-03,22:30:00,6043,0,0,1,1,0,232.0,230.6,3150.0,0.889,March,Sunday,22,Local,0
1709495100,2024-03-03 22:45:00,2024-03-03,22:45:00,6044,1,0,0,0,0,231.6,232.6,150.0,0.1,March,Sunday,22,Local,0
1709496000,2024-03-03 23:00:00,2024-03-03,23:00:00,6045,0,0,0,1,0,226.3,227.2,150.0,0.1,March,Sunday,23,Local,0
1709496900,2024-03-03 23:15:00,2024-03-03,23:15:00,6046,0,0,0,1,0,227.5,227.1,150.0,0.1,March,Sunday,23,Local,0
1709497800,2024-03-03 23:30:00,2024-03-03,23:30:00,6047,0,0,0,1,0,235.0,232.8,150.0,0.1,March,Sunday,23,Local,0
1709498700,2024-03-03 23:45:00,2024-03-03,23:45:00,6048,1,0,0,0,0,228.1,226.8,150.0,0.1,March,Sunday,23,Local,0
1709499600,2024-03-04 00:00:00,2024-03-04,00:00:00,6049,0,0,0,1,0,230.6,228.8,150.0,0.1,March,Monday,0,Local,0
1709500500,2024-03-04 00:15:00,2024-03-04,00:15:00,6050,0,0,0,1,0,230.3,232.4,150.0,0.1,March,Monday,0,Local,0
1709501400,2024-03-04 00:30:00,2024-03-04,00:30:00,6051,0,0,0,1,0,230.6,229.4,150.0,0.1,March,Monday,0,Local,0
1709502300,2024-03-04 00:45:00,2024-03-04,00:45:00,6052,0,0,0,0,0,230.8,226.6,0.0,0.1,March,Monday,0,Local,0
1709503200,2024-03-04 01:00:00,2024-03-04,01:00:00,6053,0,0,0,1,0,234.5,236.2,150.0,0.1,March,Monday,1,Local,0
1709504100,2024-03-04 01:15:00,2024-03-04,01:15:00,6054,0,0,0,1,0,228.6,227.9,150.0,0.1,March,Monday,1,Local,0
1709505000,2024-03-04 01:30:00,2024-03-04,01:30:00,6055,0,0,0,1,0,227.8,228.9,150.0,0.1,March,Monday,1,Local,0
1709505900,2024-03-04 01:45:00,2024-03-04,01:45:00,6056,0,0,0,0,0,235.4,233.5,0.0,0.1,March,Monday,1,Local,0
1709506800,2024-03-04 02:00:00,2024-03-04,02:00:00,6057,0,0,0,1,0,224.8,223.1,150.0,0.1,March,Monday,2,Local,0
1709507700,2024-03-04 02:15:00,2024-03-04,02:15:00,6058,0,0,0,1,0,234.1,234.8,150.0,0.1,March,Monday,2,Local,0
1709508600,2024-03-04 02:30:00,2024-03-04,02:30:00,6059,0,0,0,1,0,230.1,232.5,150.0,0.1,March,Monday,2,Local,0
1709509500,2024-03-04 02:45:00,2024-03-04,02:45:00,6060,0,0,0,0,0,230.7,228.0,800.0,0.2383,March,Monday,2,Local,0
1709510400,2024-03-04 03:00:00,2024-03-04,03:00:00,6061,0,0,0,1,0,228.0,233.6,150.0,0.1,March,Monday,3,Local,0
1709511300,2024-03-04 03:15:00,2024-03-04,03:15:00,6062,0,0,0,1,0,224.9,224.3,150.0,0.1,March,Monday,3,Local,0
1709512200,2024-03-04 03:30:00,2024-03-04,03:30:00,6063,0,0,0,1,0,233.5,233.0,150.0,0.1,March,Monday,3,Local,0
1709513100,2024-03-04 03:45:00,2024-03-04,03:45:00,6064,0,0,0,1,0,226.3,224.8,150.0,0.1,March,Monday,3,Local,0
1709514000,2024-03-04 04:00:00,2024-03-04,04:00:00,6065,0,0,0,1,0,231.4,236.0,150.0,0.1,March,Monday,4,Local,0
1709514900,2024-03-04 04:15:00,2024-03-04,04:15:00,6066,0,0,0,1,0,227.0,226.4,150.0,0.1,March,Monday,4,Local,0
1709515800,2024-03-04 04:30:00,2024-03-04,04:30:00,6067,0,0,0,1,0,230.6,232.0,150.0,0.1,March,Monday,4,Local,0
1709516700,2024-03-04 04:45:00,2024-03-04,04:45:00,6068,0,0,0,0,0,227.7,225.4,0.0,0.1,March,Monday,4,Local,0
1709517600,2024-03-04 05:00:00,2024-03-04,05:00:00,6069,0,0,0,1,0,230.1,228.9,150.0,0.1,March,Monday,5,Local,0
1709518500,2024-03-04 05:15:00,2024-03-04,05:15:00,6070,0,0,0,1,0,227.1,227.0,150.0,0.1,March,Monday,5,Local,0
1709519400,2024-03-04 05:30:00,2024-03-04,05:30:00,6071,0,0,0,1,0,234.5,234.1,150.0,0.1,March,Monday,5,Local,0
1709520300,2024-03-04 05:45:00,2024-03-04,05:45:00,6072,0,0,0,0,0,232.8,233.8,0.0,0.1,March,Monday,5,Local,0
1709521200,2024-03-04 06:00:00,2024-03-04,06:00:00,6073,0,0,0,1,0,227.6,226.4,150.0,0.1,March,Monday,6,Local,0
1709522100,2024-03-04 06:15:00,2024-03-04,06:15:00,6074,0,0,0,1,0,237.0,235.7,150.0,0.1,March,Monday,6,Local,0
1709523000,2024-03-04 06:30:00,2024-03-04,06:30:00,6075,0,0,0,1,0,229.4,230.2,150.0,0.1,March,Monday,6,Local,0
1709523900,2024-03-04 06:45:00,2024-03-04,06:45:00,6076,0,0,0,0,0,229.8,225.8,0.0,0.1,March,Monday,6,Local,0
1709524800,2024-03-04 07:00:00,2024-03-04,07:00:00,6077,1,0,0,1,0,228.4,226.4,300.0,0.1,March,Monday,7,Local,0
1709525700,2024-03-04 07:15:00,2024-03-04,07:15:00,6078,0,0,0,1,0,228.1,230.0,150.0,0.1,March,Monday,7,Local,0
1709526600,2024-03-04 07:30:00,2024-03-04,07:30:00,6079,0,0,0,1,0,228.1,227.9,150.0,0.1,March,Monday,7,Local,0
1709527500,2024-03-04 07:45:00,2024-03-04,07:45:00,6080,0,0,0,0,1,228.9,229.2,1200.0,0.2541,March,Monday,7,Local,0
1709528400,2024-03-04 08:00:00,2024-03-04,08:00:00,6081,0,0,0,1,1,233.2,232.5,1350.0,0.3254,March,Monday,8,Local,0
1709529300,2024-03-04 08:15:00,2024-03-04,08:15:00,6082,0,0,0,0,1,227.9,228.0,2200.0,0.5378,March,Monday,8,Local,0
1709530200,2024-03-04 08:30:00,2024-03-04,08:30:00,6083,0,0,0,0,0,226.9,227.9,0.0,0.1,March,Monday,8,Local,0
1709531100,2024-03-04 08:45:00,2024-03-04,08:45:00,6084,0,0,0,0,1,230.3,231.5,1700.0,0.4783,March,Monday,8,Local,0
1709532000,2024-03-04 09:00:00,2024-03-04,09:00:00,6085,0,0,0,0,0,226.1,224.2,0.0,0.1,March,Monday,9,Local,0
1709532900,2024-03-04 09:15:00,2024-03-04,09:15:00,6086,1,0,0,1,0,229.0,229.0,300.0,0.1,March,Monday,9,Local,0
1709533800,2024-03-04 09:30:00,2024-03-04,09:30:00,6087,0,0,0,0,0,230.4,228.8,0.0,0.1,March,Monday,9,Local,0
1709534700,2024-03-04 09:45:00,2024-03-04,09:45:00,6088,0,0,0,0,0,229.2,225.8,0.0,0.1,March,Monday,9,Local,0
1709535600,2024-03-04 10:00:00,2024-03-04,10:00:00,6089,0,0,0,1,0,230.1,229.2,2150.0,0.5169,March,Monday,10,Local,0
1709536500,2024-03-04 10:15:00,2024-03-04,10:15:00,6090,0,0,0,1,0,233.9,234.7,150.0,0.1,March,Monday,10,Local,0
1709537400,2024-03-04 10:30:00,2024-03-04,10:30:00,6091,0,0,0,0,0,228.0,228.2,0.0,0.1,March,Monday,10,Local,0
1709538300,2024-03-04 10:45:00,2024-03-04,10:45:00,6092,0,0,0,0,0,231.7,229.0,0.0,0.1,March,Monday,10,Local,0
1709539200,2024-03-04 11:00:00,2024-03-04,11:00:00,6093,0,1,0,1,0,227.6,231.2,2650.0,0.6691,March,Monday,11,Local,0
1709540100,2024-03-04 11:15:00,2024-03-04,11:15:00,6094,0,0,0,1,0,227.8,228.3,150.0,0.1,March,Monday,11,Local,0
1709541000,2024-03-04 11:30:00,2024-03-04,11:30:00,6095,0,1,0,1,0,234.0,233.6,2650.0,0.6165,March,Monday,11,Local,0
1709541900,2024-03-04 11:45:00,2024-03-04,11:45:00,6096,0,0,0,0,0,234.3,235.7,0.0,0.1,March,Monday,11,Local,0
1709542800,2024-03-04 12:00:00,2024-03-04,12:00:00,6097,0,0,0,1,0,225.9,225.3,150.0,0.1,March,Monday,12,Local,0
1709543700,2024-03-04 12:15:00,2024-03-04,12:15:00,6098,0,0,0,1,0,225.8,223.8,150.0,0.1,March,Monday,12,Local,0
1709544600,2024-03-04 12:30:00,2024-03-04,12:30:00,6099,0,0,0,1,0,228.8,222.1,950.0,0.2074,March,Monday,12,Local,0
1709545500,2024-03-04 12:45:00,2024-03-04,12:45:00,6100,0,0,1,0,1,229.8,224.5,4200.0,1.2445,March,Monday,12,Local,0
1709546400,2024-03-04 13:00:00,2024-03-04,13:00:00,6101,1,0,0,1,0,232.6,229.7,300.0,0.1,March,Monday,13,Local,0
1709547300,2024-03-04 13:15:00,2024-03-04,13:15:00,6102,1,0,0,0,0,225.9,225.8,150.0,0.1,March,Monday,13,Local,0
1709548200,2024-03-04 13:30:00,2024-03-04,13:30:00,6103,0,0,0,1,0,229.3,231.8,150.0,0.1,March,Monday,13,Local,0
1709549100,2024-03-04 13:45:00,2024-03-04,13:45:00,6104,0,0,0,0,0,229.7,230.7,0.0,0.1,March,Monday,13,Local,0
1709550000,2024-03-04 14:00:00,2024-03-04,14:00:00,6105,0,0,0,1,0,226.0,221.7,150.0,0.1,March,Monday,14,Local,0
1709550900,2024-03-04 14:15:00,2024-03-04,14:15:00,6106,0,0,0,1,0,234.5,235.7,150.0,0.1,March,Monday,14,Local,0
1709551800,2024-03-04 14:30:00,2024-03-04,14:30:00,6107,0,0,0,1,0,230.6,226.7,150.0,0.1,March,Monday,14,Local,0
1709552700,2024-03-04 14:45:00,2024-03-04,14:45:00,6108,0,0,0,0,0,229.5,229.4,0.0,0.1,March,Monday,14,Local,0
1709553600,2024-03-04 15:00:00,2024-03-04,15:00:00,6109,0,0,0,1,1,227.0,227.4,1350.0,0.2746,March,Monday,15,Local,0
1709554500,2024-03-04 15:15:00,2024-03-04,15:15:00,6110,0,1,0,1,0,234.3,234.8,2650.0,0.6602,March,Monday,15,Local,0
1709555400,2024-03-04 15:30:00,2024-03-04,15:30:00,6111,0,0,0,1,1,232.4,230.1,1350.0,0.3651,March,Monday,15,Local,0
1709556300,2024-03-04 15:45:00,2024-03-04,15:45:00,6112,0,1,0,0,0,237.0,240.7,2500.0,0.603,March,Monday,15,Local,0
1709557200,2024-03-04 16:00:00,2024-03-04,16:00:00,6113,0,0,1,1,0,232.0,231.9,3150.0,0.886,March,Monday,16,Local,0
1709558100,2024-03-04 16:15:00,2024-03-04,16:15:00,6114,0,0,0,0,0,228.3,230.7,0.0,0.1,March,Monday,16,Local,0
1709559000,2024-03-04 16:30:00,2024-03-04,16:30:00,6115,1,0,0,1,0,235.9,235.7,300.0,0.1,March,Monday,16,Local,0
1709559900,2024-03-04 16:45:00,2024-03-04,16:45:00,6116,0,0,0,0,0,233.5,237.4,0.0,0.1,March,Monday,16,Local,0
1709560800,2024-03-04 17:00:00,2024-03-04,17:00:00,6117,0,1,0,1,0,224.0,225.0,2650.0,0.632,March,Monday,17,Local,0
1709561700,2024-03-04 17:15:00,2024-03-04,17:15:00,6118,1,0,0,1,1,227.5,225.6,1500.0,0.3711,March,Monday,17,Local,0
1709562600,2024-03-04 17:30:00,2024-03-04,17:30:00,6119,1,1,0,0,0,228.9,228.7,2650.0,0.5981,March,Monday,17,Local,0
1709563500,2024-03-04 17:45:00,2024-03-04,17:45:00,6120,0,0,1,0,0,231.9,233.7,3000.0,0.8478,March,Monday,17,Local,0
1709564400,2024-03-04 18:00:00,2024-03-04,18:00:00,6121,1,0,1,1,0,227.6,232.9,3300.0,0.8241,March,Monday,18,Local,0
1709565300,2024-03-04 18:15:00,2024-03-04,18:15:00,6122,0,0,1,1,0,230.5,230.9,3150.0,0.8038,March,Monday,18,Local,0
1709566200,2024-03-04 18:30:00,2024-03-04,18:30:00,6123,1,0,0,1,0,229.4,229.9,300.0,0.1,March,Monday,18,Local,0
1709567100,2024-03-04 18:45:00,2024-03-04,18:45:00,6124,0,0,1,0,0,228.1,228.2,3500.0,0.9391,March,Monday,18,Local,0
1709568000,2024-03-04 19:00:00,2024-03-04,19:00:00,6125,1,0,0,1,0,225.1,224.0,300.0,0.1,March,Monday,19,Local,0
1709568900,2024-03-04 19:15:00,2024-03-04,19:15:00,6126,1,0,0,1,1,228.7,231.0,1500.0,0.432,March,Monday,19,Local,0
1709569800,2024-03-04 19:30:00,2024-03-04,19:30:00,6127,1,0,0,1,1,226.7,226.4,1500.0,0.4009,March,Monday,19,Local,0
1709570700,2024-03-04 19:45:00,2024-03-04,19:45:00,6128,1,0,1,0,0,229.6,230.4,3150.0,0.7013,March,Monday,19,Local,0
1709571600,2024-03-04 20:00:00,2024-03-04,20:00:00,6129,1,0,1,1,0,227.8,227.3,3300.0,0.774,March,Monday,20,Local,0
1709572500,2024-03-04 20:15:00,2024-03-04,20:15:00,6130,1,0,1,1,0,234.1,232.6,3300.0,0.7913,March,Monday,20,Local,0
1709573400,2024-03-04 20:30:00,2024-03-04,20:30:00,6131,1,0,0,1,0,230.4,234.9,300.0,0.1,March,Monday,20,Local,0
1709574300,2024-03-04 20:45:00,2024-03-04,20:45:00,6132,1,0,1,0,0,231.8,231.0,5150.0,1.1891,March,Monday,20,Local,0
1709575200,2024-03-04 21:00:00,2024-03-04,21:00:00,6133,0,0,0,1,0,234.0,231.3,150.0,0.1,March,Monday,21,Local,0
1709576100,2024-03-04 21:15:00,2024-03-04,21:15:00,6134,1,1,0,1,0,228.9,226.8,3600.0,0.8996,March,Monday,21,Local,0
1709577000,2024-03-04 21:30:00,2024-03-04,21:30:00,6135,1,0,0,0,0,235.6,233.3,150.0,0.1,March,Monday,21,Local,0
1709577900,2024-03-04 21:45:00,2024-03-04,21:45:00,6136,1,0,0,0,0,228.9,231.2,150.0,0.1,March,Monday,21,Local,0
1709578800,2024-03-04 22:00:00,2024-03-04,22:00:00,6137,1,0,0,1,0,231.8,233.4,2300.0,0.5396,March,Monday,22,Local,0
1709579700,2024-03-04 22:15:00,2024-03-04,22:15:00,6138,1,0,0,1,0,229.3,229.3,300.0,0.1,March,Monday,22,Local,0
1709580600,2024-03-04 22:30:00,2024-03-04,22:30:00,6139,1,0,0,0,0,229.5,228.1,150.0,0.1,March,Monday,22,Local,0
1709581500,2024-03-04 22:45:00,2024-03-04,22:45:00,6140,0,0,0,0,1,232.1,235.0,1200.0,0.2708,March,Monday,22,Local,0
1709582400,2024-03-04 23:00:00,2024-03-04,23:00:00,6141,0,0,0,1,0,226.9,228.0,150.0,0.2667,March,Monday,23,Local,1
1709583300,2024-03-04 23:15:00,2024-03-04,23:15:00,6142,0,0,0,0,0,232.1,236.9,0.0,0.1,March,Monday,23,Local,0
1709584200,2024-03-04 23:30:00,2024-03-04,23:30:00,6143,1,0,0,1,0,227.0,225.8,300.0,0.1,March,Monday,23,Local,0
1709585100,2024-03-04 23:45:00,2024-03-04,23:45:00,6144,0,1,0,0,0,232.4,229.9,2500.0,0.5738,March,Monday,23,Local,0
1709586000,2024-03-05 00:00:00,2024-03-05,00:00:00,6145,0,0,0,0,0,229.3,228.9,0.0,0.1,March,Tuesday,0,Local,0
1709586900,2024-03-05 00:15:00,2024-03-05,00:15:00,6146,0,0,0,1,0,236.0,238.2,150.0,0.1,March,Tuesday,0,Local,0
1709587800,2024-03-05 00:30:00,2024-03-05,00:30:00,6147,0,0,0,1,0,228.1,226.8,150.0,0.1,March,Tuesday,0,Local,0
1709588700,2024-03-05 00:45:00,2024-03-05,00:45:00,6148,0,0,0,0,0,226.5,228.8,0.0,0.1,March,Tuesday,0,Local,0
1709589600,2024-03-05 01:00:00,2024-03-05,01:00:00,6149,0,0,0,1,0,229.6,226.7,150.0,0.1,March,Tuesday,1,Local,0
1709590500,2024-03-05 01:15:00,2024-03-05,01:15:00,6150,0,0,0,1,0,228.0,226.9,150.0,0.1,March,Tuesday,1,Local,0
1709591400,2024-03-05 01:30:00,2024-03-05,01:30:00,6151,0,0,0,1,0,231.9,233.2,150.0,0.1,March,Tuesday,1,Local,0
1709592300,2024-03-05 01:45:00,2024-03-05,01:45:00,6152,1,0,0,0,0,230.8,234.1,150.0,0.1,March,Tuesday,1,Local,0
1709593200,2024-03-05 02:00:00,2024-03-05,02:00:00,6153,0,0,0,1,0,229.8,232.0,150.0,0.1,March,Tuesday,2,Local,0
1709594100,2024-03-05 02:15:00,2024-03-05,02:15:00,6154,0,0,0,1,0,227.2,227.7,150.0,0.1,March,Tuesday,2,Local,0
1709595000,2024-03-05 02:30:00,2024-03-05,02:30:00,6155,0,0,0,0,0,232.1,229.6,0.0,0.1,March,Tuesday,2,Local,0
1709595900,2024-03-05 02:45:00,2024-03-05,02:45:00,6156,0,0,0,0,0,233.1,233.0,0.0,0.1,March,Tuesday,2,Local,0
1709596800,2024-03-05 03:00:00,2024-03-05,03:00:00,6157,0,0,0,1,0,230.9,231.9,150.0,0.1,March,Tuesday,3,Local,0
1709597700,2024-03-05 03:15:00,2024-03-05,03:15:00,6158,0,0,0,1,0,231.3,231.1,150.0,0.1,March,Tuesday,3,Local,0
1709598600,2024-03-05 03:30:00,2024-03-05,03:30:00,6159,0,0,0,1,0,228.0,227.4,150.0,0.1,March,Tuesday,3,Local,0
1709599500,2024-03-05 03:45:00,2024-03-05,03:45:00,6160,0,0,0,0,0,230.0,231.4,0.0,0.1,March,Tuesday,3,Local,0
1709600400,2024-03-05 04:00:00,2024-03-05,04:00:00,6161,0,0,0,1,0,233.5,232.4,150.0,0.1,March,Tuesday,4,Local,0
1709601300,2024-03-05 04:15:00,2024-03-05,04:15:00,6162,0,0,0,1,0,227.8,225.0,150.0,0.1,March,Tuesday,4,Local,0
1709602200,2024-03-05 04:30:00,2024-03-05,04:30:00,6163,0,0,0,1,0,231.7,232.9,150.0,0.1,March,Tuesday,4,Local,0
1709603100,2024-03-05 04:45:00,2024-03-05,04:45:00,6164,0,0,0,0,0,224.1,223.8,0.0,0.1,March,Tuesday,4,Local,0
1709604000,2024-03-05 05:00:00,2024-03-05,05:00:00,6165,0,0,0,1,0,227.7,227.0,150.0,0.1,March,Tuesday,5,Local,0
1709604900,2024-03-05 05:15:00,2024-03-05,05:15:00,6166,0,0,0,1,0,229.6,232.2,150.0,0.1,March,Tuesday,5,Local,0
1709605800,2024-03-05 05:30:00,2024-03-05,05:30:00,6167,0,0,0,1,0,228.0,226.5,150.0,0.1,March,Tuesday,5,Local,0
1709606700,2024-03-05 05:45:00,2024-03-05,05:45:00,6168,0,0,0,0,0,231.5,231.9,0.0,0.1,March,Tuesday,5,Local,0
1709607600,2024-03-05 06:00:00,2024-03-05,06:00:00,6169,0,0,0,1,0,233.2,233.3,150.0,0.1,March,Tuesday,6,Local,0
1709608500,2024-03-05 06:15:00,2024-03-05,06:15:00,6170,0,0,0,1,0,232.7,233.6,150.0,0.1,March,Tuesday,6,Local,0
1709609400,2024-03-05 06:30:00,2024-03-05,06:30:00,6171,0,0,0,1,0,226.2,225.4,150.0,0.1,March,Tuesday,6,Local,0
1709610300,2024-03-05 06:45:00,2024-03-05,06:45:00,6172,0,0,0,0,0,227.4,228.3,0.0,0.1,March,Tuesday,6,Local,0
1709611200,2024-03-05 07:00:00,2024-03-05,07:00:00,6173,1,0,0,1,0,225.9,224.9,300.0,0.1,March,Tuesday,7,Local,0
1709612100,2024-03-05 07:15:00,2024-03-05,07:15:00,6174,0,0,0,0,0,233.2,233.7,0.0,0.1,March,Tuesday,7,Local,0
1709613000,2024-03-05 07:30:00,2024-03-05,07:30:00,6175,0,0,0,1,0,227.5,228.7,150.0,0.1,March,Tuesday,7,Local,0
1709613900,2024-03-05 07:45:00,2024-03-05,07:45:00,6176,0,0,0,0,0,228.0,232.6,0.0,0.1,March,Tuesday,7,Local,0
1709614800,2024-03-05 08:00:00,2024-03-05,08:00:00,6177,0,0,0,1,1,232.7,233.8,1350.0,0.3217,March,Tuesday,8,Local,0
1709615700,2024-03-05 08:15:00,2024-03-05,08:15:00,6178,0,0,0,1,0,235.7,235.4,150.0,0.1,March,Tuesday,8,Local,0
1709616600,2024-03-05 08:30:00,2024-03-05,08:30:00,6179,0,0,0,1,0,224.5,224.4,150.0,0.1,March,Tuesday,8,Local,0
1709617500,2024-03-05 08:45:00,2024-03-05,08:45:00,6180,0,0,0,0,0,228.9,229.7,0.0,0.1,March,Tuesday,8,Local,0
1709618400,2024-03-05 09:00:00,2024-03-05,09:00:00,6181,1,0,0,1,0,228.3,229.1,300.0,0.248,March,Tuesday,9,Local,1
1709619300,2024-03-05 09:15:00,2024-03-05,09:15:00,6182,0,0,0,1,0,231.0,227.7,150.0,0.1,March,Tuesday,9,Local,0
1709620200,2024-03-05 09:30:00,2024-03-05,09:30:00,6183,0,0,0,1,0,227.9,226.0,150.0,0.1,March,Tuesday,9,Local,0
1709621100,2024-03-05 09:45:00,2024-03-05,09:45:00,6184,0,0,0,0,0,224.6,222.2,0.0,0.1,March,Tuesday,9,Local,0
1709622000,2024-03-05 10:00:00,2024-03-05,10:00:00,6185,0,0,0,1,0,231.9,230.7,150.0,0.1,March,Tuesday,10,Local,0
1709622900,2024-03-05 10:15:00,2024-03-05,10:15:00,6186,0,0,0,1,1,230.3,233.7,1350.0,0.3071,March,Tuesday,10,Local,0
1709623800,2024-03-05 10:30:00,2024-03-05,10:30:00,6187,0,1,0,1,0,228.2,232.3,2650.0,0.6031,March,Tuesday,10,Local,0
1709624700,2024-03-05 10:45:00,2024-03-05,10:45:00,6188,0,0,0,1,0,234.7,234.7,150.0,0.1,March,Tuesday,10,Local,0
1709625600,2024-03-05 11:00:00,2024-03-05,11:00:00,6189,1,0,0,0,0,229.9,229.8,150.0,0.1,March,Tuesday,11,Local,0
1709626500,2024-03-05 11:15:00,2024-03-05,11:15:00,6190,0,0,0,1,0,231.0,231.2,150.0,0.1,March,Tuesday,11,Local,0
1709627400,2024-03-05 11:30:00,2024-03-05,11:30:00,6191,0,0,0,1,0,224.4,225.2,150.0,0.1,March,Tuesday,11,Local,0
1709628300,2024-03-05 11:45:00,2024-03-05,11:45:00,6192,0,0,0,0,0,230.7,231.4,1500.0,0.4186,March,Tuesday,11,Local,0
1709629200,2024-03-05 12:00:00,2024-03-05,12:00:00,6193,0,1,0,0,0,234.3,235.9,2500.0,0.5642,March,Tuesday,12,Local,0
1709630100,2024-03-05 12:15:00,2024-03-05,12:15:00,6194,0,0,1,1,0,231.4,232.0,3150.0,0.7845,March,Tuesday,12,Local,0
1709631000,2024-03-05 12:30:00,2024-03-05,12:30:00,6195,0,0,0,1,0,234.1,234.4,150.0,0.1,March,Tuesday,12,Local,0
1709631900,2024-03-05 12:45:00,2024-03-05,12:45:00,6196,0,0,0,0,0,234.3,235.6,0.0,0.1,March,Tuesday,12,Local,0
1709632800,2024-03-05 13:00:00,2024-03-05,13:00:00,6197,0,0,0,1,0,229.5,231.4,150.0,0.1,March,Tuesday,13,Local,0
1709633700,2024-03-05 13:15:00,2024-03-05,13:15:00,6198,0,0,0,1,0,227.7,230.5,2150.0,0.5442,March,Tuesday,13,Local,0
1709634600,2024-03-05 13:30:00,2024-03-05,13:30:00,6199,0,0,0,1,0,228.9,226.9,150.0,0.1,March,Tuesday,13,Local,0
1709635500,2024-03-05 13:45:00,2024-03-05,13:45:00,6200,0,0,0,0,0,227.6,228.4,0.0,0.1,March,Tuesday,13,Local,0
1709636400,2024-03-05 14:00:00,2024-03-05,14:00:00,6201,0,0,0,1,0,226.7,225.0,150.0,0.1,March,Tuesday,14,Local,0
1709637300,2024-03-05 14:15:00,2024-03-05,14:15:00,6202,0,0,0,1,0,231.6,232.3,150.0,0.1,March,Tuesday,14,Local,0
1709638200,2024-03-05 14:30:00,2024-03-05,14:30:00,6203,0,0,0,1,0,228.4,226.4,150.0,0.1,March,Tuesday,14,Local,0
1709639100,2024-03-05 14:45:00,2024-03-05,14:45:00,6204,0,0,0,0,0,237.4,237.3,0.0,0.1,March,Tuesday,14,Local,0
1709640000,2024-03-05 15:00:00,2024-03-05,15:00:00,6205,0,0,0,1,0,230.7,231.5,150.0,0.1,March,Tuesday,15,Local,0
1709640900,2024-03-05 15:15:00,2024-03-05,15:15:00,6206,0,0,0,1,0,229.2,228.0,150.0,0.1,March,Tuesday,15,Local,0
1709641800,2024-03-05 15:30:00,2024-03-05,15:30:00,6207,0,0,0,1,0,223.6,224.0,150.0,0.1,March,Tuesday,15,Local,0
1709642700,2024-03-05 15:45:00,2024-03-05,15:45:00,6208,0,1,0,0,0,231.1,234.1,2500.0,0.5809,March,Tuesday,15,Local,0
1709643600,2024-03-05 16:00:00,2024-03-05,16:00:00,6209,0,0,0,1,0,230.8,230.5,150.0,0.1,March,Tuesday,16,Local,0
1709644500,2024-03-05 16:15:00,2024-03-05,16:15:00,6210,0,1,0,1,0,228.3,230.6,2650.0,0.6818,March,Tuesday,16,Local,0
1709645400,2024-03-05 16:30:00,2024-03-05,16:30:00,6211,0,0,0,0,0,229.5,230.7,0.0,0.1,March,Tuesday,16,Local,0
1709646300,2024-03-05 16:45:00,2024-03-05,16:45:00,6212,1,0,0,0,0,230.6,229.5,150.0,0.1,March,Tuesday,16,Local,0
1709647200,2024-03-05 17:00:00,2024-03-05,17:00:00,6213,0,0,0,1,0,229.6,228.7,150.0,0.1,March,Tuesday,17,Local,0
1709648100,2024-03-05 17:15:00,2024-03-05,17:15:00,6214,0,0,1,1,0,228.6,227.9,3150.0,0.7949,March,Tuesday,17,Local,0
1709649000,2024-03-05 17:30:00,2024-03-05,17:30:00,6215,0,0,0,1,0,230.2,233.3,1650.0,0.3942,March,Tuesday,17,Local,0
1709649900,2024-03-05 17:45:00,2024-03-05,17:45:00,6216,0,1,0,0,0,228.3,226.4,2500.0,0.6164,March,Tuesday,17,Local,0
1709650800,2024-03-05 18:00:00,2024-03-05,18:00:00,6217,1,0,0,1,1,231.7,230.8,1500.0,0.3835,March,Tuesday,18,Local,0
1709651700,2024-03-05 18:15:00,2024-03-05,18:15:00,6218,0,0,0,1,0,229.4,230.8,150.0,0.1,March,Tuesday,18,Local,0
1709652600,2024-03-05 18:30:00,2024-03-05,18:30:00,6219,1,0,1,1,0,229.7,234.0,3300.0,0.8878,March,Tuesday,18,Local,0
1709653500,2024-03-05 18:45:00,2024-03-05,18:45:00,6220,0,0,1,0,1,227.4,224.6,4200.0,1.1794,March,Tuesday,18,Local,0
1709654400,2024-03-05 19:00:00,2024-03-05,19:00:00,6221,1,0,0,1,0,228.9,227.8,300.0,0.1,March,Tuesday,19,Local,0
1709655300,2024-03-05 19:15:00,2024-03-05,19:15:00,6222,1,0,1,0,0,231.8,232.3,3150.0,0.8438,March,Tuesday,19,Local,0
1709656200,2024-03-05 19:30:00,2024-03-05,19:30:00,6223,1,0,1,1,0,231.9,232.5,3300.0,1.0812,March,Tuesday,19,Local,0
1709657100,2024-03-05 19:45:00,2024-03-05,19:45:00,6224,1,0,0,0,0,226.8,226.6,150.0,0.1,March,Tuesday,19,Local,0
1709658000,2024-03-05 20:00:00,2024-03-05,20:00:00,6225,1,0,1,1,0,233.3,232.1,3300.0,1.0614,March,Tuesday,20,Local,0
1709658900,2024-03-05 20:15:00,2024-03-05,20:15:00,6226,1,0,1,1,0,229.8,230.0,3300.0,0.6816,March,Tuesday,20,Local,0
1709659800,2024-03-05 20:30:00,2024-03-05,20:30:00,6227,1,0,0,1,0,235.6,235.7,300.0,0.1,March,Tuesday,20,Local,0
1709660700,2024-03-05 20:45:00,2024-03-05,20:45:00,6228,1,0,0,0,0,230.3,231.5,150.0,0.1,March,Tuesday,20,Local,0
1709661600,2024-03-05 21:00:00,2024-03-05,21:00:00,6229,0,0,1,1,1,228.2,228.8,4350.0,1.1417,March,Tuesday,21,Local,0
1709662500,2024-03-05 21:15:00,2024-03-05,21:15:00,6230,1,0,0,1,0,231.1,231.6,300.0,0.1,March,Tuesday,21,Local,0
1709663400,2024-03-05 21:30:00,2024-03-05,21:30:00,6231,1,0,1,1,0,229.7,229.2,3300.0,0.8257,March,Tuesday,21,Local,0
1709664300,2024-03-05 21:45:00,2024-03-05,21:45:00,6232,1,0,0,1,0,235.3,234.5,300.0,0.1,March,Tuesday,21,Local,0
1709665200,2024-03-05 22:00:00,2024-03-05,22:00:00,6233,1,0,0,1,0,229.3,231.7,300.0,0.1,March,Tuesday,22,Local,0
1709666100,2024-03-05 22:15:00,2024-03-05,22:15:00,6234,0,0,0,0,0,231.3,231.5,0.0,0.1,March,Tuesday,22,Local,0
1709667000,2024-03-05 22:30:00,2024-03-05,22:30:00,6235,0,0,0,1,1,231.7,229.7,1350.0,0.3128,March,Tuesday,22,Local,0
1709667900,2024-03-05 22:45:00,2024-03-05,22:45:00,6236,1,0,1,0,0,234.6,233.5,3150.0,0.7363,March,Tuesday,22,Local,0
1709668800,2024-03-05 23:00:00,2024-03-05,23:00:00,6237,0,0,0,1,1,229.1,228.2,1350.0,0.3078,March,Tuesday,23,Local,0
1709669700,2024-03-05 23:15:00,2024-03-05,23:15:00,6238,0,0,0,1,0,228.5,226.4,150.0,0.1,March,Tuesday,23,Local,0
1709670600,2024-03-05 23:30:00,2024-03-05,23:30:00,6239,0,0,0,1,0,233.3,234.6,150.0,0.1,March,Tuesday,23,Local,0
1709671500,2024-03-05 23:45:00,2024-03-05,23:45:00,6240,0,0,0,0,0,232.8,230.9,0.0,0.1,March,Tuesday,23,Local,0
1709672400,2024-03-06 00:00:00,2024-03-06,00:00:00,6241,0,0,0,1,0,228.7,230.7,150.0,0.1,March,Wednesday,0,Local,0
1709673300,2024-03-06 00:15:00,2024-03-06,00:15:00,6242,0,0,0,1,0,225.2,226.0,150.0,0.1,March,Wednesday,0,Local,0
1709674200,2024-03-06 00:30:00,2024-03-06,00:30:00,6243,0,0,0,1,0,228.7,227.4,150.0,0.1,March,Wednesday,0,Local,0
1709675100,2024-03-06 00:45:00,2024-03-06,00:45:00,6244,0,0,0,0,0,234.3,236.4,500.0,0.1156,March,Wednesday,0,Local,0
1709676000,2024-03-06 01:00:00,2024-03-06,01:00:00,6245,0,0,0,1,0,226.4,226.1,150.0,0.1,March,Wednesday,1,Local,0
1709676900,2024-03-06 01:15:00,2024-03-06,01:15:00,6246,0,0,0,1,0,227.5,228.0,150.0,0.1,March,Wednesday,1,Local,0
1709677800,2024-03-06 01:30:00,2024-03-06,01:30:00,6247,0,0,0,1,0,226.4,231.0,2150.0,0.5333,March,Wednesday,1,Local,0
1709678700,2024-03-06 01:45:00,2024-03-06,01:45:00,6248,0,0,0,0,0,232.8,230.1,0.0,0.1,March,Wednesday,1,Local,0
1709679600,2024-03-06 02:00:00,2024-03-06,02:00:00,6249,0,0,0,1,0,230.3,233.4,150.0,0.1,March,Wednesday,2,Local,0
1709680500,2024-03-06 02:15:00,2024-03-06,02:15:00,6250,1,0,0,1,0,231.5,229.6,300.0,0.1,March,Wednesday,2,Local,0
1709681400,2024-03-06 02:30:00,2024-03-06,02:30:00,6251,0,0,0,1,0,229.0,228.4,150.0,0.1,March,Wednesday,2,Local,0
1709682300,2024-03-06 02:45:00,2024-03-06,02:45:00,6252,0,0,0,0,0,225.9,226.1,0.0,0.1,March,Wednesday,2,Local,0
1709683200,2024-03-06 03:00:00,2024-03-06,03:00:00,6253,0,0,0,1,0,230.1,231.2,150.0,0.1,March,Wednesday,3,Local,0
1709684100,2024-03-06 03:15:00,2024-03-06,03:15:00,6254,0,0,0,1,0,237.0,235.5,150.0,0.1,March,Wednesday,3,Local,0
1709685000,2024-03-06 03:30:00,2024-03-06,03:30:00,6255,0,0,0,1,0,230.6,231.5,150.0,0.1,March,Wednesday,3,Local,0
1709685900,2024-03-06 03:45:00,2024-03-06,03:45:00,6256,0,0,0,0,0,229.8,229.7,0.0,0.1,March,Wednesday,3,Local,0
1709686800,2024-03-06 04:00:00,2024-03-06,04:00:00,6257,0,0,0,1,0,231.0,232.2,150.0,0.1,March,Wednesday,4,Local,0
1709687700,2024-03-06 04:15:00,2024-03-06,04:15:00,6258,0,0,0,1,0,232.1,230.6,150.0,0.1,March,Wednesday,4,Local,0
1709688600,2024-03-06 04:30:00,2024-03-06,04:30:00,6259,0,0,0,1,0,228.4,229.7,150.0,0.1,March,Wednesday,4,Local,0
1709689500,2024-03-06 04:45:00,2024-03-06,04:45:00,6260,0,0,0,0,0,230.4,229.5,0.0,0.1,March,Wednesday,4,Local,0
1709690400,2024-03-06 05:00:00,2024-03-06,05:00:00,6261,0,0,0,1,0,230.0,228.7,150.0,0.1,March,Wednesday,5,Local,0
1709691300,2024-03-06 05:15:00,2024-03-06,05:15:00,6262,0,0,0,1,0,234.4,234.6,150.0,0.1,March,Wednesday,5,Local,0
1709692200,2024-03-06 05:30:00,2024-03-06,05:30:00,6263,0,0,0,1,0,229.0,229.6,150.0,0.1,March,Wednesday,5,Local,0
1709693100,2024-03-06 05:45:00,2024-03-06,05:45:00,6264,0,0,0,0,0,233.5,230.5,0.0,0.1,March,Wednesday,5,Local,0
1709694000,2024-03-06 06:00:00,2024-03-06,06:00:00,6265,0,0,0,1,0,228.9,228.4,150.0,0.1,March,Wednesday,6,Local,0
1709694900,2024-03-06 06:15:00,2024-03-06,06:15:00,6266,0,0,0,1,0,228.0,225.1,150.0,0.1,March,Wednesday,6,Local,0
1709695800,2024-03-06 06:30:00,2024-03-06,06:30:00,6267,0,0,0,1,0,233.1,232.6,150.0,0.1,March,Wednesday,6,Local,0
1709696700,2024-03-06 06:45:00,2024-03-06,06:45:00,6268,0,0,0,0,0,232.6,230.1,0.0,0.1,March,Wednesday,6,Local,0
1709697600,2024-03-06 07:00:00,2024-03-06,07:00:00,6269,0,0,0,0,0,231.0,230.3,0.0,0.1,March,Wednesday,7,Local,0
1709698500,2024-03-06 07:15:00,2024-03-06,07:15:00,6270,0,0,0,1,1,232.2,229.8,1350.0,0.3657,March,Wednesday,7,Local,0
1709699400,2024-03-06 07:30:00,2024-03-06,07:30:00,6271,0,0,1,1,0,226.7,228.6,3150.0,0.9748,March,Wednesday,7,Local,0
1709700300,2024-03-06 07:45:00,2024-03-06,07:45:00,6272,0,0,0,0,0,226.1,229.0,0.0,0.1,March,Wednesday,7,Local,0
1709701200,2024-03-06 08:00:00,2024-03-06,08:00:00,6273,0,0,0,1,0,228.4,227.5,150.0,0.1,March,Wednesday,8,Local,0
1709702100,2024-03-06 08:15:00,2024-03-06,08:15:00,6274,0,0,0,1,0,229.4,230.6,150.0,0.1,March,Wednesday,8,Local,0
1709703000,2024-03-06 08:30:00,2024-03-06,08:30:00,6275,0,0,0,1,0,228.0,225.2,150.0,0.1,March,Wednesday,8,Local,0
1709703900,2024-03-06 08:45:00,2024-03-06,08:45:00,6276,0,1,1,0,1,229.2,227.8,6700.0,1.6074,March,Wednesday,8,Local,0
1709704800,2024-03-06 09:00:00,2024-03-06,09:00:00,6277,0,1,0,1,0,223.4,221.5,2650.0,0.6286,March,Wednesday,9,Local,0
1709705700,2024-03-06 09:15:00,2024-03-06,09:15:00,6278,0,0,0,1,0,231.5,230.9,150.0,0.1,March,Wednesday,9,Local,0
1709706600,2024-03-06 09:30:00,2024-03-06,09:30:00,6279,0,1,0,1,0,229.5,229.9,3450.0,0.8007,March,Wednesday,9,Local,0
1709707500,2024-03-06 09:45:00,2024-03-06,09:45:00,6280,0,0,0,0,0,228.2,231.0,0.0,0.1,March,Wednesday,9,Local,0
1709708400,2024-03-06 10:00:00,2024-03-06,10:00:00,6281,0,0,0,1,0,229.4,227.7,150.0,0.1,March,Wednesday,10,Local,0
1709709300,2024-03-06 10:15:00,2024-03-06,10:15:00,6282,0,0,0,1,0,233.3,235.1,150.0,0.1,March,Wednesday,10,Local,0
1709710200,2024-03-06 10:30:00,2024-03-06,10:30:00,6283,0,0,0,1,0,236.8,236.6,150.0,0.1,March,Wednesday,10,Local,0
1709711100,2024-03-06 10:45:00,2024-03-06,10:45:00,6284,0,0,0,0,0,235.2,236.5,0.0,0.1,March,Wednesday,10,Local,0
1709712000,2024-03-06 11:00:00,2024-03-06,11:00:00,6285,0,0,0,1,0,230.4,233.3,150.0,0.1,March,Wednesday,11,Local,0
1709712900,2024-03-06 11:15:00,2024-03-06,11:15:00,6286,0,0,0,1,0,227.9,229.9,150.0,0.1,March,Wednesday,11,Local,0
1709713800,2024-03-06 11:30:00,2024-03-06,11:30:00,6287,0,0,0,1,0,226.9,229.1,150.0,0.1,March,Wednesday,11,Local,0
1709714700,2024-03-06 11:45:00,2024-03-06,11:45:00,6288,0,0,0,0,0,224.7,222.8,0.0,0.1,March,Wednesday,11,Local,0
1709715600,2024-03-06 12:00:00,2024-03-06,12:00:00,6289,0,0,0,1,0,229.7,229.9,2150.0,0.5499,March,Wednesday,12,Local,0
1709716500,2024-03-06 12:15:00,2024-03-06,12:15:00,6290,0,0,0,1,0,228.0,229.0,150.0,0.1,March,Wednesday,12,Local,0
1709717400,2024-03-06 12:30:00,2024-03-06,12:30:00,6291,0,0,0,1,1,229.5,227.0,1350.0,0.3591,March,Wednesday,12,Local,0
1709718300,2024-03-06 12:45:00,2024-03-06,12:45:00,6292,0,0,0,0,0,232.0,234.0,0.0,0.1,March,Wednesday,12,Local,0
1709719200,2024-03-06 13:00:00,2024-03-06,13:00:00,6293,1,0,0,1,0,231.0,227.1,300.0,0.1,March,Wednesday,13,Local,0
1709720100,2024-03-06 13:15:00,2024-03-06,13:15:00,6294,0,0,0,1,0,236.1,237.2,150.0,0.1,March,Wednesday,13,Local,0
1709721000,2024-03-06 13:30:00,2024-03-06,13:30:00,6295,0,0,0,1,0,233.7,234.6,650.0,0.1572,March,Wednesday,13,Local,0
1709721900,2024-03-06 13:45:00,2024-03-06,13:45:00,6296,0,0,0,0,0,229.7,231.6,0.0,0.1,March,Wednesday,13,Local,0
1709722800,2024-03-06 14:00:00,2024-03-06,14:00:00,6297,0,0,0,1,0,236.3,238.6,150.0,0.1,March,Wednesday,14,Local,0
1709723700,2024-03-06 14:15:00,2024-03-06,14:15:00,6298,0,0,0,1,0,232.3,228.4,1650.0,0.417,March,Wednesday,14,Local,0
1709724600,2024-03-06 14:30:00,2024-03-06,14:30:00,6299,0,0,0,1,0,229.9,227.5,150.0,0.1,March,Wednesday,14,Local,0
1709725500,2024-03-06 14:45:00,2024-03-06,14:45:00,6300,0,0,1,0,0,234.0,231.2,3800.0,0.8608,March,Wednesday,14,Local,0
1709726400,2024-03-06 15:00:00,2024-03-06,15:00:00,6301,0,0,0,1,0,232.1,232.5,150.0,0.1,March,Wednesday,15,Local,0
1709727300,2024-03-06 15:15:00,2024-03-06,15:15:00,6302,0,0,0,1,0,230.1,231.7,150.0,0.1,March,Wednesday,15,Local,0
1709728200,2024-03-06 15:30:00,2024-03-06,15:30:00,6303,0,0,0,1,0,231.2,233.5,150.0,0.1,March,Wednesday,15,Local,0
1709729100,2024-03-06 15:45:00,2024-03-06,15:45:00,6304,0,0,0,0,0,230.7,232.1,0.0,0.1,March,Wednesday,15,Local,0
1709730000,2024-03-06 16:00:00,2024-03-06,16:00:00,6305,0,0,0,0,0,231.6,231.8,0.0,0.1,March,Wednesday,16,Local,0
1709730900,2024-03-06 16:15:00,2024-03-06,16:15:00,6306,0,1,0,1,0,225.5,227.8,2650.0,0.7549,March,Wednesday,16,Local,0
1709731800,2024-03-06 16:30:00,2024-03-06,16:30:00,6307,0,0,0,1,0,233.0,232.5,150.0,0.1,March,Wednesday,16,Local,0
1709732700,2024-03-06 16:45:00,2024-03-06,16:45:00,6308,0,1,0,0,0,233.0,230.7,3300.0,0.8173,March,Wednesday,16,Local,0
1709733600,2024-03-06 17:00:00,2024-03-06,17:00:00,6309,0,0,0,1,0,231.8,230.5,150.0,0.1,March,Wednesday,17,Local,0
1709734500,2024-03-06 17:15:00,2024-03-06,17:15:00,6310,1,1,0,1,0,228.9,230.0,2800.0,0.6936,March,Wednesday,17,Local,0
1709735400,2024-03-06 17:30:00,2024-03-06,17:30:00,6311,0,1,0,0,0,232.2,227.9,2500.0,0.5286,March,Wednesday,17,Local,0
1709736300,2024-03-06 17:45:00,2024-03-06,17:45:00,6312,0,1,0,0,0,231.5,230.6,2500.0,0.5477,March,Wednesday,17,Local,0
1709737200,2024-03-06 18:00:00,2024-03-06,18:00:00,6313,1,0,0,1,0,235.0,237.4,300.0,0.1,March,Wednesday,18,Local,0
1709738100,2024-03-06 18:15:00,2024-03-06,18:15:00,6314,1,0,1,1,0,234.1,232.5,3300.0,0.8537,March,Wednesday,18,Local,0
1709739000,2024-03-06 18:30:00,2024-03-06,18:30:00,6315,1,0,0,1,0,231.3,231.3,300.0,0.1,March,Wednesday,18,Local,0
1709739900,2024-03-06 18:45:00,2024-03-06,18:45:00,6316,0,0,0,0,0,230.9,232.2,0.0,0.1,March,Wednesday,18,Local,0
1709740800,2024-03-06 19:00:00,2024-03-06,19:00:00,6317,1,0,0,1,0,235.5,235.6,300.0,0.1,March,Wednesday,19,Local,0
1709741700,2024-03-06 19:15:00,2024-03-06,19:15:00,6318,1,0,0,1,0,232.0,230.8,300.0,0.1,March,Wednesday,19,Local,0
1709742600,2024-03-06 19:30:00,2024-03-06,19:30:00,6319,1,1,0,1,0,225.7,231.3,2800.0,0.7766,March,Wednesday,19,Local,0
1709743500,2024-03-06 19:45:00,2024-03-06,19:45:00,6320,1,0,1,0,0,231.3,229.6,3150.0,0.8136,March,Wednesday,19,Local,0
1709744400,2024-03-06 20:00:00,2024-03-06,20:00:00,6321,1,0,0,1,0,233.1,230.7,300.0,0.1,March,Wednesday,20,Local,0
1709745300,2024-03-06 20:15:00,2024-03-06,20:15:00,6322,1,0,0,1,0,232.1,231.3,300.0,0.1,March,Wednesday,20,Local,0
1709746200,2024-03-06 20:30:00,2024-03-06,20:30:00,6323,1,0,1,1,0,230.6,230.8,3300.0,0.8388,March,Wednesday,20,Local,0
1709747100,2024-03-06 20:45:00,2024-03-06,20:45:00,6324,1,0,0,0,0,230.2,230.1,150.0,0.1,March,Wednesday,20,Local,0
1709748000,2024-03-06 21:00:00,2024-03-06,21:00:00,6325,1,0,0,1,0,230.7,229.5,300.0,0.1,March,Wednesday,21,Local,0
1709748900,2024-03-06 21:15:00,2024-03-06,21:15:00,6326,1,0,0,1,0,229.1,234.2,300.0,0.1,March,Wednesday,21,Local,0
1709749800,2024-03-06 21:30:00,2024-03-06,21:30:00,6327,1,0,0,1,0,228.3,228.5,1100.0,0.2643,March,Wednesday,21,Local,0
1709750700,2024-03-06 21:45:00,2024-03-06,21:45:00,6328,1,0,1,0,0,229.2,231.8,3150.0,0.8393,March,Wednesday,21,Local,0
1709751600,2024-03-06 22:00:00,2024-03-06,22:00:00,6329,1,0,1,1,0,231.5,230.5,3300.0,0.7388,March,Wednesday,22,Local,0
1709752500,2024-03-06 22:15:00,2024-03-06,22:15:00,6330,1,0,0,1,1,229.1,229.5,1500.0,0.3022,March,Wednesday,22,Local,0
1709753400,2024-03-06 22:30:00,2024-03-06,22:30:00,6331,1,0,0,0,0,233.2,234.9,150.0,0.1,March,Wednesday,22,Local,0
1709754300,2024-03-06 22:45:00,2024-03-06,22:45:00,6332,1,0,0,0,0,230.4,229.2,150.0,0.1,March,Wednesday,22,Local,0
1709755200,2024-03-06 23:00:00,2024-03-06,23:00:00,6333,1,0,0,1,0,231.9,237.3,300.0,0.1,March,Wednesday,23,Local,0
1709756100,2024-03-06 23:15:00,2024-03-06,23:15:00,6334,1,0,0,1,0,232.7,232.6,300.0,0.1,March,Wednesday,23,Local,0
1709757000,2024-03-06 23:30:00,2024-03-06,23:30:00,6335,0,0,0,1,0,233.2,236.3,150.0,0.1,March,Wednesday,23,Local,0
1709757900,2024-03-06 23:45:00,2024-03-06,23:45:00,6336,1,0,0,0,0,234.8,237.0,150.0,0.1,March,Wednesday,23,Local,0
1709758800,2024-03-07 00:00:00,2024-03-07,00:00:00,6337,0,0,0,1,0,231.4,231.0,150.0,0.1,March,Thursday,0,Local,0
1709759700,2024-03-07 00:15:00,2024-03-07,00:15:00,6338,0,0,0,1,0,234.8,232.6,150.0,0.1,March,Thursday,0,Local,0
1709760600,2024-03-07 00:30:00,2024-03-07,00:30:00,6339,0,0,0,1,0,234.7,233.4,150.0,0.1,March,Thursday,0,Local,0
1709761500,2024-03-07 00:45:00,2024-03-07,00:45:00,6340,0,0,0,0,0,229.6,232.6,0.0,0.1,March,Thursday,0,Local,0
1709762400,2024-03-07 01:00:00,2024-03-07,01:00:00,6341,0,0,0,1,0,231.7,231.3,150.0,0.1,March,Thursday,1,Local,0
1709763300,2024-03-07 01:15:00,2024-03-07,01:15:00,6342,0,0,0,1,0,227.1,230.1,150.0,0.1,March,Thursday,1,Local,0
1709764200,2024-03-07 01:30:00,2024-03-07,01:30:00,6343,0,0,0,1,0,230.2,232.0,150.0,0.1,March,Thursday,1,Local,0
1709765100,2024-03-07 01:45:00,2024-03-07,01:45:00,6344,0,0,0,0,0,230.7,229.7,0.0,0.1,March,Thursday,1,Local,0
1709766000,2024-03-07 02:00:00,2024-03-07,02:00:00,6345,0,0,0,1,0,232.9,234.3,150.0,0.1,March,Thursday,2,Local,0
1709766900,2024-03-07 02:15:00,2024-03-07,02:15:00,6346,0,0,0,1,0,230.1,233.3,150.0,0.1,March,Thursday,2,Local,0
1709767800,2024-03-07 02:30:00,2024-03-07,02:30:00,6347,0,0,0,1,0,230.5,232.5,150.0,0.1,March,Thursday,2,Local,0
1709768700,2024-03-07 02:45:00,2024-03-07,02:45:00,6348,0,0,0,0,0,229.6,231.8,0.0,0.1,March,Thursday,2,Local,0
1709769600,2024-03-07 03:00:00,2024-03-07,03:00:00,6349,0,0,0,1,0,230.4,228.1,150.0,0.1,March,Thursday,3,Local,0
1709770500,2024-03-07 03:15:00,2024-03-07,03:15:00,6350,0,0,0,1,0,230.6,228.7,150.0,0.1,March,Thursday,3,Local,0
1709771400,2024-03-07 03:30:00,2024-03-07,03:30:00,6351,0,0,0,1,0,233.4,232.4,150.0,0.1,March,Thursday,3,Local,0
1709772300,2024-03-07 03:45:00,2024-03-07,03:45:00,6352,0,0,0,0,0,229.8,229.9,0.0,0.1,March,Thursday,3,Local,0
1709773200,2024-03-07 04:00:00,2024-03-07,04:00:00,6353,0,0,0,1,0,229.0,228.8,150.0,0.1,March,Thursday,4,Local,0
1709774100,2024-03-07 04:15:00,2024-03-07,04:15:00,6354,0,0,0,1,0,228.0,227.6,150.0,0.1,March,Thursday,4,Local,0
1709775000,2024-03-07 04:30:00,2024-03-07,04:30:00,6355,0,0,0,1,0,226.5,226.9,150.0,0.1,March,Thursday,4,Local,0
1709775900,2024-03-07 04:45:00,2024-03-07,04:45:00,6356,0,0,0,0,0,230.3,229.1,0.0,0.1,March,Thursday,4,Local,0
1709776800,2024-03-07 05:00:00,2024-03-07,05:00:00,6357,0,0,0,1,0,233.5,233.5,150.0,0.1,March,Thursday,5,Local,0
1709777700,2024-03-07 05:15:00,2024-03-07,05:15:00,6358,0,0,0,1,0,228.4,227.6,150.0,0.1,March,Thursday,5,Local,0
1709778600,2024-03-07 05:30:00,2024-03-07,05:30:00,6359,0,0,0,1,0,233.7,233.5,150.0,0.2734,March,Thursday,5,Local,1
1709779500,2024-03-07 05:45:00,2024-03-07,05:45:00,6360,0,0,0,0,0,230.0,228.2,0.0,0.1,March,Thursday,5,Local,0
1709780400,2024-03-07 06:00:00,2024-03-07,06:00:00,6361,0,0,0,1,0,231.6,231.0,150.0,0.1,March,Thursday,6,Local,0
1709781300,2024-03-07 06:15:00,2024-03-07,06:15:00,6362,0,0,0,1,0,224.5,224.9,150.0,0.1,March,Thursday,6,Local,0
1709782200,2024-03-07 06:30:00,2024-03-07,06:30:00,6363,0,0,0,0,0,232.6,232.9,0.0,0.1,March,Thursday,6,Local,0
1709783100,2024-03-07 06:45:00,2024-03-07,06:45:00,6364,0,0,0,0,0,231.0,231.8,0.0,0.1,March,Thursday,6,Local,0
1709784000,2024-03-07 07:00:00,2024-03-07,07:00:00,6365,0,0,0,1,0,230.8,230.1,150.0,0.1,March,Thursday,7,Local,0
1709784900,2024-03-07 07:15:00,2024-03-07,07:15:00,6366,0,0,0,1,0,228.9,229.3,150.0,0.1,March,Thursday,7,Local,0
1709785800,2024-03-07 07:30:00,2024-03-07,07:30:00,6367,0,0,0,1,0,231.7,234.0,150.0,0.1,March,Thursday,7,Local,0
1709786700,2024-03-07 07:45:00,2024-03-07,07:45:00,6368,0,0,0,0,0,228.9,230.6,0.0,0.1,March,Thursday,7,Local,0
1709787600,2024-03-07 08:00:00,2024-03-07,08:00:00,6369,0,0,0,1,0,227.2,228.5,150.0,0.1,March,Thursday,8,Local,0
1709788500,2024-03-07 08:15:00,2024-03-07,08:15:00,6370,1,0,0,1,0,227.7,226.4,300.0,0.1,March,Thursday,8,Local,0
1709789400,2024-03-07 08:30:00,2024-03-07,08:30:00,6371,0,0,0,1,0,231.5,229.7,150.0,0.1,March,Thursday,8,Local,0
1709790300,2024-03-07 08:45:00,2024-03-07,08:45:00,6372,0,0,0,1,0,235.7,234.3,150.0,0.1,March,Thursday,8,Local,0
1709791200,2024-03-07 09:00:00,2024-03-07,09:00:00,6373,0,0,0,1,0,227.9,225.5,150.0,0.1,March,Thursday,9,Local,0
1709792100,2024-03-07 09:15:00,2024-03-07,09:15:00,6374,0,1,0,1,0,234.3,231.9,2650.0,0.6804,March,Thursday,9,Local,0
1709793000,2024-03-07 09:30:00,2024-03-07,09:30:00,6375,0,0,0,1,0,233.6,233.9,150.0,0.1,March,Thursday,9,Local,0
1709793900,2024-03-07 09:45:00,2024-03-07,09:45:00,6376,0,0,0,0,0,226.0,228.2,0.0,0.1,March,Thursday,9,Local,0
1709794800,2024-03-07 10:00:00,2024-03-07,10:00:00,6377,0,0,0,1,0,228.9,226.4,150.0,0.1,March,Thursday,10,Local,0
1709795700,2024-03-07 10:15:00,2024-03-07,10:15:00,6378,0,1,0,1,0,231.3,230.4,2650.0,1.8289,March,Thursday,10,Local,1
1709796600,2024-03-07 10:30:00,2024-03-07,10:30:00,6379,0,0,0,1,0,229.5,228.7,150.0,0.1,March,Thursday,10,Local,0
1709797500,2024-03-07 10:45:00,2024-03-07,10:45:00,6380,0,0,0,0,0,231.1,232.0,0.0,0.1,March,Thursday,10,Local,0
1709798400,2024-03-07 11:00:00,2024-03-07,11:00:00,6381,0,0,0,1,0,226.3,226.6,150.0,0.1,March,Thursday,11,Local,0
1709799300,2024-03-07 11:15:00,2024-03-07,11:15:00,6382,0,0,0,1,0,236.8,239.0,150.0,0.2378,March,Thursday,11,Local,1
1709800200,2024-03-07 11:30:00,2024-03-07,11:30:00,6383,0,0,0,1,0,232.6,231.8,150.0,0.1,March,Thursday,11,Local,0
1709801100,2024-03-07 11:45:00,2024-03-07,11:45:00,6384,0,1,0,1,0,224.4,222.8,2650.0,0.575,March,Thursday,11,Local,0
1709802000,2024-03-07 12:00:00,2024-03-07,12:00:00,6385,0,0,0,1,0,226.4,226.0,150.0,0.1,March,Thursday,12,Local,0
1709802900,2024-03-07 12:15:00,2024-03-07,12:15:00,6386,0,0,0,1,1,230.6,224.9,1350.0,0.3231,March,Thursday,12,Local,0
1709803800,2024-03-07 12:30:00,2024-03-07,12:30:00,6387,0,0,1,1,0,232.0,231.8,3150.0,0.7468,March,Thursday,12,Local,0
1709804700,2024-03-07 12:45:00,2024-03-07,12:45:00,6388,1,0,0,0,0,228.1,228.9,150.0,0.1,March,Thursday,12,Local,0
1709805600,2024-03-07 13:00:00,2024-03-07,13:00:00,6389,0,0,0,1,0,230.9,234.2,150.0,0.1,March,Thursday,13,Local,0
1709806500,2024-03-07 13:15:00,2024-03-07,13:15:00,6390,0,0,0,1,0,234.4,232.6,150.0,0.1,March,Thursday,13,Local,0
1709807400,2024-03-07 13:30:00,2024-03-07,13:30:00,6391,0,0,0,1,0,234.4,235.2,150.0,0.1,March,Thursday,13,Local,0
1709808300,2024-03-07 13:45:00,2024-03-07,13:45:00,6392,0,0,0,1,0,235.3,232.8,150.0,0.1,March,Thursday,13,Local,0
1709809200,2024-03-07 14:00:00,2024-03-07,14:00:00,6393,0,0,0,1,0,224.7,221.8,150.0,0.1,March,Thursday,14,Local,0
1709810100,2024-03-07 14:15:00,2024-03-07,14:15:00,6394,0,1,0,1,0,225.6,225.3,2650.0,0.716,March,Thursday,14,Local,0
1709811000,2024-03-07 14:30:00,2024-03-07,14:30:00,6395,0,1,0,1,0,227.4,226.7,2650.0,0.6358,March,Thursday,14,Local,0
1709811900,2024-03-07 14:45:00,2024-03-07,14:45:00,6396,0,0,0,0,0,227.3,225.3,0.0,0.1,March,Thursday,14,Local,0
1709812800,2024-03-07 15:00:00,2024-03-07,15:00:00,6397,1,0,0,1,0,229.7,229.0,300.0,0.1,March,Thursday,15,Local,0
1709813700,2024-03-07 15:15:00,2024-03-07,15:15:00,6398,0,0,0,1,1,230.0,224.1,1350.0,0.3548,March,Thursday,15,Local,0
1709814600,2024-03-07 15:30:00,2024-03-07,15:30:00,6399,0,1,0,1,0,224.6,226.5,2650.0,0.6797,March,Thursday,15,Local,0
1709815500,2024-03-07 15:45:00,2024-03-07,15:45:00,6400,0,0,0,0,0,231.8,230.8,0.0,0.1,March,Thursday,15,Local,0
1709816400,2024-03-07 16:00:00,2024-03-07,16:00:00,6401,0,0,0,1,0,233.2,232.5,150.0,0.1,March,Thursday,16,Local,0
1709817300,2024-03-07 16:15:00,2024-03-07,16:15:00,6402,0,0,0,1,0,228.6,229.2,150.0,0.1,March,Thursday,16,Local,0
1709818200,2024-03-07 16:30:00,2024-03-07,16:30:00,6403,0,0,0,1,0,229.4,229.4,150.0,0.1,March,Thursday,16,Local,0
1709819100,2024-03-07 16:45:00,2024-03-07,16:45:00,6404,0,0,0,0,0,229.0,228.3,0.0,0.1,March,Thursday,16,Local,0
1709820000,2024-03-07 17:00:00,2024-03-07,17:00:00,6405,1,0,0,1,0,226.3,226.8,1100.0,0.2765,March,Thursday,17,Local,0
1709820900,2024-03-07 17:15:00,2024-03-07,17:15:00,6406,1,1,0,0,0,228.8,229.8,2650.0,0.6786,March,Thursday,17,Local,0
1709821800,2024-03-07 17:30:00,2024-03-07,17:30:00,6407,0,0,1,1,0,231.0,229.9,3150.0,0.7814,March,Thursday,17,Local,0
1709822700,2024-03-07 17:45:00,2024-03-07,17:45:00,6408,0,0,0,0,0,235.8,236.3,0.0,0.1,March,Thursday,17,Local,0
1709823600,2024-03-07 18:00:00,2024-03-07,18:00:00,6409,1,0,1,1,0,234.2,231.7,4800.0,1.0609,March,Thursday,18,Local,0
1709824500,2024-03-07 18:15:00,2024-03-07,18:15:00,6410,0,0,0,1,0,229.2,229.6,150.0,0.1,March,Thursday,18,Local,0
1709825400,2024-03-07 18:30:00,2024-03-07,18:30:00,6411,1,0,1,1,1,228.0,229.7,4500.0,0.9177,March,Thursday,18,Local,0
1709826300,2024-03-07 18:45:00,2024-03-07,18:45:00,6412,1,0,1,0,0,228.0,227.4,3150.0,0.7929,March,Thursday,18,Local,0
1709827200,2024-03-07 19:00:00,2024-03-07,19:00:00,6413,1,0,1,1,1,230.8,233.2,4500.0,1.1871,March,Thursday,19,Local,0
1709828100,2024-03-07 19:15:00,2024-03-07,19:15:00,6414,1,0,0,0,0,227.8,225.4,150.0,0.1,March,Thursday,19,Local,0
1709829000,2024-03-07 19:30:00,2024-03-07,19:30:00,6415,0,0,0,1,1,228.9,228.9,1350.0,0.323,March,Thursday,19,Local,0
1709829900,2024-03-07 19:45:00,2024-03-07,19:45:00,6416,1,0,0,0,0,230.0,226.1,150.0,0.1,March,Thursday,19,Local,0
1709830800,2024-03-07 20:00:00,2024-03-07,20:00:00,6417,1,1,1,0,0,229.6,229.0,5650.0,1.4203,March,Thursday,20,Local,0
1709831700,2024-03-07 20:15:00,2024-03-07,20:15:00,6418,1,0,0,1,0,228.7,230.0,1800.0,0.4521,March,Thursday,20,Local,0
1709832600,2024-03-07 20:30:00,2024-03-07,20:30:00,6419,1,0,0,1,1,227.3,225.9,1500.0,0.3598,March,Thursday,20,Local,0
1709833500,2024-03-07 20:45:00,2024-03-07,20:45:00,6420,1,0,0,1,0,229.0,232.2,300.0,0.1,March,Thursday,20,Local,0
1709834400,2024-03-07 21:00:00,2024-03-07,21:00:00,6421,1,0,1,1,0,222.0,219.6,3300.0,0.735,March,Thursday,21,Local,0
1709835300,2024-03-07 21:15:00,2024-03-07,21:15:00,6422,1,0,0,1,1,227.5,227.3,1500.0,0.338,March,Thursday,21,Local,0
1709836200,2024-03-07 21:30:00,2024-03-07,21:30:00,6423,1,0,1,1,0,233.2,232.0,3300.0,0.8601,March,Thursday,21,Local,0
1709837100,2024-03-07 21:45:00,2024-03-07,21:45:00,6424,1,0,0,0,0,229.1,222.7,150.0,0.1,March,Thursday,21,Local,0
1709838000,2024-03-07 22:00:00,2024-03-07,22:00:00,6425,1,0,0,1,0,233.0,238.8,300.0,0.1,March,Thursday,22,Local,0
1709838900,2024-03-07 22:15:00,2024-03-07,22:15:00,6426,0,0,0,1,0,228.0,228.8,150.0,0.1,March,Thursday,22,Local,0
1709839800,2024-03-07 22:30:00,2024-03-07,22:30:00,6427,1,0,0,1,0,225.4,226.1,300.0,0.1,March,Thursday,22,Local,0
1709840700,2024-03-07 22:45:00,2024-03-07,22:45:00,6428,1,0,0,0,1,225.2,227.0,1350.0,0.3629,March,Thursday,22,Local,0
1709841600,2024-03-07 23:00:00,2024-03-07,23:00:00,6429,1,0,0,0,0,236.3,236.6,150.0,0.1,March,Thursday,23,Local,0
1709842500,2024-03-07 23:15:00,2024-03-07,23:15:00,6430,0,0,0,1,0,230.5,225.5,150.0,0.1,March,Thursday,23,Local,0
1709843400,2024-03-07 23:30:00,2024-03-07,23:30:00,6431,0,0,0,1,0,233.1,231.1,150.0,0.1,March,Thursday,23,Local,0
1709844300,2024-03-07 23:45:00,2024-03-07,23:45:00,6432,0,0,0,1,0,227.5,230.0,950.0,0.2277,March,Thursday,23,Local,0
1709845200,2024-03-08 00:00:00,2024-03-08,00:00:00,6433,0,0,0,1,0,229.8,229.8,150.0,0.1,March,Friday,0,Local,0
1709846100,2024-03-08 00:15:00,2024-03-08,00:15:00,6434,0,0,0,1,0,230.7,232.9,150.0,0.1,March,Friday,0,Local,0
1709847000,2024-03-08 00:30:00,2024-03-08,00:30:00,6435,0,0,0,1,0,230.6,229.2,150.0,0.1,March,Friday,0,Local,0
1709847900,2024-03-08 00:45:00,2024-03-08,00:45:00,6436,0,0,0,0,0,233.3,233.5,0.0,0.1,March,Friday,0,Local,0
1709848800,2024-03-08 01:00:00,2024-03-08,01:00:00,6437,0,0,0,1,0,230.9,233.1,150.0,0.1,March,Friday,1,Local,0
1709849700,2024-03-08 01:15:00,2024-03-08,01:15:00,6438,0,0,0,1,0,231.7,230.1,150.0,0.1,March,Friday,1,Local,0
1709850600,2024-03-08 01:30:00,2024-03-08,01:30:00,6439,0,0,0,1,0,228.6,230.0,150.0,0.1,March,Friday,1,Local,0
1709851500,2024-03-08 01:45:00,2024-03-08,01:45:00,6440,0,0,0,1,0,232.3,234.1,150.0,0.1,March,Friday,1,Local,0
1709852400,2024-03-08 02:00:00,2024-03-08,02:00:00,6441,0,0,0,1,0,229.9,229.0,150.0,0.1,March,Friday,2,Local,0
1709853300,2024-03-08 02:15:00,2024-03-08,02:15:00,6442,0,0,0,1,0,222.3,219.0,150.0,0.1,March,Friday,2,Local,0
1709854200,2024-03-08 02:30:00,2024-03-08,02:30:00,6443,0,0,0,1,0,233.6,232.5,150.0,0.1,March,Friday,2,Local,0
1709855100,2024-03-08 02:45:00,2024-03-08,02:45:00,6444,0,0,0,0,0,231.4,232.8,0.0,0.1,March,Friday,2,Local,0
1709856000,2024-03-08 03:00:00,2024-03-08,03:00:00,6445,0,0,0,1,0,228.7,230.1,150.0,0.1,March,Friday,3,Local,0
1709856900,2024-03-08 03:15:00,2024-03-08,03:15:00,6446,0,0,0,1,0,229.6,228.2,150.0,0.1,March,Friday,3,Local,0
1709857800,2024-03-08 03:30:00,2024-03-08,03:30:00,6447,0,0,0,1,0,228.8,227.9,150.0,0.1,March,Friday,3,Local,0
1709858700,2024-03-08 03:45:00,2024-03-08,03:45:00,6448,0,0,0,0,0,228.1,231.0,0.0,0.1,March,Friday,3,Local,0
1709859600,2024-03-08 04:00:00,2024-03-08,04:00:00,6449,0,0,0,1,0,228.8,226.5,150.0,0.1,March,Friday,4,Local,0
1709860500,2024-03-08 04:15:00,2024-03-08,04:15:00,6450,0,0,0,1,0,233.5,231.3,150.0,0.1,March,Friday,4,Local,0
1709861400,2024-03-08 04:30:00,2024-03-08,04:30:00,6451,0,0,0,1,0,232.2,235.4,150.0,0.1,March,Friday,4,Local,0
1709862300,2024-03-08 04:45:00,2024-03-08,04:45:00,6452,0,0,0,0,0,225.4,225.3,0.0,0.1,March,Friday,4,Local,0
1709863200,2024-03-08 05:00:00,2024-03-08,05:00:00,6453,0,0,0,1,0,224.0,223.7,150.0,0.1,March,Friday,5,Local,0
1709864100,2024-03-08 05:15:00,2024-03-08,05:15:00,6454,0,0,0,1,0,225.7,227.3,150.0,0.1,March,Friday,5,Local,0
1709865000,2024-03-08 05:30:00,2024-03-08,05:30:00,6455,0,0,0,1,0,230.8,227.1,150.0,0.1,March,Friday,5,Local,0
1709865900,2024-03-08 05:45:00,2024-03-08,05:45:00,6456,0,0,0,0,0,228.8,225.1,0.0,0.1,March,Friday,5,Local,0
1709866800,2024-03-08 06:00:00,2024-03-08,06:00:00,6457,0,0,0,1,0,227.6,229.0,150.0,0.1,March,Friday,6,Local,0
1709867700,2024-03-08 06:15:00,2024-03-08,06:15:00,6458,0,0,0,1,0,230.6,228.8,150.0,0.1,March,Friday,6,Local,0
1709868600,2024-03-08 06:30:00,2024-03-08,06:30:00,6459,0,0,0,1,1,227.7,228.9,1350.0,0.3669,March,Friday,6,Local,0
1709869500,2024-03-08 06:45:00,2024-03-08,06:45:00,6460,0,0,0,0,0,232.5,232.5,0.0,0.1,March,Friday,6,Local,0
1709870400,2024-03-08 07:00:00,2024-03-08,07:00:00,6461,0,0,0,1,0,232.5,230.6,150.0,0.1,March,Friday,7,Local,0
1709871300,2024-03-08 07:15:00,2024-03-08,07:15:00,6462,0,0,0,1,0,231.5,232.5,150.0,0.1,March,Friday,7,Local,0
1709872200,2024-03-08 07:30:00,2024-03-08,07:30:00,6463,0,0,0,1,0,231.0,233.0,150.0,0.1,March,Friday,7,Local,0
1709873100,2024-03-08 07:45:00,2024-03-08,07:45:00,6464,0,0,0,1,0,229.6,227.4,150.0,0.1,March,Friday,7,Local,0
1709874000,2024-03-08 08:00:00,2024-03-08,08:00:00,6465,0,0,0,1,0,227.7,228.2,150.0,0.1,March,Friday,8,Local,0
1709874900,2024-03-08 08:15:00,2024-03-08,08:15:00,6466,0,0,0,1,1,230.7,233.0,1350.0,0.3146,March,Friday,8,Local,0
1709875800,2024-03-08 08:30:00,2024-03-08,08:30:00,6467,1,0,0,1,0,232.0,234.8,300.0,0.1,March,Friday,8,Local,0
1709876700,2024-03-08 08:45:00,2024-03-08,08:45:00,6468,1,0,0,1,0,227.9,226.0,300.0,0.1,March,Friday,8,Local,0
1709877600,2024-03-08 09:00:00,2024-03-08,09:00:00,6469,0,0,0,1,0,229.7,234.3,150.0,0.1,March,Friday,9,Local,0
1709878500,2024-03-08 09:15:00,2024-03-08,09:15:00,6470,0,0,0,1,0,232.3,231.2,150.0,0.1,March,Friday,9,Local,0
1709879400,2024-03-08 09:30:00,2024-03-08,09:30:00,6471,0,0,0,1,0,226.2,227.0,150.0,0.1,March,Friday,9,Local,0
1709880300,2024-03-08 09:45:00,2024-03-08,09:45:00,6472,0,0,0,0,0,225.4,226.8,0.0,0.1,March,Friday,9,Local,0
1709881200,2024-03-08 10:00:00,2024-03-08,10:00:00,6473,0,0,0,1,0,229.2,232.1,150.0,0.1,March,Friday,10,Local,0
1709882100,2024-03-08 10:15:00,2024-03-08,10:15:00,6474,0,0,0,1,0,231.9,234.6,150.0,0.1,March,Friday,10,Local,0
1709883000,2024-03-08 10:30:00,2024-03-08,10:30:00,6475,0,0,0,1,0,230.5,233.5,150.0,0.1,March,Friday,10,Local,0
1709883900,2024-03-08 10:45:00,2024-03-08,10:45:00,6476,0,0,0,0,0,233.5,233.0,0.0,0.1,March,Friday,10,Local,0
1709884800,2024-03-08 11:00:00,2024-03-08,11:00:00,6477,0,1,0,0,0,227.6,227.9,2500.0,0.6386,March,Friday,11,Local,0
1709885700,2024-03-08 11:15:00,2024-03-08,11:15:00,6478,1,0,0,0,0,230.9,229.8,150.0,0.1,March,Friday,11,Local,0
1709886600,2024-03-08 11:30:00,2024-03-08,11:30:00,6479,0,0,0,0,0,234.5,231.8,0.0,0.1,March,Friday,11,Local,0
1709887500,2024-03-08 11:45:00,2024-03-08,11:45:00,6480,0,0,0,0,0,230.0,228.2,0.0,0.1,March,Friday,11,Local,0
1709888400,2024-03-08 12:00:00,2024-03-08,12:00:00,6481,0,0,0,1,0,232.1,234.8,150.0,0.1,March,Friday,12,Local,0
1709889300,2024-03-08 12:15:00,2024-03-08,12:15:00,6482,0,0,0,1,0,229.8,230.9,150.0,0.1,March,Friday,12,Local,0
1709890200,2024-03-08 12:30:00,2024-03-08,12:30:00,6483,0,0,0,1,0,234.4,234.1,150.0,0.1,March,Friday,12,Local,0
1709891100,2024-03-08 12:45:00,2024-03-08,12:45:00,6484,0,0,0,0,1,231.2,230.2,1200.0,0.2695,March,Friday,12,Local,0
1709892000,2024-03-08 13:00:00,2024-03-08,13:00:00,6485,0,0,0,1,0,228.8,226.5,150.0,0.1,March,Friday,13,Local,0
1709892900,2024-03-08 13:15:00,2024-03-08,13:15:00,6486,0,1,1,1,0,229.7,232.3,5650.0,1.3747,March,Friday,13,Local,0
1709893800,2024-03-08 13:30:00,2024-03-08,13:30:00,6487,0,1,0,1,0,230.4,232.5,2650.0,0.6493,March,Friday,13,Local,0
1709894700,2024-03-08 13:45:00,2024-03-08,13:45:00,6488,1,0,0,0,0,226.5,223.5,150.0,0.1,March,Friday,13,Local,0
1709895600,2024-03-08 14:00:00,2024-03-08,14:00:00,6489,0,0,0,1,0,228.2,227.7,150.0,0.1,March,Friday,14,Local,0
1709896500,2024-03-08 14:15:00,2024-03-08,14:15:00,6490,0,0,0,1,0,225.0,225.2,150.0,0.1,March,Friday,14,Local,0
1709897400,2024-03-08 14:30:00,2024-03-08,14:30:00,6491,0,0,0,1,0,233.5,234.2,150.0,0.1,March,Friday,14,Local,0
1709898300,2024-03-08 14:45:00,2024-03-08,14:45:00,6492,0,0,0,0,0,234.0,233.7,0.0,0.1,March,Friday,14,Local,0
1709899200,2024-03-08 15:00:00,2024-03-08,15:00:00,6493,0,0,0,1,0,233.9,234.0,150.0,0.1,March,Friday,15,Local,0
1709900100,2024-03-08 15:15:00,2024-03-08,15:15:00,6494,0,1,0,1,0,228.3,227.8,2650.0,0.6656,March,Friday,15,Local,0
1709901000,2024-03-08 15:30:00,2024-03-08,15:30:00,6495,0,0,0,1,0,226.8,226.5,150.0,0.1,March,Friday,15,Local,0
1709901900,2024-03-08 15:45:00,2024-03-08,15:45:00,6496,0,0,0,0,0,231.9,233.4,0.0,0.1,March,Friday,15,Local,0
1709902800,2024-03-08 16:00:00,2024-03-08,16:00:00,6497,0,0,0,1,1,230.2,227.6,1350.0,0.3526,March,Friday,16,Local,0
1709903700,2024-03-08 16:15:00,2024-03-08,16:15:00,6498,0,0,0,1,0,225.2,227.9,150.0,0.1,March,Friday,16,Local,0
1709904600,2024-03-08 16:30:00,2024-03-08,16:30:00,6499,0,0,0,1,0,232.0,229.9,150.0,0.1,March,Friday,16,Local,0
1709905500,2024-03-08 16:45:00,2024-03-08,16:45:00,6500,0,0,0,1,0,227.8,232.9,150.0,0.1,March,Friday,16,Local,0
1709906400,2024-03-08 17:00:00,2024-03-08,17:00:00,6501,0,0,1,1,0,227.2,227.7,3150.0,0.9476,March,Friday,17,Local,0
1709907300,2024-03-08 17:15:00,2024-03-08,17:15:00,6502,0,0,0,1,1,229.5,231.1,1350.0,0.3309,March,Friday,17,Local,0
1709908200,2024-03-08 17:30:00,2024-03-08,17:30:00,6503,0,0,0,0,0,230.7,232.3,0.0,0.1,March,Friday,17,Local,0
1709909100,2024-03-08 17:45:00,2024-03-08,17:45:00,6504,0,0,1,0,0,226.8,228.3,3000.0,0.7029,March,Friday,17,Local,0
1709910000,2024-03-08 18:00:00,2024-03-08,18:00:00,6505,1,0,0,1,0,229.0,228.7,300.0,0.1,March,Friday,18,Local,0
1709910900,2024-03-08 18:15:00,2024-03-08,18:15:00,6506,0,1,0,1,0,233.8,234.6,2650.0,0.7182,March,Friday,18,Local,0
1709911800,2024-03-08 18:30:00,2024-03-08,18:30:00,6507,0,0,0,1,0,234.2,233.0,150.0,0.1,March,Friday,18,Local,0
1709912700,2024-03-08 18:45:00,2024-03-08,18:45:00,6508,0,0,0,0,1,226.4,226.1,1200.0,0.3692,March,Friday,18,Local,0
1709913600,2024-03-08 19:00:00,2024-03-08,19:00:00,6509,0,0,0,1,0,228.0,226.5,150.0,0.1,March,Friday,19,Local,0
1709914500,2024-03-08 19:15:00,2024-03-08,19:15:00,6510,1,0,0,1,1,233.4,235.0,1500.0,0.393,March,Friday,19,Local,0
1709915400,2024-03-08 19:30:00,2024-03-08,19:30:00,6511,0,0,0,1,0,227.0,227.3,150.0,0.1,March,Friday,19,Local,0
1709916300,2024-03-08 19:45:00,2024-03-08,19:45:00,6512,1,0,1,0,0,229.8,229.0,3150.0,0.7705,March,Friday,19,Local,0
1709917200,2024-03-08 20:00:00,2024-03-08,20:00:00,6513,1,1,0,1,0,231.7,231.9,2800.0,0.7911,March,Friday,20,Local,0
1709918100,2024-03-08 20:15:00,2024-03-08,20:15:00,6514,0,0,0,0,0,231.7,233.0,0.0,0.1,March,Friday,20,Local,0
1709919000,2024-03-08 20:30:00,2024-03-08,20:30:00,6515,1,0,1,1,0,235.9,238.2,3300.0,0.884,March,Friday,20,Local,0
1709919900,2024-03-08 20:45:00,2024-03-08,20:45:00,6516,1,0,0,0,0,224.8,223.4,150.0,0.1,March,Friday,20,Local,0
1709920800,2024-03-08 21:00:00,2024-03-08,21:00:00,6517,0,0,0,0,0,228.7,228.5,0.0,0.1,March,Friday,21,Local,0
1709921700,2024-03-08 21:15:00,2024-03-08,21:15:00,6518,1,0,0,0,0,223.8,221.8,150.0,0.1,March,Friday,21,Local,0
1709922600,2024-03-08 21:30:00,2024-03-08,21:30:00,6519,1,0,0,1,0,227.2,227.4,300.0,0.1,March,Friday,21,Local,0
1709923500,2024-03-08 21:45:00,2024-03-08,21:45:00,6520,1,0,0,0,0,232.8,233.2,150.0,0.1,March,Friday,21,Local,0
1709924400,2024-03-08 22:00:00,2024-03-08,22:00:00,6521,1,0,0,1,0,237.7,241.6,300.0,0.1,March,Friday,22,Local,0
1709925300,2024-03-08 22:15:00,2024-03-08,22:15:00,6522,1,0,0,1,0,228.8,229.7,300.0,0.1,March,Friday,22,Local,0
1709926200,2024-03-08 22:30:00,2024-03-08,22:30:00,6523,0,0,0,1,0,229.5,226.6,150.0,0.1,March,Friday,22,Local,0
1709927100,2024-03-08 22:45:00,2024-03-08,22:45:00,6524,0,0,0,0,0,229.6,230.4,0.0,0.1,March,Friday,22,Local,0
1709928000,2024-03-08 23:00:00,2024-03-08,23:00:00,6525,0,0,0,1,1,226.9,228.4,1350.0,0.2808,March,Friday,23,Local,0
1709928900,2024-03-08 23:15:00,2024-03-08,23:15:00,6526,0,0,0,1,0,232.6,235.3,150.0,0.1,March,Friday,23,Local,0
1709929800,2024-03-08 23:30:00,2024-03-08,23:30:00,6527,1,0,0,1,0,231.5,233.2,300.0,0.1,March,Friday,23,Local,0
1709930700,2024-03-08 23:45:00,2024-03-08,23:45:00,6528,0,0,0,0,0,232.3,230.4,0.0,0.1,March,Friday,23,Local,0
1709931600,2024-03-09 00:00:00,2024-03-09,00:00:00,6529,0,0,0,1,0,236.4,234.4,150.0,0.1,March,Saturday,0,Local,0
1709932500,2024-03-09 00:15:00,2024-03-09,00:15:00,6530,0,0,0,1,0,234.3,234.8,150.0,0.1,March,Saturday,0,Local,0
1709933400,2024-03-09 00:30:00,2024-03-09,00:30:00,6531,0,0,0,1,0,227.0,228.4,150.0,0.1,March,Saturday,0,Local,0
1709934300,2024-03-09 00:45:00,2024-03-09,00:45:00,6532,0,0,0,0,0,222.2,221.1,0.0,0.1,March,Saturday,0,Local,0
1709935200,2024-03-09 01:00:00,2024-03-09,01:00:00,6533,0,0,0,1,0,233.0,234.6,150.0,0.1,March,Saturday,1,Local,0
1709936100,2024-03-09 01:15:00,2024-03-09,01:15:00,6534,0,0,0,0,0,230.9,230.7,0.0,0.1,March,Saturday,1,Local,0
1709937000,2024-03-09 01:30:00,2024-03-09,01:30:00,6535,0,0,0,1,0,227.0,224.1,150.0,0.1,March,Saturday,1,Local,0
1709937900,2024-03-09 01:45:00,2024-03-09,01:45:00,6536,0,0,0,0,0,231.6,234.6,0.0,0.1,March,Saturday,1,Local,0
1709938800,2024-03-09 02:00:00,2024-03-09,02:00:00,6537,0,0,0,1,0,226.4,224.0,1150.0,0.3222,March,Saturday,2,Local,0
1709939700,2024-03-09 02:15:00,2024-03-09,02:15:00,6538,0,0,0,1,0,234.8,234.3,150.0,0.1,March,Saturday,2,Local,0
1709940600,2024-03-09 02:30:00,2024-03-09,02:30:00,6539,0,0,0,1,0,227.2,232.5,150.0,0.1,March,Saturday,2,Local,0
1709941500,2024-03-09 02:45:00,2024-03-09,02:45:00,6540,0,0,0,0,0,227.3,224.0,0.0,0.1,March,Saturday,2,Local,0
1709942400,2024-03-09 03:00:00,2024-03-09,03:00:00,6541,0,0,0,1,0,235.0,234.1,150.0,0.1,March,Saturday,3,Local,0
1709943300,2024-03-09 03:15:00,2024-03-09,03:15:00,6542,0,0,0,1,0,235.1,237.7,150.0,0.1,March,Saturday,3,Local,0
1709944200,2024-03-09 03:30:00,2024-03-09,03:30:00,6543,0,0,0,1,0,233.0,233.1,150.0,0.1,March,Saturday,3,Local,0
1709945100,2024-03-09 03:45:00,2024-03-09,03:45:00,6544,0,0,0,1,0,227.3,226.0,150.0,0.1,March,Saturday,3,Local,0
1709946000,2024-03-09 04:00:00,2024-03-09,04:00:00,6545,0,0,0,1,0,229.0,227.3,150.0,0.1,March,Saturday,4,Local,0
1709946900,2024-03-09 04:15:00,2024-03-09,04:15:00,6546,0,0,0,1,0,227.0,228.9,150.0,0.1,March,Saturday,4,Local,0
1709947800,2024-03-09 04:30:00,2024-03-09,04:30:00,6547,0,0,0,1,0,228.7,230.2,150.0,0.1,March,Saturday,4,Local,0
1709948700,2024-03-09 04:45:00,2024-03-09,04:45:00,6548,0,0,0,0,0,235.8,236.2,0.0,0.1,March,Saturday,4,Local,0
1709949600,2024-03-09 05:00:00,2024-03-09,05:00:00,6549,0,0,0,1,0,230.9,229.5,150.0,0.1,March,Saturday,5,Local,0
1709950500,2024-03-09 05:15:00,2024-03-09,05:15:00,6550,0,0,0,1,0,227.8,226.0,1150.0,0.2521,March,Saturday,5,Local,0
1709951400,2024-03-09 05:30:00,2024-03-09,05:30:00,6551,0,0,0,1,0,225.8,226.7,150.0,0.1,March,Saturday,5,Local,0
1709952300,2024-03-09 05:45:00,2024-03-09,05:45:00,6552,0,0,0,1,0,228.3,226.8,150.0,0.1,March,Saturday,5,Local,0
1709953200,2024-03-09 06:00:00,2024-03-09,06:00:00,6553,0,0,0,0,0,224.5,226.0,0.0,0.1,March,Saturday,6,Local,0
1709954100,2024-03-09 06:15:00,2024-03-09,06:15:00,6554,0,0,0,1,0,228.3,230.1,150.0,0.1,March,Saturday,6,Local,0
1709955000,2024-03-09 06:30:00,2024-03-09,06:30:00,6555,0,0,0,1,0,234.5,232.9,150.0,0.1,March,Saturday,6,Local,0
1709955900,2024-03-09 06:45:00,2024-03-09,06:45:00,6556,0,0,0,0,0,233.4,233.8,0.0,0.1,March,Saturday,6,Local,0
1709956800,2024-03-09 07:00:00,2024-03-09,07:00:00,6557,0,0,0,1,0,226.7,228.7,150.0,0.1,March,Saturday,7,Local,0
1709957700,2024-03-09 07:15:00,2024-03-09,07:15:00,6558,1,0,1,1,0,232.8,231.9,3300.0,0.7742,March,Saturday,7,Local,0
1709958600,2024-03-09 07:30:00,2024-03-09,07:30:00,6559,0,0,0,1,1,231.0,229.3,1350.0,0.3979,March,Saturday,7,Local,0
1709959500,2024-03-09 07:45:00,2024-03-09,07:45:00,6560,0,0,0,1,0,235.1,235.9,2150.0,0.4542,March,Saturday,7,Local,0
1709960400,2024-03-09 08:00:00,2024-03-09,08:00:00,6561,0,0,0,1,0,226.7,229.9,150.0,0.1,March,Saturday,8,Local,0
1709961300,2024-03-09 08:15:00,2024-03-09,08:15:00,6562,0,0,0,1,0,228.2,228.1,150.0,0.1,March,Saturday,8,Local,0
1709962200,2024-03-09 08:30:00,2024-03-09,08:30:00,6563,0,0,0,1,0,231.0,231.5,150.0,0.1,March,Saturday,8,Local,0
1709963100,2024-03-09 08:45:00,2024-03-09,08:45:00,6564,0,0,0,1,0,227.5,226.7,150.0,0.1,March,Saturday,8,Local,0
1709964000,2024-03-09 09:00:00,2024-03-09,09:00:00,6565,0,0,0,1,0,230.0,227.7,150.0,0.1,March,Saturday,9,Local,0
1709964900,2024-03-09 09:15:00,2024-03-09,09:15:00,6566,0,0,0,1,0,226.6,225.5,150.0,0.1,March,Saturday,9,Local,0
1709965800,2024-03-09 09:30:00,2024-03-09,09:30:00,6567,1,0,0,0,0,231.7,232.4,150.0,0.1,March,Saturday,9,Local,0
1709966700,2024-03-09 09:45:00,2024-03-09,09:45:00,6568,0,0,0,0,0,222.7,222.4,0.0,0.1,March,Saturday,9,Local,0
1709967600,2024-03-09 10:00:00,2024-03-09,10:00:00,6569,0,0,0,1,0,232.7,235.4,150.0,0.1,March,Saturday,10,Local,0
1709968500,2024-03-09 10:15:00,2024-03-09,10:15:00,6570,0,0,0,0,0,228.5,232.3,0.0,0.1,March,Saturday,10,Local,0
1709969400,2024-03-09 10:30:00,2024-03-09,10:30:00,6571,0,0,0,0,0,227.0,226.8,2000.0,0.5499,March,Saturday,10,Local,0
1709970300,2024-03-09 10:45:00,2024-03-09,10:45:00,6572,0,0,0,0,0,235.5,238.7,0.0,0.1,March,Saturday,10,Local,0
1709971200,2024-03-09 11:00:00,2024-03-09,11:00:00,6573,0,1,0,1,0,229.4,229.3,2650.0,0.6378,March,Saturday,11,Local,0
1709972100,2024-03-09 11:15:00,2024-03-09,11:15:00,6574,0,0,0,1,0,231.6,231.8,150.0,0.1,March,Saturday,11,Local,0
1709973000,2024-03-09 11:30:00,2024-03-09,11:30:00,6575,0,0,0,1,0,226.1,225.4,150.0,0.1,March,Saturday,11,Local,0
1709973900,2024-03-09 11:45:00,2024-03-09,11:45:00,6576,0,0,0,0,0,234.2,234.1,0.0,0.1,March,Saturday,11,Local,0
1709974800,2024-03-09 12:00:00,2024-03-09,12:00:00,6577,0,0,0,1,0,227.0,232.1,150.0,0.1,March,Saturday,12,Local,0
1709975700,2024-03-09 12:15:00,2024-03-09,12:15:00,6578,0,0,0,1,0,226.7,229.4,150.0,0.1,March,Saturday,12,Local,0
1709976600,2024-03-09 12:30:00,2024-03-09,12:30:00,6579,1,0,0,1,0,229.6,228.0,300.0,0.1,March,Saturday,12,Local,0
1709977500,2024-03-09 12:45:00,2024-03-09,12:45:00,6580,0,0,0,0,0,227.4,228.6,0.0,0.1,March,Saturday,12,Local,0
1709978400,2024-03-09 13:00:00,2024-03-09,13:00:00,6581,1,0,0,0,0,235.4,231.1,150.0,0.1,March,Saturday,13,Local,0
1709979300,2024-03-09 13:15:00,2024-03-09,13:15:00,6582,0,0,0,0,0,229.0,230.7,0.0,0.1,March,Saturday,13,Local,0
1709980200,2024-03-09 13:30:00,2024-03-09,13:30:00,6583,0,0,0,1,1,236.1,236.9,1350.0,0.2829,March,Saturday,13,Local,0
1709981100,2024-03-09 13:45:00,2024-03-09,13:45:00,6584,0,0,0,0,0,234.9,235.1,0.0,0.1,March,Saturday,13,Local,0
1709982000,2024-03-09 14:00:00,2024-03-09,14:00:00,6585,0,0,1,1,0,228.4,230.5,3150.0,0.9122,March,Saturday,14,Local,0
1709982900,2024-03-09 14:15:00,2024-03-09,14:15:00,6586,1,0,0,1,0,231.1,230.6,300.0,0.1,March,Saturday,14,Local,0
1709983800,2024-03-09 14:30:00,2024-03-09,14:30:00,6587,0,0,0,1,0,224.4,225.0,150.0,0.1,March,Saturday,14,Local,0
1709984700,2024-03-09 14:45:00,2024-03-09,14:45:00,6588,0,0,0,0,0,228.1,226.0,0.0,0.1,March,Saturday,14,Local,0
1709985600,2024-03-09 15:00:00,2024-03-09,15:00:00,6589,0,1,1,1,0,235.6,233.0,5650.0,1.5401,March,Saturday,15,Local,0
1709986500,2024-03-09 15:15:00,2024-03-09,15:15:00,6590,0,1,0,1,0,230.4,230.6,2650.0,0.6025,March,Saturday,15,Local,0
1709987400,2024-03-09 15:30:00,2024-03-09,15:30:00,6591,0,0,0,1,0,227.2,228.4,150.0,0.1,March,Saturday,15,Local,0
1709988300,2024-03-09 15:45:00,2024-03-09,15:45:00,6592,0,0,0,0,0,227.8,226.1,0.0,0.1,March,Saturday,15,Local,0
1709989200,2024-03-09 16:00:00,2024-03-09,16:00:00,6593,0,1,0,1,0,226.8,227.1,2650.0,0.506,March,Saturday,16,Local,0
1709990100,2024-03-09 16:15:00,2024-03-09,16:15:00,6594,0,1,0,1,0,227.6,224.8,2650.0,0.6688,March,Saturday,16,Local,0
1709991000,2024-03-09 16:30:00,2024-03-09,16:30:00,6595,1,0,0,1,0,232.6,233.2,300.0,0.1,March,Saturday,16,Local,0
1709991900,2024-03-09 16:45:00,2024-03-09,16:45:00,6596,0,0,0,0,0,229.9,231.1,0.0,0.1,March,Saturday,16,Local,0
1709992800,2024-03-09 17:00:00,2024-03-09,17:00:00,6597,1,0,0,1,0,227.0,228.1,300.0,0.1,March,Saturday,17,Local,0
1709993700,2024-03-09 17:15:00,2024-03-09,17:15:00,6598,1,1,1,1,0,230.2,228.2,5800.0,1.6372,March,Saturday,17,Local,0
1709994600,2024-03-09 17:30:00,2024-03-09,17:30:00,6599,0,1,1,1,0,231.4,231.2,5650.0,1.5377,March,Saturday,17,Local,0
1709995500,2024-03-09 17:45:00,2024-03-09,17:45:00,6600,0,0,0,0,0,229.4,231.6,0.0,0.1,March,Saturday,17,Local,0
1709996400,2024-03-09 18:00:00,2024-03-09,18:00:00,6601,1,0,1,1,0,225.9,225.5,4800.0,1.3375,March,Saturday,18,Local,0
1709997300,2024-03-09 18:15:00,2024-03-09,18:15:00,6602,1,1,0,1,0,230.3,231.8,3800.0,0.9111,March,Saturday,18,Local,0
1709998200,2024-03-09 18:30:00,2024-03-09,18:30:00,6603,1,1,0,1,0,229.3,229.7,2800.0,0.656,March,Saturday,18,Local,0
1709999100,2024-03-09 18:45:00,2024-03-09,18:45:00,6604,1,0,0,0,0,228.8,230.2,150.0,0.1,March,Saturday,18,Local,0
1710000000,2024-03-09 19:00:00,2024-03-09,19:00:00,6605,1,0,1,1,0,234.9,235.0,3300.0,0.8452,March,Saturday,19,Local,0
1710000900,2024-03-09 19:15:00,2024-03-09,19:15:00,6606,1,1,1,1,0,230.3,229.0,5800.0,1.4246,March,Saturday,19,Local,0
1710001800,2024-03-09 19:30:00,2024-03-09,19:30:00,6607,1,0,0,1,0,232.3,234.8,300.0,0.1,March,Saturday,19,Local,0
1710002700,2024-03-09 19:45:00,2024-03-09,19:45:00,6608,1,0,1,0,0,228.7,228.9,3150.0,0.713,March,Saturday,19,Local,0
1710003600,2024-03-09 20:00:00,2024-03-09,20:00:00,6609,1,0,1,1,0,223.2,222.9,3300.0,0.8481,March,Saturday,20,Local,0
1710004500,2024-03-09 20:15:00,2024-03-09,20:15:00,6610,1,0,1,1,0,234.3,232.1,3300.0,0.8766,March,Saturday,20,Local,0
1710005400,2024-03-09 20:30:00,2024-03-09,20:30:00,6611,1,0,1,1,1,230.2,235.1,4500.0,0.955,March,Saturday,20,Local,0
1710006300,2024-03-09 20:45:00,2024-03-09,20:45:00,6612,1,0,1,0,0,232.3,236.9,3150.0,0.8044,March,Saturday,20,Local,0
1710007200,2024-03-09 21:00:00,2024-03-09,21:00:00,6613,1,1,0,1,1,230.5,235.3,4000.0,0.8827,March,Saturday,21,Local,0
1710008100,2024-03-09 21:15:00,2024-03-09,21:15:00,6614,1,0,0,1,0,231.0,232.6,300.0,0.1,March,Saturday,21,Local,0
1710009000,2024-03-09 21:30:00,2024-03-09,21:30:00,6615,1,0,0,0,0,224.1,228.1,150.0,0.1,March,Saturday,21,Local,0
1710009900,2024-03-09 21:45:00,2024-03-09,21:45:00,6616,1,1,1,0,1,230.0,230.1,6850.0,1.5987,March,Saturday,21,Local,0
1710010800,2024-03-09 22:00:00,2024-03-09,22:00:00,6617,1,0,1,1,1,232.1,229.6,4500.0,1.0019,March,Saturday,22,Local,0
1710011700,2024-03-09 22:15:00,2024-03-09,22:15:00,6618,1,0,0,0,0,236.4,234.5,150.0,0.1,March,Saturday,22,Local,0
1710012600,2024-03-09 22:30:00,2024-03-09,22:30:00,6619,0,0,0,0,0,233.4,235.1,0.0,0.1,March,Saturday,22,Local,0
1710013500,2024-03-09 22:45:00,2024-03-09,22:45:00,6620,0,0,0,1,1,233.3,235.2,1350.0,0.347,March,Saturday,22,Local,0
1710014400,2024-03-09 23:00:00,2024-03-09,23:00:00,6621,0,0,0,1,0,227.7,225.6,150.0,0.1,March,Saturday,23,Local,0
1710015300,2024-03-09 23:15:00,2024-03-09,23:15:00,6622,1,0,0,1,0,224.9,224.7,300.0,0.1,March,Saturday,23,Local,0
1710016200,2024-03-09 23:30:00,2024-03-09,23:30:00,6623,1,0,0,0,0,234.7,236.5,150.0,0.1,March,Saturday,23,Local,0
1710017100,2024-03-09 23:45:00,2024-03-09,23:45:00,6624,1,1,0,0,0,230.7,232.5,2650.0,0.7023,March,Saturday,23,Local,0
1710018000,2024-03-10 00:00:00,2024-03-10,00:00:00,6625,0,0,0,1,0,227.6,227.6,1650.0,0.4695,March,Sunday,0,Local,0
1710018900,2024-03-10 00:15:00,2024-03-10,00:15:00,6626,0,0,0,1,0,225.4,226.1,150.0,0.1,March,Sunday,0,Local,0
1710019800,2024-03-10 00:30:00,2024-03-10,00:30:00,6627,0,0,0,1,0,232.6,229.8,150.0,0.1,March,Sunday,0,Local,0
1710020700,2024-03-10 00:45:00,2024-03-10,00:45:00,6628,0,0,0,0,0,222.4,223.9,0.0,0.1,March,Sunday,0,Local,0
1710021600,2024-03-10 01:00:00,2024-03-10,01:00:00,6629,0,0,0,1,0,226.2,223.6,150.0,0.1,March,Sunday,1,Local,0
1710022500,2024-03-10 01:15:00,2024-03-10,01:15:00,6630,0,0,0,1,0,228.9,227.5,150.0,0.1,March,Sunday,1,Local,0
1710023400,2024-03-10 01:30:00,2024-03-10,01:30:00,6631,0,0,0,1,0,228.2,226.4,150.0,0.1,March,Sunday,1,Local,0
1710024300,2024-03-10 01:45:00,2024-03-10,01:45:00,6632,0,0,0,0,0,232.3,233.2,0.0,0.1,March,Sunday,1,Local,0
1710025200,2024-03-10 02:00:00,2024-03-10,02:00:00,6633,1,0,0,1,0,226.5,225.3,800.0,0.2194,March,Sunday,2,Local,0
1710026100,2024-03-10 02:15:00,2024-03-10,02:15:00,6634,0,0,0,1,0,229.0,229.7,150.0,0.1,March,Sunday,2,Local,0
1710027000,2024-03-10 02:30:00,2024-03-10,02:30:00,6635,0,0,0,0,0,230.0,228.3,0.0,0.1,March,Sunday,2,Local,0
1710027900,2024-03-10 02:45:00,2024-03-10,02:45:00,6636,0,0,0,0,0,231.2,231.7,0.0,0.1,March,Sunday,2,Local,0
1710028800,2024-03-10 03:00:00,2024-03-10,03:00:00,6637,0,0,0,0,0,235.8,237.1,0.0,0.1,March,Sunday,3,Local,0
1710029700,2024-03-10 03:15:00,2024-03-10,03:15:00,6638,0,0,0,1,0,227.0,229.0,150.0,0.1,March,Sunday,3,Local,0
1710030600,2024-03-10 03:30:00,2024-03-10,03:30:00,6639,0,0,0,1,0,232.4,236.7,150.0,0.1,March,Sunday,3,Local,0
1710031500,2024-03-10 03:45:00,2024-03-10,03:45:00,6640,0,0,0,0,0,226.6,225.6,0.0,0.1,March,Sunday,3,Local,0
1710032400,2024-03-10 04:00:00,2024-03-10,04:00:00,6641,0,0,0,1,0,230.3,229.8,150.0,0.1,March,Sunday,4,Local,0
1710033300,2024-03-10 04:15:00,2024-03-10,04:15:00,6642,0,0,0,1,0,228.1,226.8,150.0,0.1,March,Sunday,4,Local,0
1710034200,2024-03-10 04:30:00,2024-03-10,04:30:00,6643,0,0,0,1,0,231.3,231.2,150.0,0.1,March,Sunday,4,Local,0
1710035100,2024-03-10 04:45:00,2024-03-10,04:45:00,6644,0,0,0,0,0,229.8,231.6,800.0,0.2017,March,Sunday,4,Local,0
1710036000,2024-03-10 05:00:00,2024-03-10,05:00:00,6645,0,0,0,1,0,230.6,228.2,150.0,0.1,March,Sunday,5,Local,0
1710036900,2024-03-10 05:15:00,2024-03-10,05:15:00,6646,0,0,0,0,0,228.7,229.8,0.0,0.1,March,Sunday,5,Local,0
1710037800,2024-03-10 05:30:00,2024-03-10,05:30:00,6647,0,0,0,1,0,229.7,230.4,2150.0,0.5943,March,Sunday,5,Local,0
1710038700,2024-03-10 05:45:00,2024-03-10,05:45:00,6648,0,0,0,0,0,233.0,233.9,0.0,0.1,March,Sunday,5,Local,0
1710039600,2024-03-10 06:00:00,2024-03-10,06:00:00,6649,0,0,0,1,0,229.9,227.8,150.0,0.1,March,Sunday,6,Local,0
1710040500,2024-03-10 06:15:00,2024-03-10,06:15:00,6650,0,0,1,0,0,232.1,231.4,3000.0,0.8095,March,Sunday,6,Local,0
1710041400,2024-03-10 06:30:00,2024-03-10,06:30:00,6651,0,0,0,1,0,233.1,236.1,150.0,0.1,March,Sunday,6,Local,0
1710042300,2024-03-10 06:45:00,2024-03-10,06:45:00,6652,0,0,0,0,0,234.3,232.4,0.0,0.1,March,Sunday,6,Local,0
1710043200,2024-03-10 07:00:00,2024-03-10,07:00:00,6653,0,0,0,1,0,223.2,223.1,150.0,0.1,March,Sunday,7,Local,0
1710044100,2024-03-10 07:15:00,2024-03-10,07:15:00,6654,0,0,0,1,0,225.6,225.1,150.0,0.1,March,Sunday,7,Local,0
1710045000,2024-03-10 07:30:00,2024-03-10,07:30:00,6655,0,0,0,1,1,228.5,226.6,1350.0,0.2892,March,Sunday,7,Local,0
1710045900,2024-03-10 07:45:00,2024-03-10,07:45:00,6656,0,0,0,1,0,235.4,234.5,150.0,0.1,March,Sunday,7,Local,0
1710046800,2024-03-10 08:00:00,2024-03-10,08:00:00,6657,0,0,1,1,0,230.6,228.5,3150.0,0.8499,March,Sunday,8,Local,0
1710047700,2024-03-10 08:15:00,2024-03-10,08:15:00,6658,0,0,0,1,0,230.4,231.6,150.0,0.1,March,Sunday,8,Local,0
1710048600,2024-03-10 08:30:00,2024-03-10,08:30:00,6659,0,0,0,1,0,227.0,228.5,150.0,0.1,March,Sunday,8,Local,0
1710049500,2024-03-10 08:45:00,2024-03-10,08:45:00,6660,0,0,0,0,0,227.3,228.1,0.0,0.1,March,Sunday,8,Local,0
1710050400,2024-03-10 09:00:00,2024-03-10,09:00:00,6661,0,1,0,1,0,229.2,226.9,2650.0,0.6238,March,Sunday,9,Local,0
1710051300,2024-03-10 09:15:00,2024-03-10,09:15:00,6662,0,0,0,1,0,229.9,229.7,150.0,0.1,March,Sunday,9,Local,0
1710052200,2024-03-10 09:30:00,2024-03-10,09:30:00,6663,0,0,0,1,0,226.8,229.1,150.0,0.1,March,Sunday,9,Local,0
1710053100,2024-03-10 09:45:00,2024-03-10,09:45:00,6664,0,0,0,1,0,226.7,226.3,150.0,0.1,March,Sunday,9,Local,0
1710054000,2024-03-10 10:00:00,2024-03-10,10:00:00,6665,0,0,0,1,0,227.0,228.6,150.0,0.1,March,Sunday,10,Local,0
1710054900,2024-03-10 10:15:00,2024-03-10,10:15:00,6666,0,0,0,1,0,233.1,231.7,150.0,0.1,March,Sunday,10,Local,0
1710055800,2024-03-10 10:30:00,2024-03-10,10:30:00,6667,0,0,0,1,0,228.9,229.5,150.0,0.1,March,Sunday,10,Local,0
1710056700,2024-03-10 10:45:00,2024-03-10,10:45:00,6668,0,0,0,0,0,230.0,227.1,0.0,0.1,March,Sunday,10,Local,0
1710057600,2024-03-10 11:00:00,2024-03-10,11:00:00,6669,0,0,0,1,0,226.1,225.4,150.0,0.1,March,Sunday,11,Local,0
1710058500,2024-03-10 11:15:00,2024-03-10,11:15:00,6670,1,0,0,1,0,229.5,230.1,300.0,0.1,March,Sunday,11,Local,0
1710059400,2024-03-10 11:30:00,2024-03-10,11:30:00,6671,0,0,0,1,1,228.6,225.6,1350.0,0.3507,March,Sunday,11,Local,0
1710060300,2024-03-10 11:45:00,2024-03-10,11:45:00,6672,0,1,0,0,0,229.7,231.0,2500.0,0.736,March,Sunday,11,Local,0
1710061200,2024-03-10 12:00:00,2024-03-10,12:00:00,6673,0,0,0,1,0,230.7,231.3,150.0,0.1,March,Sunday,12,Local,0
1710062100,2024-03-10 12:15:00,2024-03-10,12:15:00,6674,0,0,0,0,0,234.5,233.9,0.0,0.1,March,Sunday,12,Local,0
1710063000,2024-03-10 12:30:00,2024-03-10,12:30:00,6675,0,0,1,1,0,226.6,228.0,3150.0,0.8029,March,Sunday,12,Local,0
1710063900,2024-03-10 12:45:00,2024-03-10,12:45:00,6676,0,0,0,0,0,228.0,229.0,0.0,0.1,March,Sunday,12,Local,0
1710064800,2024-03-10 13:00:00,2024-03-10,13:00:00,6677,0,0,0,1,0,228.6,230.2,150.0,0.1,March,Sunday,13,Local,0
1710065700,2024-03-10 13:15:00,2024-03-10,13:15:00,6678,0,1,0,1,0,229.8,229.0,2650.0,0.7417,March,Sunday,13,Local,0
1710066600,2024-03-10 13:30:00,2024-03-10,13:30:00,6679,0,0,0,1,0,228.8,226.5,150.0,0.1,March,Sunday,13,Local,0
1710067500,2024-03-10 13:45:00,2024-03-10,13:45:00,6680,0,0,0,1,0,230.5,233.9,150.0,0.1,March,Sunday,13,Local,0
1710068400,2024-03-10 14:00:00,2024-03-10,14:00:00,6681,0,0,0,1,0,233.5,234.0,150.0,0.1,March,Sunday,14,Local,0
1710069300,2024-03-10 14:15:00,2024-03-10,14:15:00,6682,0,0,0,1,0,225.4,224.3,150.0,0.1,March,Sunday,14,Local,0
1710070200,2024-03-10 14:30:00,2024-03-10,14:30:00,6683,0,0,0,1,0,229.0,226.7,150.0,0.1,March,Sunday,14,Local,0
1710071100,2024-03-10 14:45:00,2024-03-10,14:45:00,6684,0,0,0,0,0,224.6,223.7,1000.0,0.2134,March,Sunday,14,Local,0
1710072000,2024-03-10 15:00:00,2024-03-10,15:00:00,6685,0,1,0,0,0,231.3,230.4,2500.0,0.6197,March,Sunday,15,Local,0
1710072900,2024-03-10 15:15:00,2024-03-10,15:15:00,6686,0,0,0,1,0,231.3,231.4,150.0,0.1,March,Sunday,15,Local,0
1710073800,2024-03-10 15:30:00,2024-03-10,15:30:00,6687,0,0,1,1,1,233.4,230.9,4350.0,0.9484,March,Sunday,15,Local,0
1710074700,2024-03-10 15:45:00,2024-03-10,15:45:00,6688,0,0,0,0,0,231.4,230.1,0.0,0.1,March,Sunday,15,Local,0
1710075600,2024-03-10 16:00:00,2024-03-10,16:00:00,6689,0,0,0,1,0,224.1,227.1,150.0,0.1,March,Sunday,16,Local,0
1710076500,2024-03-10 16:15:00,2024-03-10,16:15:00,6690,0,0,0,1,0,225.4,224.7,150.0,0.1,March,Sunday,16,Local,0
1710077400,2024-03-10 16:30:00,2024-03-10,16:30:00,6691,0,0,0,1,0,229.5,228.5,150.0,0.1,March,Sunday,16,Local,0
1710078300,2024-03-10 16:45:00,2024-03-10,16:45:00,6692,1,0,0,0,0,225.0,225.6,150.0,0.1,March,Sunday,16,Local,0
1710079200,2024-03-10 17:00:00,2024-03-10,17:00:00,6693,1,1,0,1,0,231.4,229.3,2800.0,0.6796,March,Sunday,17,Local,0
1710080100,2024-03-10 17:15:00,2024-03-10,17:15:00,6694,1,0,0,1,0,232.1,233.0,300.0,0.1,March,Sunday,17,Local,0
1710081000,2024-03-10 17:30:00,2024-03-10,17:30:00,6695,1,0,0,1,0,234.8,231.3,300.0,0.1,March,Sunday,17,Local,0
1710081900,2024-03-10 17:45:00,2024-03-10,17:45:00,6696,1,0,0,0,0,229.4,227.6,150.0,0.1,March,Sunday,17,Local,0
1710082800,2024-03-10 18:00:00,2024-03-10,18:00:00,6697,0,0,1,1,0,235.4,231.9,3150.0,0.5434,March,Sunday,18,Local,0
1710083700,2024-03-10 18:15:00,2024-03-10,18:15:00,6698,1,0,1,0,0,230.0,231.7,3150.0,0.7412,March,Sunday,18,Local,0
1710084600,2024-03-10 18:30:00,2024-03-10,18:30:00,6699,0,1,0,1,0,230.2,228.7,2650.0,0.5454,March,Sunday,18,Local,0
1710085500,2024-03-10 18:45:00,2024-03-10,18:45:00,6700,1,0,1,0,1,227.7,226.6,4350.0,1.0764,March,Sunday,18,Local,0
1710086400,2024-03-10 19:00:00,2024-03-10,19:00:00,6701,1,1,1,1,0,229.2,228.7,5800.0,1.3689,March,Sunday,19,Local,0
1710087300,2024-03-10 19:15:00,2024-03-10,19:15:00,6702,1,1,1,1,0,231.1,227.5,5800.0,1.5214,March,Sunday,19,Local,0
1710088200,2024-03-10 19:30:00,2024-03-10,19:30:00,6703,1,0,0,1,0,226.6,223.6,300.0,0.1,March,Sunday,19,Local,0
1710089100,2024-03-10 19:45:00,2024-03-10,19:45:00,6704,1,1,0,0,1,233.1,237.2,3850.0,0.9246,March,Sunday,19,Local,0
1710090000,2024-03-10 20:00:00,2024-03-10,20:00:00,6705,1,0,0,1,1,228.0,231.7,1500.0,0.42,March,Sunday,20,Local,0
1710090900,2024-03-10 20:15:00,2024-03-10,20:15:00,6706,1,0,0,1,0,227.7,227.8,300.0,0.1,March,Sunday,20,Local,0
1710091800,2024-03-10 20:30:00,2024-03-10,20:30:00,6707,1,0,1,1,0,222.5,223.9,3300.0,0.8658,March,Sunday,20,Local,0
1710092700,2024-03-10 20:45:00,2024-03-10,20:45:00,6708,1,0,1,0,0,229.2,230.5,3150.0,0.8743,March,Sunday,20,Local,0
1710093600,2024-03-10 21:00:00,2024-03-10,21:00:00,6709,1,0,0,1,1,226.4,229.0,1500.0,0.4126,March,Sunday,21,Local,0
1710094500,2024-03-10 21:15:00,2024-03-10,21:15:00,6710,1,0,0,1,0,231.4,226.9,300.0,0.1,March,Sunday,21,Local,0
1710095400,2024-03-10 21:30:00,2024-03-10,21:30:00,6711,1,0,0,1,0,231.7,231.1,300.0,0.1,March,Sunday,21,Local,0
1710096300,2024-03-10 21:45:00,2024-03-10,21:45:00,6712,1,0,0,0,0,234.6,239.7,150.0,0.1,March,Sunday,21,Local,0
1710097200,2024-03-10 22:00:00,2024-03-10,22:00:00,6713,1,0,0,1,1,230.2,225.9,1500.0,0.3632,March,Sunday,22,Local,0
1710098100,2024-03-10 22:15:00,2024-03-10,22:15:00,6714,1,0,0,1,0,229.1,233.7,300.0,0.1,March,Sunday,22,Local,0
1710099000,2024-03-10 22:30:00,2024-03-10,22:30:00,6715,0,0,0,1,0,226.3,230.8,150.0,0.1,March,Sunday,22,Local,0
1710099900,2024-03-10 22:45:00,2024-03-10,22:45:00,6716,1,0,0,0,0,226.0,224.1,150.0,0.2524,March,Sunday,22,Local,1
1710100800,2024-03-10 23:00:00,2024-03-10,23:00:00,6717,0,0,0,1,0,228.1,231.1,150.0,0.1,March,Sunday,23,Local,0
1710101700,2024-03-10 23:15:00,2024-03-10,23:15:00,6718,0,0,0,1,0,234.2,233.2,150.0,0.1,March,Sunday,23,Local,0
1710102600,2024-03-10 23:30:00,2024-03-10,23:30:00,6719,0,0,0,1,0,229.2,231.6,150.0,0.2544,March,Sunday,23,Local,1
1710103500,2024-03-10 23:45:00,2024-03-10,23:45:00,6720,1,0,0,0,0,229.3,227.4,150.0,0.1,March,Sunday,23,Local,0
1710104400,2024-03-11 00:00:00,2024-03-11,00:00:00,6721,0,0,0,1,0,233.5,234.1,650.0,0.1702,March,Monday,0,Local,0
1710105300,2024-03-11 00:15:00,2024-03-11,00:15:00,6722,0,0,0,1,0,229.3,230.1,150.0,0.1,March,Monday,0,Local,0
1710106200,2024-03-11 00:30:00,2024-03-11,00:30:00,6723,0,0,0,1,0,224.9,221.1,150.0,0.1,March,Monday,0,Local,0
1710107100,2024-03-11 00:45:00,2024-03-11,00:45:00,6724,0,0,0,0,0,231.1,231.2,0.0,0.1,March,Monday,0,Local,0
1710108000,2024-03-11 01:00:00,2024-03-11,01:00:00,6725,0,0,0,1,0,228.4,226.2,150.0,0.1,March,Monday,1,Local,0
1710108900,2024-03-11 01:15:00,2024-03-11,01:15:00,6726,0,0,0,1,0,229.6,230.4,150.0,0.1,March,Monday,1,Local,0
1710109800,2024-03-11 01:30:00,2024-03-11,01:30:00,6727,0,0,0,1,0,230.4,233.2,150.0,0.1,March,Monday,1,Local,0
1710110700,2024-03-11 01:45:00,2024-03-11,01:45:00,6728,0,0,0,1,0,230.5,233.8,150.0,0.1,March,Monday,1,Local,0
1710111600,2024-03-11 02:00:00,2024-03-11,02:00:00,6729,0,0,0,1,0,234.3,238.0,150.0,0.1,March,Monday,2,Local,0
1710112500,2024-03-11 02:15:00,2024-03-11,02:15:00,6730,1,0,0,1,0,229.2,229.0,1100.0,0.2907,March,Monday,2,Local,0
1710113400,2024-03-11 02:30:00,2024-03-11,02:30:00,6731,0,0,0,1,0,230.0,229.8,150.0,0.1,March,Monday,2,Local,0
1710114300,2024-03-11 02:45:00,2024-03-11,02:45:00,6732,0,0,0,0,0,229.5,228.7,0.0,0.1,March,Monday,2,Local,0
1710115200,2024-03-11 03:00:00,2024-03-11,03:00:00,6733,0,0,0,1,0,229.7,231.0,150.0,0.1,March,Monday,3,Local,0
1710116100,2024-03-11 03:15:00,2024-03-11,03:15:00,6734,0,0,0,1,0,228.1,229.6,150.0,0.1,March,Monday,3,Local,0
1710117000,2024-03-11 03:30:00,2024-03-11,03:30:00,6735,0,0,0,1,0,224.3,222.5,150.0,0.1,March,Monday,3,Local,0
1710117900,2024-03-11 03:45:00,2024-03-11,03:45:00,6736,0,0,0,0,0,235.8,240.8,0.0,0.1,March,Monday,3,Local,0
1710118800,2024-03-11 04:00:00,2024-03-11,04:00:00,6737,0,0,0,1,0,232.8,237.2,150.0,0.1,March,Monday,4,Local,0
1710119700,2024-03-11 04:15:00,2024-03-11,04:15:00,6738,0,0,0,1,0,231.9,232.2,150.0,0.1,March,Monday,4,Local,0
1710120600,2024-03-11 04:30:00,2024-03-11,04:30:00,6739,0,0,0,1,0,224.8,225.3,150.0,0.1,March,Monday,4,Local,0
1710121500,2024-03-11 04:45:00,2024-03-11,04:45:00,6740,0,0,0,1,0,226.0,227.5,150.0,0.1,March,Monday,4,Local,0
1710122400,2024-03-11 05:00:00,2024-03-11,05:00:00,6741,0,0,0,1,0,228.4,229.4,150.0,0.1,March,Monday,5,Local,0
1710123300,2024-03-11 05:15:00,2024-03-11,05:15:00,6742,0,0,0,1,0,237.9,240.2,150.0,0.1,March,Monday,5,Local,0
1710124200,2024-03-11 05:30:00,2024-03-11,05:30:00,6743,0,0,0,0,0,232.2,232.5,0.0,0.1,March,Monday,5,Local,0
1710125100,2024-03-11 05:45:00,2024-03-11,05:45:00,6744,0,0,0,0,0,235.5,236.5,0.0,0.1,March,Monday,5,Local,0
1710126000,2024-03-11 06:00:00,2024-03-11,06:00:00,6745,0,0,0,1,0,229.5,227.7,150.0,0.1,March,Monday,6,Local,0
1710126900,2024-03-11 06:15:00,2024-03-11,06:15:00,6746,0,0,0,1,0,235.3,232.6,150.0,0.1,March,Monday,6,Local,0
1710127800,2024-03-11 06:30:00,2024-03-11,06:30:00,6747,0,0,0,1,0,229.5,229.5,150.0,0.1,March,Monday,6,Local,0
1710128700,2024-03-11 06:45:00,2024-03-11,06:45:00,6748,0,0,0,0,0,228.2,224.8,0.0,0.1,March,Monday,6,Local,0
1710129600,2024-03-11 07:00:00,2024-03-11,07:00:00,6749,0,0,0,1,0,229.3,230.6,150.0,0.1,March,Monday,7,Local,0
1710130500,2024-03-11 07:15:00,2024-03-11,07:15:00,6750,0,0,1,1,0,233.3,231.8,3150.0,0.739,March,Monday,7,Local,0
1710131400,2024-03-11 07:30:00,2024-03-11,07:30:00,6751,0,0,0,1,0,225.3,223.5,150.0,0.1,March,Monday,7,Local,0
1710132300,2024-03-11 07:45:00,2024-03-11,07:45:00,6752,0,0,0,0,0,232.9,232.7,0.0,0.1,March,Monday,7,Local,0
1710133200,2024-03-11 08:00:00,2024-03-11,08:00:00,6753,0,1,0,1,0,227.4,227.6,2650.0,0.7382,March,Monday,8,Local,0
1710134100,2024-03-11 08:15:00,2024-03-11,08:15:00,6754,0,0,0,1,0,230.7,228.6,150.0,0.1,March,Monday,8,Local,0
1710135000,2024-03-11 08:30:00,2024-03-11,08:30:00,6755,0,0,0,1,0,230.0,231.9,150.0,0.1,March,Monday,8,Local,0
1710135900,2024-03-11 08:45:00,2024-03-11,08:45:00,6756,0,0,0,0,0,231.9,231.9,0.0,0.1,March,Monday,8,Local,0
1710136800,2024-03-11 09:00:00,2024-03-11,09:00:00,6757,0,0,0,0,0,228.8,225.9,0.0,0.1,March,Monday,9,Local,0
1710137700,2024-03-11 09:15:00,2024-03-11,09:15:00,6758,0,0,0,1,0,225.5,224.8,150.0,0.1,March,Monday,9,Local,0
1710138600,2024-03-11 09:30:00,2024-03-11,09:30:00,6759,0,0,0,1,0,231.1,228.6,150.0,0.1,March,Monday,9,Local,0
1710139500,2024-03-11 09:45:00,2024-03-11,09:45:00,6760,0,0,0,0,0,231.2,232.7,0.0,0.1,March,Monday,9,Local,0
1710140400,2024-03-11 10:00:00,2024-03-11,10:00:00,6761,0,0,0,1,0,228.2,231.1,150.0,0.1,March,Monday,10,Local,0
1710141300,2024-03-11 10:15:00,2024-03-11,10:15:00,6762,0,0,0,1,0,234.6,233.7,150.0,0.1,March,Monday,10,Local,0
1710142200,2024-03-11 10:30:00,2024-03-11,10:30:00,6763,0,0,0,1,0,231.7,231.2,150.0,0.1,March,Monday,10,Local,0
1710143100,2024-03-11 10:45:00,2024-03-11,10:45:00,6764,0,1,0,0,0,229.2,233.8,2500.0,0.5211,March,Monday,10,Local,0
1710144000,2024-03-11 11:00:00,2024-03-11,11:00:00,6765,0,0,0,1,0,227.5,230.1,150.0,0.1,March,Monday,11,Local,0
1710144900,2024-03-11 11:15:00,2024-03-11,11:15:00,6766,0,0,0,1,0,233.5,234.2,150.0,0.1,March,Monday,11,Local,0
1710145800,2024-03-11 11:30:00,2024-03-11,11:30:00,6767,0,1,0,1,0,228.0,223.6,2650.0,0.5905,March,Monday,11,Local,0
1710146700,2024-03-11 11:45:00,2024-03-11,11:45:00,6768,0,0,0,0,0,234.0,233.9,0.0,0.1,March,Monday,11,Local,0
1710147600,2024-03-11 12:00:00,2024-03-11,12:00:00,6769,0,1,1,1,0,227.0,226.9,5650.0,1.5489,March,Monday,12,Local,0
1710148500,2024-03-11 12:15:00,2024-03-11,12:15:00,6770,0,0,0,1,0,234.5,230.8,150.0,0.1,March,Monday,12,Local,0
1710149400,2024-03-11 12:30:00,2024-03-11,12:30:00,6771,0,0,0,1,0,230.5,234.8,150.0,0.1,March,Monday,12,Local,0
1710150300,2024-03-11 12:45:00,2024-03-11,12:45:00,6772,0,1,0,0,0,232.3,232.4,2500.0,0.5775,March,Monday,12,Local,0
1710151200,2024-03-11 13:00:00,2024-03-11,13:00:00,6773,0,0,0,1,0,231.1,231.9,1650.0,0.391,March,Monday,13,Local,0
1710152100,2024-03-11 13:15:00,2024-03-11,13:15:00,6774,0,0,1,0,0,224.5,223.3,3000.0,0.5877,March,Monday,13,Local,0
1710153000,2024-03-11 13:30:00,2024-03-11,13:30:00,6775,0,0,0,1,1,230.5,232.7,1350.0,0.3804,March,Monday,13,Local,0
1710153900,2024-03-11 13:45:00,2024-03-11,13:45:00,6776,0,0,0,0,0,226.2,225.5,500.0,0.1378,March,Monday,13,Local,0
1710154800,2024-03-11 14:00:00,2024-03-11,14:00:00,6777,0,0,0,1,0,228.4,227.7,150.0,0.1,March,Monday,14,Local,0
1710155700,2024-03-11 14:15:00,2024-03-11,14:15:00,6778,0,0,0,0,0,226.6,227.3,0.0,0.1,March,Monday,14,Local,0
1710156600,2024-03-11 14:30:00,2024-03-11,14:30:00,6779,0,0,0,1,0,225.3,226.4,150.0,0.1,March,Monday,14,Local,0
1710157500,2024-03-11 14:45:00,2024-03-11,14:45:00,6780,0,0,1,1,0,230.2,227.7,3150.0,0.8118,March,Monday,14,Local,0
1710158400,2024-03-11 15:00:00,2024-03-11,15:00:00,6781,0,0,0,1,0,228.8,228.2,150.0,0.1,March,Monday,15,Local,0
1710159300,2024-03-11 15:15:00,2024-03-11,15:15:00,6782,0,0,0,1,0,232.5,230.2,150.0,0.1,March,Monday,15,Local,0
1710160200,2024-03-11 15:30:00,2024-03-11,15:30:00,6783,1,0,0,1,0,227.9,223.6,300.0,0.1,March,Monday,15,Local,0
1710161100,2024-03-11 15:45:00,2024-03-11,15:45:00,6784,0,0,0,0,0,230.2,228.9,0.0,0.1,March,Monday,15,Local,0
1710162000,2024-03-11 16:00:00,2024-03-11,16:00:00,6785,1,0,0,1,0,224.5,227.0,300.0,0.1,March,Monday,16,Local,0
1710162900,2024-03-11 16:15:00,2024-03-11,16:15:00,6786,0,1,0,1,0,229.3,228.9,2650.0,0.6827,March,Monday,16,Local,0
1710163800,2024-03-11 16:30:00,2024-03-11,16:30:00,6787,0,0,0,0,0,229.8,228.2,0.0,0.1,March,Monday,16,Local,0
1710164700,2024-03-11 16:45:00,2024-03-11,16:45:00,6788,1,0,0,0,1,225.2,222.4,1350.0,0.3071,March,Monday,16,Local,0
1710165600,2024-03-11 17:00:00,2024-03-11,17:00:00,6789,1,0,0,1,1,232.6,231.6,1500.0,0.4072,March,Monday,17,Local,0
1710166500,2024-03-11 17:15:00,2024-03-11,17:15:00,6790,0,0,0,1,0,234.0,235.1,150.0,0.1,March,Monday,17,Local,0
1710167400,2024-03-11 17:30:00,2024-03-11,17:30:00,6791,0,1,0,1,1,232.4,234.4,3850.0,0.7884,March,Monday,17,Local,0
1710168300,2024-03-11 17:45:00,2024-03-11,17:45:00,6792,0,0,1,0,1,229.8,230.3,4200.0,0.9327,March,Monday,17,Local,0
1710169200,2024-03-11 18:00:00,2024-03-11,18:00:00,6793,0,0,1,1,0,228.9,225.3,3150.0,0.8236,March,Monday,18,Local,0
1710170100,2024-03-11 18:15:00,2024-03-11,18:15:00,6794,1,0,1,1,0,231.4,232.5,3300.0,0.7617,March,Monday,18,Local,0
1710171000,2024-03-11 18:30:00,2024-03-11,18:30:00,6795,1,0,1,1,0,233.5,234.4,3300.0,0.7379,March,Monday,18,Local,0
1710171900,2024-03-11 18:45:00,2024-03-11,18:45:00,6796,1,0,1,0,0,233.9,233.4,3150.0,0.7288,March,Monday,18,Local,0
1710172800,2024-03-11 19:00:00,2024-03-11,19:00:00,6797,1,1,0,1,1,231.7,234.3,4000.0,0.9171,March,Monday,19,Local,0
1710173700,2024-03-11 19:15:00,2024-03-11,19:15:00,6798,1,1,0,0,0,227.6,231.1,2650.0,0.5875,March,Monday,19,Local,0
1710174600,2024-03-11 19:30:00,2024-03-11,19:30:00,6799,1,1,1,1,0,231.0,228.6,5800.0,1.2777,March,Monday,19,Local,0
1710175500,2024-03-11 19:45:00,2024-03-11,19:45:00,6800,0,0,0,0,0,231.6,232.9,0.0,0.1,March,Monday,19,Local,0
1710176400,2024-03-11 20:00:00,2024-03-11,20:00:00,6801,1,0,0,1,0,226.6,227.9,300.0,0.1,March,Monday,20,Local,0
1710177300,2024-03-11 20:15:00,2024-03-11,20:15:00,6802,1,0,0,0,0,231.2,229.9,150.0,0.1,March,Monday,20,Local,0
1710178200,2024-03-11 20:30:00,2024-03-11,20:30:00,6803,1,0,0,1,0,232.1,233.4,300.0,0.1,March,Monday,20,Local,0
1710179100,2024-03-11 20:45:00,2024-03-11,20:45:00,6804,1,1,0,0,0,227.2,226.6,2650.0,0.7475,March,Monday,20,Local,0
1710180000,2024-03-11 21:00:00,2024-03-11,21:00:00,6805,0,0,0,1,0,225.8,228.3,150.0,0.1,March,Monday,21,Local,0
1710180900,2024-03-11 21:15:00,2024-03-11,21:15:00,6806,1,0,0,1,0,225.1,221.6,300.0,0.1,March,Monday,21,Local,0
1710181800,2024-03-11 21:30:00,2024-03-11,21:30:00,6807,1,0,0,1,0,227.9,227.2,300.0,0.1,March,Monday,21,Local,0
1710182700,2024-03-11 21:45:00,2024-03-11,21:45:00,6808,1,0,0,0,1,220.4,219.8,1350.0,0.3494,March,Monday,21,Local,0
1710183600,2024-03-11 22:00:00,2024-03-11,22:00:00,6809,0,0,0,1,0,231.4,230.7,150.0,0.1,March,Monday,22,Local,0
1710184500,2024-03-11 22:15:00,2024-03-11,22:15:00,6810,1,0,0,1,0,227.4,228.5,300.0,0.1,March,Monday,22,Local,0
1710185400,2024-03-11 22:30:00,2024-03-11,22:30:00,6811,0,0,0,1,0,227.5,226.0,150.0,0.1,March,Monday,22,Local,0
1710186300,2024-03-11 22:45:00,2024-03-11,22:45:00,6812,1,0,0,0,0,229.3,226.9,150.0,0.1,March,Monday,22,Local,0
1710187200,2024-03-11 23:00:00,2024-03-11,23:00:00,6813,1,0,0,1,0,229.9,230.9,300.0,0.1,March,Monday,23,Local,0
1710188100,2024-03-11 23:15:00,2024-03-11,23:15:00,6814,0,0,0,1,0,231.7,232.7,150.0,0.1,March,Monday,23,Local,0
1710189000,2024-03-11 23:30:00,2024-03-11,23:30:00,6815,1,0,0,1,0,230.1,230.5,300.0,0.1,March,Monday,23,Local,0
1710189900,2024-03-11 23:45:00,2024-03-11,23:45:00,6816,0,0,1,0,0,230.4,228.2,3000.0,0.8582,March,Monday,23,Local,0
1710190800,2024-03-12 00:00:00,2024-03-12,00:00:00,6817,0,0,0,1,0,230.1,228.7,150.0,0.1,March,Tuesday,0,Local,0
1710191700,2024-03-12 00:15:00,2024-03-12,00:15:00,6818,0,0,0,1,0,227.7,227.3,150.0,0.1,March,Tuesday,0,Local,0
1710192600,2024-03-12 00:30:00,2024-03-12,00:30:00,6819,0,0,0,1,0,230.2,228.3,150.0,0.1,March,Tuesday,0,Local,0
1710193500,2024-03-12 00:45:00,2024-03-12,00:45:00,6820,0,0,0,0,0,231.9,229.7,0.0,0.1,March,Tuesday,0,Local,0
1710194400,2024-03-12 01:00:00,2024-03-12,01:00:00,6821,0,0,0,1,0,229.5,226.8,150.0,0.1,March,Tuesday,1,Local,0
1710195300,2024-03-12 01:15:00,2024-03-12,01:15:00,6822,0,0,0,1,0,224.8,223.5,150.0,0.1,March,Tuesday,1,Local,0
1710196200,2024-03-12 01:30:00,2024-03-12,01:30:00,6823,0,0,0,1,0,229.5,231.8,150.0,0.1,March,Tuesday,1,Local,0
1710197100,2024-03-12 01:45:00,2024-03-12,01:45:00,6824,0,0,0,0,0,225.5,225.0,0.0,0.1,March,Tuesday,1,Local,0
1710198000,2024-03-12 02:00:00,2024-03-12,02:00:00,6825,0,0,0,1,0,229.9,227.0,150.0,0.1,March,Tuesday,2,Local,0
1710198900,2024-03-12 02:15:00,2024-03-12,02:15:00,6826,1,0,0,1,0,231.2,229.9,300.0,0.1,March,Tuesday,2,Local,0
1710199800,2024-03-12 02:30:00,2024-03-12,02:30:00,6827,0,0,0,1,0,227.9,227.6,150.0,0.1,March,Tuesday,2,Local,0
1710200700,2024-03-12 02:45:00,2024-03-12,02:45:00,6828,0,0,0,0,0,230.5,231.1,1500.0,0.3489,March,Tuesday,2,Local,0
1710201600,2024-03-12 03:00:00,2024-03-12,03:00:00,6829,0,0,0,1,0,228.5,230.0,150.0,0.1,March,Tuesday,3,Local,0
1710202500,2024-03-12 03:15:00,2024-03-12,03:15:00,6830,0,0,0,0,0,230.2,230.9,0.0,0.1,March,Tuesday,3,Local,0
1710203400,2024-03-12 03:30:00,2024-03-12,03:30:00,6831,0,0,0,1,0,225.0,224.2,150.0,0.1,March,Tuesday,3,Local,0
1710204300,2024-03-12 03:45:00,2024-03-12,03:45:00,6832,0,0,0,0,0,224.9,223.7,0.0,0.1,March,Tuesday,3,Local,0
1710205200,2024-03-12 04:00:00,2024-03-12,04:00:00,6833,0,0,0,1,0,226.0,226.8,150.0,0.1,March,Tuesday,4,Local,0
1710206100,2024-03-12 04:15:00,2024-03-12,04:15:00,6834,0,0,0,1,0,232.5,233.8,150.0,0.1,March,Tuesday,4,Local,0
1710207000,2024-03-12 04:30:00,2024-03-12,04:30:00,6835,0,0,0,1,0,228.9,230.7,150.0,0.1,March,Tuesday,4,Local,0
1710207900,2024-03-12 04:45:00,2024-03-12,04:45:00,6836,0,0,0,0,0,225.9,227.4,0.0,0.2954,March,Tuesday,4,Local,1
1710208800,2024-03-12 05:00:00,2024-03-12,05:00:00,6837,0,0,0,1,0,223.8,222.0,150.0,0.1,March,Tuesday,5,Local,0
1710209700,2024-03-12 05:15:00,2024-03-12,05:15:00,6838,0,0,0,1,0,229.8,231.6,150.0,0.1,March,Tuesday,5,Local,0
1710210600,2024-03-12 05:30:00,2024-03-12,05:30:00,6839,0,0,0,1,0,228.5,227.1,150.0,0.1,March,Tuesday,5,Local,0
1710211500,2024-03-12 05:45:00,2024-03-12,05:45:00,6840,0,0,0,0,0,235.7,238.8,0.0,0.1,March,Tuesday,5,Local,0
1710212400,2024-03-12 06:00:00,2024-03-12,06:00:00,6841,0,0,0,1,0,230.1,232.3,150.0,0.1,March,Tuesday,6,Local,0
1710213300,2024-03-12 06:15:00,2024-03-12,06:15:00,6842,0,0,0,1,0,230.0,229.8,150.0,0.1,March,Tuesday,6,Local,0
1710214200,2024-03-12 06:30:00,2024-03-12,06:30:00,6843,0,0,0,1,0,225.6,225.9,150.0,0.1,March,Tuesday,6,Local,0
1710215100,2024-03-12 06:45:00,2024-03-12,06:45:00,6844,1,0,0,0,0,224.0,224.4,150.0,0.1,March,Tuesday,6,Local,0
1710216000,2024-03-12 07:00:00,2024-03-12,07:00:00,6845,0,0,1,1,1,230.4,229.2,4350.0,0.9353,March,Tuesday,7,Local,0
1710216900,2024-03-12 07:15:00,2024-03-12,07:15:00,6846,0,0,0,1,0,231.2,230.3,150.0,0.1,March,Tuesday,7,Local,0
1710217800,2024-03-12 07:30:00,2024-03-12,07:30:00,6847,0,0,0,1,0,228.1,232.8,150.0,0.1,March,Tuesday,7,Local,0
1710218700,2024-03-12 07:45:00,2024-03-12,07:45:00,6848,0,1,1,0,0,229.5,229.0,5500.0,1.5599,March,Tuesday,7,Local,0
1710219600,2024-03-12 08:00:00,2024-03-12,08:00:00,6849,0,0,0,1,0,223.9,223.6,150.0,0.1,March,Tuesday,8,Local,0
1710220500,2024-03-12 08:15:00,2024-03-12,08:15:00,6850,0,0,0,1,0,229.5,229.2,150.0,0.1,March,Tuesday,8,Local,0
1710221400,2024-03-12 08:30:00,2024-03-12,08:30:00,6851,0,0,0,1,0,233.3,228.5,150.0,0.1,March,Tuesday,8,Local,0
1710222300,2024-03-12 08:45:00,2024-03-12,08:45:00,6852,0,0,0,0,1,232.6,233.3,1200.0,0.32,March,Tuesday,8,Local,0
1710223200,2024-03-12 09:00:00,2024-03-12,09:00:00,6853,0,0,0,0,0,229.4,226.3,0.0,0.1,March,Tuesday,9,Local,0
1710224100,2024-03-12 09:15:00,2024-03-12,09:15:00,6854,0,0,0,1,0,227.5,228.5,150.0,0.1,March,Tuesday,9,Local,0
1710225000,2024-03-12 09:30:00,2024-03-12,09:30:00,6855,0,0,0,1,0,224.1,225.0,150.0,0.1,March,Tuesday,9,Local,0
1710225900,2024-03-12 09:45:00,2024-03-12,09:45:00,6856,0,0,0,0,0,224.4,227.6,0.0,0.1,March,Tuesday,9,Local,0
1710226800,2024-03-12 10:00:00,2024-03-12,10:00:00,6857,0,0,0,1,0,228.7,226.3,150.0,0.1,March,Tuesday,10,Local,0
1710227700,2024-03-12 10:15:00,2024-03-12,10:15:00,6858,0,0,0,1,0,227.0,226.9,150.0,0.1,March,Tuesday,10,Local,0
1710228600,2024-03-12 10:30:00,2024-03-12,10:30:00,6859,0,0,0,1,0,223.7,226.6,650.0,0.1605,March,Tuesday,10,Local,0
1710229500,2024-03-12 10:45:00,2024-03-12,10:45:00,6860,0,0,0,0,0,231.2,229.6,0.0,0.1,March,Tuesday,10,Local,0
1710230400,2024-03-12 11:00:00,2024-03-12,11:00:00,6861,0,0,0,0,0,228.5,229.3,0.0,0.1,March,Tuesday,11,Local,0
1710231300,2024-03-12 11:15:00,2024-03-12,11:15:00,6862,0,1,0,1,0,232.1,229.8,2650.0,0.6616,March,Tuesday,11,Local,0
1710232200,2024-03-12 11:30:00,2024-03-12,11:30:00,6863,0,0,0,1,0,230.8,231.0,150.0,0.1,March,Tuesday,11,Local,0
1710233100,2024-03-12 11:45:00,2024-03-12,11:45:00,6864,0,0,0,1,0,229.9,231.5,150.0,0.1,March,Tuesday,11,Local,0
1710234000,2024-03-12 12:00:00,2024-03-12,12:00:00,6865,1,0,0,1,0,232.6,233.1,300.0,0.1,March,Tuesday,12,Local,0
1710234900,2024-03-12 12:15:00,2024-03-12,12:15:00,6866,0,0,0,1,0,225.7,226.2,150.0,0.1,March,Tuesday,12,Local,0
1710235800,2024-03-12 12:30:00,2024-03-12,12:30:00,6867,0,0,0,1,0,233.4,233.8,150.0,0.1,March,Tuesday,12,Local,0
1710236700,2024-03-12 12:45:00,2024-03-12,12:45:00,6868,0,0,0,0,0,230.4,231.2,0.0,0.1,March,Tuesday,12,Local,0
1710237600,2024-03-12 13:00:00,2024-03-12,13:00:00,6869,0,1,0,1,0,235.0,232.5,2650.0,0.6116,March,Tuesday,13,Local,0
1710238500,2024-03-12 13:15:00,2024-03-12,13:15:00,6870,0,1,0,1,0,229.2,229.2,2650.0,0.6405,March,Tuesday,13,Local,0
1710239400,2024-03-12 13:30:00,2024-03-12,13:30:00,6871,0,0,0,1,0,226.8,227.8,150.0,0.1,March,Tuesday,13,Local,0
1710240300,2024-03-12 13:45:00,2024-03-12,13:45:00,6872,0,1,0,0,0,228.0,224.6,2500.0,0.6688,March,Tuesday,13,Local,0
1710241200,2024-03-12 14:00:00,2024-03-12,14:00:00,6873,0,1,0,1,0,224.4,222.5,2650.0,0.8048,March,Tuesday,14,Local,0
1710242100,2024-03-12 14:15:00,2024-03-12,14:15:00,6874,0,0,0,1,0,226.4,224.8,150.0,0.1,March,Tuesday,14,Local,0
1710243000,2024-03-12 14:30:00,2024-03-12,14:30:00,6875,0,0,0,1,0,227.4,223.9,1150.0,0.25,March,Tuesday,14,Local,0
1710243900,2024-03-12 14:45:00,2024-03-12,14:45:00,6876,1,0,0,0,0,224.7,225.3,150.0,0.1,March,Tuesday,14,Local,0
1710244800,2024-03-12 15:00:00,2024-03-12,15:00:00,6877,0,0,0,1,0,223.6,225.9,150.0,0.1,March,Tuesday,15,Local,0
1710245700,2024-03-12 15:15:00,2024-03-12,15:15:00,6878,0,0,0,1,0,227.1,226.9,150.0,0.1,March,Tuesday,15,Local,0
1710246600,2024-03-12 15:30:00,2024-03-12,15:30:00,6879,1,0,0,1,0,228.3,229.5,300.0,0.1,March,Tuesday,15,Local,0
1710247500,2024-03-12 15:45:00,2024-03-12,15:45:00,6880,0,0,0,0,0,230.1,229.3,0.0,0.1,March,Tuesday,15,Local,0
1710248400,2024-03-12 16:00:00,2024-03-12,16:00:00,6881,0,0,1,1,0,232.6,234.1,3150.0,0.7593,March,Tuesday,16,Local,0
1710249300,2024-03-12 16:15:00,2024-03-12,16:15:00,6882,0,0,0,1,0,227.4,230.1,150.0,0.1,March,Tuesday,16,Local,0
1710250200,2024-03-12 16:30:00,2024-03-12,16:30:00,6883,0,0,0,1,0,230.2,228.7,150.0,0.1,March,Tuesday,16,Local,0
1710251100,2024-03-12 16:45:00,2024-03-12,16:45:00,6884,0,0,0,0,0,233.2,230.6,0.0,0.1,March,Tuesday,16,Local,0
1710252000,2024-03-12 17:00:00,2024-03-12,17:00:00,6885,0,0,1,1,0,231.4,231.6,3150.0,0.7367,March,Tuesday,17,Local,0
1710252900,2024-03-12 17:15:00,2024-03-12,17:15:00,6886,0,1,0,1,0,232.8,232.0,2650.0,0.6719,March,Tuesday,17,Local,0
1710253800,2024-03-12 17:30:00,2024-03-12,17:30:00,6887,0,0,1,1,0,229.1,230.3,3150.0,0.6817,March,Tuesday,17,Local,0
1710254700,2024-03-12 17:45:00,2024-03-12,17:45:00,6888,1,1,0,0,0,229.7,226.3,2650.0,0.6813,March,Tuesday,17,Local,0
1710255600,2024-03-12 18:00:00,2024-03-12,18:00:00,6889,0,1,0,1,0,223.8,224.2,2650.0,0.683,March,Tuesday,18,Local,0
1710256500,2024-03-12 18:15:00,2024-03-12,18:15:00,6890,0,0,0,1,0,235.6,234.9,150.0,0.1,March,Tuesday,18,Local,0
1710257400,2024-03-12 18:30:00,2024-03-12,18:30:00,6891,0,0,0,1,0,227.7,229.2,150.0,0.1,March,Tuesday,18,Local,0
1710258300,2024-03-12 18:45:00,2024-03-12,18:45:00,6892,1,1,1,0,0,220.3,223.6,5650.0,1.4719,March,Tuesday,18,Local,0
1710259200,2024-03-12 19:00:00,2024-03-12,19:00:00,6893,1,0,1,0,1,232.9,230.8,4350.0,1.1746,March,Tuesday,19,Local,0
1710260100,2024-03-12 19:15:00,2024-03-12,19:15:00,6894,1,1,0,1,0,227.1,225.9,2800.0,0.7231,March,Tuesday,19,Local,0
1710261000,2024-03-12 19:30:00,2024-03-12,19:30:00,6895,1,1,0,1,0,228.4,229.3,2800.0,0.8189,March,Tuesday,19,Local,0
1710261900,2024-03-12 19:45:00,2024-03-12,19:45:00,6896,1,0,0,0,0,228.9,228.4,150.0,0.1,March,Tuesday,19,Local,0
1710262800,2024-03-12 20:00:00,2024-03-12,20:00:00,6897,1,0,0,1,0,229.2,229.4,300.0,0.1,March,Tuesday,20,Local,0
1710263700,2024-03-12 20:15:00,2024-03-12,20:15:00,6898,0,0,0,1,0,223.8,223.1,150.0,0.1,March,Tuesday,20,Local,0
1710264600,2024-03-12 20:30:00,2024-03-12,20:30:00,6899,0,0,0,1,0,229.3,230.2,150.0,0.1,March,Tuesday,20,Local,0
1710265500,2024-03-12 20:45:00,2024-03-12,20:45:00,6900,0,1,0,0,0,227.5,228.4,2500.0,0.6946,March,Tuesday,20,Local,0
1710266400,2024-03-12 21:00:00,2024-03-12,21:00:00,6901,1,0,0,1,0,227.5,229.4,300.0,0.1,March,Tuesday,21,Local,0
1710267300,2024-03-12 21:15:00,2024-03-12,21:15:00,6902,1,0,1,1,1,229.7,229.1,4500.0,1.1751,March,Tuesday,21,Local,0
1710268200,2024-03-12 21:30:00,2024-03-12,21:30:00,6903,1,0,0,1,0,225.6,223.8,300.0,0.1,March,Tuesday,21,Local,0
1710269100,2024-03-12 21:45:00,2024-03-12,21:45:00,6904,0,0,0,0,0,228.6,227.4,0.0,0.1,March,Tuesday,21,Local,0
1710270000,2024-03-12 22:00:00,2024-03-12,22:00:00,6905,0,0,0,1,0,224.7,227.4,150.0,0.1,March,Tuesday,22,Local,0
1710270900,2024-03-12 22:15:00,2024-03-12,22:15:00,6906,0,0,0,1,0,229.2,228.5,150.0,0.1,March,Tuesday,22,Local,0
1710271800,2024-03-12 22:30:00,2024-03-12,22:30:00,6907,1,0,0,1,0,229.0,230.8,300.0,0.1,March,Tuesday,22,Local,0
1710272700,2024-03-12 22:45:00,2024-03-12,22:45:00,6908,0,0,1,0,0,229.4,232.5,3000.0,0.7633,March,Tuesday,22,Local,0
1710273600,2024-03-12 23:00:00,2024-03-12,23:00:00,6909,0,0,0,1,0,235.3,238.2,150.0,0.1,March,Tuesday,23,Local,0
1710274500,2024-03-12 23:15:00,2024-03-12,23:15:00,6910,0,0,0,1,0,230.7,231.2,150.0,0.1,March,Tuesday,23,Local,0
1710275400,2024-03-12 23:30:00,2024-03-12,23:30:00,6911,0,0,0,1,0,227.2,225.7,150.0,0.1,March,Tuesday,23,Local,0
1710276300,2024-03-12 23:45:00,2024-03-12,23:45:00,6912,0,0,0,0,0,227.9,225.5,0.0,0.1,March,Tuesday,23,Local,0
1710277200,2024-03-13 00:00:00,2024-03-13,00:00:00,6913,0,0,0,1,0,233.9,233.4,150.0,0.1,March,Wednesday,0,Local,0
1710278100,2024-03-13 00:15:00,2024-03-13,00:15:00,6914,0,0,0,1,0,225.0,224.2,150.0,0.1,March,Wednesday,0,Local,0
1710279000,2024-03-13 00:30:00,2024-03-13,00:30:00,6915,0,0,0,1,0,231.0,228.0,150.0,0.1,March,Wednesday,0,Local,0
1710279900,2024-03-13 00:45:00,2024-03-13,00:45:00,6916,0,0,0,0,0,232.8,236.4,0.0,0.1,March,Wednesday,0,Local,0
1710280800,2024-03-13 01:00:00,2024-03-13,01:00:00,6917,0,0,0,1,0,231.9,228.9,150.0,0.1,March,Wednesday,1,Local,0
1710281700,2024-03-13 01:15:00,2024-03-13,01:15:00,6918,0,0,0,1,0,227.8,229.0,150.0,0.1,March,Wednesday,1,Local,0
1710282600,2024-03-13 01:30:00,2024-03-13,01:30:00,6919,0,0,0,1,0,225.7,227.9,150.0,0.1,March,Wednesday,1,Local,0
1710283500,2024-03-13 01:45:00,2024-03-13,01:45:00,6920,0,0,0,1,0,222.2,219.3,150.0,0.1,March,Wednesday,1,Local,0
1710284400,2024-03-13 02:00:00,2024-03-13,02:00:00,6921,0,0,0,1,0,229.9,232.0,950.0,0.2282,March,Wednesday,2,Local,0
1710285300,2024-03-13 02:15:00,2024-03-13,02:15:00,6922,0,0,0,1,0,228.5,226.3,150.0,0.1,March,Wednesday,2,Local,0
1710286200,2024-03-13 02:30:00,2024-03-13,02:30:00,6923,0,0,0,1,0,228.5,227.7,150.0,0.1,March,Wednesday,2,Local,0
1710287100,2024-03-13 02:45:00,2024-03-13,02:45:00,6924,0,0,0,1,0,231.0,232.1,150.0,0.1,March,Wednesday,2,Local,0
1710288000,2024-03-13 03:00:00,2024-03-13,03:00:00,6925,0,0,0,1,0,237.1,237.2,150.0,0.1,March,Wednesday,3,Local,0
1710288900,2024-03-13 03:15:00,2024-03-13,03:15:00,6926,0,0,0,1,0,233.3,233.3,150.0,0.1,March,Wednesday,3,Local,0
1710289800,2024-03-13 03:30:00,2024-03-13,03:30:00,6927,0,0,0,0,0,231.7,232.4,0.0,0.1,March,Wednesday,3,Local,0
1710290700,2024-03-13 03:45:00,2024-03-13,03:45:00,6928,0,0,0,0,0,229.5,229.4,0.0,0.1,March,Wednesday,3,Local,0
1710291600,2024-03-13 04:00:00,2024-03-13,04:00:00,6929,0,0,0,1,0,228.3,225.5,150.0,0.1,March,Wednesday,4,Local,0
1710292500,2024-03-13 04:15:00,2024-03-13,04:15:00,6930,0,0,0,0,0,227.5,228.4,0.0,0.1,March,Wednesday,4,Local,0
1710293400,2024-03-13 04:30:00,2024-03-13,04:30:00,6931,0,0,0,1,0,231.3,227.8,150.0,0.1,March,Wednesday,4,Local,0
1710294300,2024-03-13 04:45:00,2024-03-13,04:45:00,6932,0,0,0,0,0,228.3,228.4,0.0,0.1,March,Wednesday,4,Local,0
1710295200,2024-03-13 05:00:00,2024-03-13,05:00:00,6933,0,0,0,1,0,229.6,231.8,150.0,0.1,March,Wednesday,5,Local,0
1710296100,2024-03-13 05:15:00,2024-03-13,05:15:00,6934,0,0,0,1,0,233.9,233.3,1150.0,0.2867,March,Wednesday,5,Local,0
1710297000,2024-03-13 05:30:00,2024-03-13,05:30:00,6935,0,0,0,1,0,225.8,228.8,150.0,0.1,March,Wednesday,5,Local,0
1710297900,2024-03-13 05:45:00,2024-03-13,05:45:00,6936,0,0,0,0,0,225.8,226.5,0.0,0.1,March,Wednesday,5,Local,0
1710298800,2024-03-13 06:00:00,2024-03-13,06:00:00,6937,1,0,0,1,0,224.7,225.3,300.0,0.1,March,Wednesday,6,Local,0
1710299700,2024-03-13 06:15:00,2024-03-13,06:15:00,6938,0,0,0,1,0,228.6,232.9,150.0,0.1,March,Wednesday,6,Local,0
1710300600,2024-03-13 06:30:00,2024-03-13,06:30:00,6939,0,0,0,1,0,230.9,231.2,150.0,0.1,March,Wednesday,6,Local,0
1710301500,2024-03-13 06:45:00,2024-03-13,06:45:00,6940,0,0,0,0,0,235.3,237.3,0.0,0.1,March,Wednesday,6,Local,0
1710302400,2024-03-13 07:00:00,2024-03-13,07:00:00,6941,0,0,0,1,0,233.3,235.9,150.0,0.1,March,Wednesday,7,Local,0
1710303300,2024-03-13 07:15:00,2024-03-13,07:15:00,6942,0,0,0,1,0,225.8,226.0,150.0,0.1,March,Wednesday,7,Local,0
1710304200,2024-03-13 07:30:00,2024-03-13,07:30:00,6943,0,0,0,1,1,228.0,227.7,1350.0,0.3312,March,Wednesday,7,Local,0
1710305100,2024-03-13 07:45:00,2024-03-13,07:45:00,6944,0,0,0,0,0,238.2,240.6,0.0,0.1,March,Wednesday,7,Local,0
1710306000,2024-03-13 08:00:00,2024-03-13,08:00:00,6945,0,0,0,1,0,227.4,225.8,150.0,0.1,March,Wednesday,8,Local,0
1710306900,2024-03-13 08:15:00,2024-03-13,08:15:00,6946,0,0,0,1,0,230.7,231.9,150.0,0.1,March,Wednesday,8,Local,0
1710307800,2024-03-13 08:30:00,2024-03-13,08:30:00,6947,0,0,0,1,0,231.7,230.8,150.0,0.1,March,Wednesday,8,Local,0
1710308700,2024-03-13 08:45:00,2024-03-13,08:45:00,6948,0,0,0,0,0,229.0,228.4,0.0,0.1,March,Wednesday,8,Local,0
1710309600,2024-03-13 09:00:00,2024-03-13,09:00:00,6949,0,0,0,1,0,228.9,226.4,150.0,0.1,March,Wednesday,9,Local,0
1710310500,2024-03-13 09:15:00,2024-03-13,09:15:00,6950,1,0,0,1,0,234.9,234.8,800.0,0.1984,March,Wednesday,9,Local,0
1710311400,2024-03-13 09:30:00,2024-03-13,09:30:00,6951,0,0,0,1,0,230.1,231.4,150.0,0.1,March,Wednesday,9,Local,0
1710312300,2024-03-13 09:45:00,2024-03-13,09:45:00,6952,1,0,0,0,0,231.2,231.4,150.0,0.1,March,Wednesday,9,Local,0
1710313200,2024-03-13 10:00:00,2024-03-13,10:00:00,6953,0,0,0,1,0,233.9,231.6,150.0,0.1,March,Wednesday,10,Local,0
1710314100,2024-03-13 10:15:00,2024-03-13,10:15:00,6954,0,0,0,1,0,229.7,222.4,150.0,0.1,March,Wednesday,10,Local,0
1710315000,2024-03-13 10:30:00,2024-03-13,10:30:00,6955,1,0,0,1,0,231.5,228.5,300.0,0.1,March,Wednesday,10,Local,0
1710315900,2024-03-13 10:45:00,2024-03-13,10:45:00,6956,0,0,0,0,0,227.2,223.5,0.0,0.1,March,Wednesday,10,Local,0
1710316800,2024-03-13 11:00:00,2024-03-13,11:00:00,6957,0,0,0,1,0,227.7,225.8,150.0,0.1,March,Wednesday,11,Local,0
1710317700,2024-03-13 11:15:00,2024-03-13,11:15:00,6958,1,1,0,1,0,231.2,232.4,2800.0,0.7737,March,Wednesday,11,Local,0
1710318600,2024-03-13 11:30:00,2024-03-13,11:30:00,6959,0,0,0,1,0,227.4,231.5,150.0,0.1,March,Wednesday,11,Local,0
1710319500,2024-03-13 11:45:00,2024-03-13,11:45:00,6960,0,0,0,0,0,234.0,233.5,0.0,0.1,March,Wednesday,11,Local,0
1710320400,2024-03-13 12:00:00,2024-03-13,12:00:00,6961,0,0,0,1,0,226.9,225.7,150.0,0.1,March,Wednesday,12,Local,0
1710321300,2024-03-13 12:15:00,2024-03-13,12:15:00,6962,1,0,0,1,0,230.8,229.8,300.0,0.1,March,Wednesday,12,Local,0
1710322200,2024-03-13 12:30:00,2024-03-13,12:30:00,6963,1,0,0,0,0,233.3,230.5,150.0,0.1,March,Wednesday,12,Local,0
1710323100,2024-03-13 12:45:00,2024-03-13,12:45:00,6964,0,0,0,1,0,229.4,232.4,150.0,0.1,March,Wednesday,12,Local,0
1710324000,2024-03-13 13:00:00,2024-03-13,13:00:00,6965,0,0,1,1,0,233.7,233.9,3150.0,0.6483,March,Wednesday,13,Local,0
1710324900,2024-03-13 13:15:00,2024-03-13,13:15:00,6966,0,0,0,0,0,230.3,232.7,0.0,0.1,March,Wednesday,13,Local,0
1710325800,2024-03-13 13:30:00,2024-03-13,13:30:00,6967,0,0,0,1,0,228.3,228.8,150.0,0.1,March,Wednesday,13,Local,0
1710326700,2024-03-13 13:45:00,2024-03-13,13:45:00,6968,0,0,0,0,0,235.5,237.8,0.0,0.1,March,Wednesday,13,Local,0
1710327600,2024-03-13 14:00:00,2024-03-13,14:00:00,6969,0,0,0,1,0,230.7,229.0,150.0,0.1,March,Wednesday,14,Local,0
1710328500,2024-03-13 14:15:00,2024-03-13,14:15:00,6970,0,0,0,1,0,232.1,231.2,150.0,0.1,March,Wednesday,14,Local,0
1710329400,2024-03-13 14:30:00,2024-03-13,14:30:00,6971,0,0,0,1,0,233.5,237.6,150.0,0.1,March,Wednesday,14,Local,0
1710330300,2024-03-13 14:45:00,2024-03-13,14:45:00,6972,0,0,1,0,0,224.9,219.7,3000.0,0.8468,March,Wednesday,14,Local,0
1710331200,2024-03-13 15:00:00,2024-03-13,15:00:00,6973,0,0,0,0,0,230.3,229.9,0.0,0.1,March,Wednesday,15,Local,0
1710332100,2024-03-13 15:15:00,2024-03-13,15:15:00,6974,0,0,0,1,0,228.6,227.1,150.0,0.1,March,Wednesday,15,Local,0
1710333000,2024-03-13 15:30:00,2024-03-13,15:30:00,6975,0,0,0,1,0,232.4,230.5,150.0,0.1,March,Wednesday,15,Local,0
1710333900,2024-03-13 15:45:00,2024-03-13,15:45:00,6976,0,0,0,0,0,234.5,234.7,0.0,0.1,March,Wednesday,15,Local,0
1710334800,2024-03-13 16:00:00,2024-03-13,16:00:00,6977,0,0,0,1,0,231.9,231.1,150.0,0.1,March,Wednesday,16,Local,0
1710335700,2024-03-13 16:15:00,2024-03-13,16:15:00,6978,0,0,1,0,0,234.0,236.5,3000.0,0.7438,March,Wednesday,16,Local,0
1710336600,2024-03-13 16:30:00,2024-03-13,16:30:00,6979,0,0,0,0,0,235.7,234.3,0.0,0.1,March,Wednesday,16,Local,0
1710337500,2024-03-13 16:45:00,2024-03-13,16:45:00,6980,0,1,0,0,1,233.8,232.6,3700.0,0.925,March,Wednesday,16,Local,0
1710338400,2024-03-13 17:00:00,2024-03-13,17:00:00,6981,0,0,0,1,1,228.8,226.3,1350.0,0.3332,March,Wednesday,17,Local,0
1710339300,2024-03-13 17:15:00,2024-03-13,17:15:00,6982,0,0,1,1,0,222.8,226.2,3150.0,0.7177,March,Wednesday,17,Local,0
1710340200,2024-03-13 17:30:00,2024-03-13,17:30:00,6983,0,0,0,1,1,227.3,226.1,1350.0,0.2968,March,Wednesday,17,Local,0
1710341100,2024-03-13 17:45:00,2024-03-13,17:45:00,6984,0,0,0,0,0,235.7,234.9,0.0,0.1,March,Wednesday,17,Local,0
1710342000,2024-03-13 18:00:00,2024-03-13,18:00:00,6985,1,0,1,0,1,233.5,235.7,5150.0,3.4682,March,Wednesday,18,Remote,1
1710342900,2024-03-13 18:15:00,2024-03-13,18:15:00,6986,0,0,0,1,0,226.7,226.2,150.0,0.1,March,Wednesday,18,Local,0
1710343800,2024-03-13 18:30:00,2024-03-13,18:30:00,6987,0,0,1,1,0,231.1,228.1,3150.0,0.8498,March,Wednesday,18,Local,0
1710344700,2024-03-13 18:45:00,2024-03-13,18:45:00,6988,1,0,0,0,0,227.7,224.5,150.0,0.1,March,Wednesday,18,Local,0
1710345600,2024-03-13 19:00:00,2024-03-13,19:00:00,6989,1,0,0,1,0,235.0,234.3,300.0,0.1,March,Wednesday,19,Local,0
1710346500,2024-03-13 19:15:00,2024-03-13,19:15:00,6990,1,0,0,1,0,229.2,227.3,300.0,0.1,March,Wednesday,19,Local,0
1710347400,2024-03-13 19:30:00,2024-03-13,19:30:00,6991,1,0,0,1,0,232.3,234.5,300.0,0.1,March,Wednesday,19,Local,0
1710348300,2024-03-13 19:45:00,2024-03-13,19:45:00,6992,1,0,0,0,1,229.8,231.8,1350.0,0.347,March,Wednesday,19,Local,0
1710349200,2024-03-13 20:00:00,2024-03-13,20:00:00,6993,1,0,1,1,0,229.5,229.4,3300.0,0.9397,March,Wednesday,20,Local,0
1710350100,2024-03-13 20:15:00,2024-03-13,20:15:00,6994,1,0,0,1,0,227.5,229.1,300.0,0.1,March,Wednesday,20,Local,0
1710351000,2024-03-13 20:30:00,2024-03-13,20:30:00,6995,1,0,0,1,1,233.3,235.7,1500.0,0.3304,March,Wednesday,20,Local,0
1710351900,2024-03-13 20:45:00,2024-03-13,20:45:00,6996,1,0,1,0,0,229.2,232.8,3150.0,0.8581,March,Wednesday,20,Local,0
1710352800,2024-03-13 21:00:00,2024-03-13,21:00:00,6997,0,1,1,1,0,231.1,228.3,6450.0,1.5858,March,Wednesday,21,Local,0
1710353700,2024-03-13 21:15:00,2024-03-13,21:15:00,6998,1,0,0,1,0,234.4,233.8,300.0,0.1,March,Wednesday,21,Local,0
1710354600,2024-03-13 21:30:00,2024-03-13,21:30:00,6999,1,0,0,1,0,229.2,230.3,300.0,0.1,March,Wednesday,21,Local,0
1710355500,2024-03-13 21:45:00,2024-03-13,21:45:00,7000,1,0,0,0,0,225.5,222.2,150.0,0.1,March,Wednesday,21,Local,0
1710356400,2024-03-13 22:00:00,2024-03-13,22:00:00,7001,1,0,0,1,0,231.6,231.2,300.0,0.1,March,Wednesday,22,Local,0
1710357300,2024-03-13 22:15:00,2024-03-13,22:15:00,7002,1,0,0,1,0,224.1,223.8,300.0,0.1,March,Wednesday,22,Local,0
1710358200,2024-03-13 22:30:00,2024-03-13,22:30:00,7003,0,0,0,1,0,231.2,233.2,150.0,0.1,March,Wednesday,22,Local,0
1710359100,2024-03-13 22:45:00,2024-03-13,22:45:00,7004,0,0,0,0,0,227.4,228.4,0.0,0.1,March,Wednesday,22,Local,0
1710360000,2024-03-13 23:00:00,2024-03-13,23:00:00,7005,0,0,0,1,0,231.9,234.0,150.0,0.1,March,Wednesday,23,Local,0
1710360900,2024-03-13 23:15:00,2024-03-13,23:15:00,7006,0,0,0,1,0,232.7,234.0,150.0,0.1,March,Wednesday,23,Local,0
1710361800,2024-03-13 23:30:00,2024-03-13,23:30:00,7007,1,0,0,1,0,226.8,226.9,300.0,0.1,March,Wednesday,23,Local,0
1710362700,2024-03-13 23:45:00,2024-03-13,23:45:00,7008,0,0,1,0,0,227.8,227.1,3000.0,0.5751,March,Wednesday,23,Local,0
1710363600,2024-03-14 00:00:00,2024-03-14,00:00:00,7009,0,0,0,1,0,231.3,234.0,150.0,0.1,March,Thursday,0,Local,0
1710364500,2024-03-14 00:15:00,2024-03-14,00:15:00,7010,0,0,0,1,0,233.5,233.9,150.0,0.1,March,Thursday,0,Local,0
1710365400,2024-03-14 00:30:00,2024-03-14,00:30:00,7011,0,0,0,1,0,232.6,230.8,150.0,0.1,March,Thursday,0,Local,0
1710366300,2024-03-14 00:45:00,2024-03-14,00:45:00,7012,1,0,0,0,0,227.9,228.4,150.0,0.1,March,Thursday,0,Local,0
1710367200,2024-03-14 01:00:00,2024-03-14,01:00:00,7013,0,0,0,1,0,230.9,228.4,150.0,0.1,March,Thursday,1,Local,0
1710368100,2024-03-14 01:15:00,2024-03-14,01:15:00,7014,0,0,0,1,0,226.3,226.6,150.0,0.1,March,Thursday,1,Local,0
1710369000,2024-03-14 01:30:00,2024-03-14,01:30:00,7015,0,0,0,1,0,225.3,224.1,150.0,0.1,March,Thursday,1,Local,0
1710369900,2024-03-14 01:45:00,2024-03-14,01:45:00,7016,0,0,0,0,0,227.1,228.4,0.0,0.1,March,Thursday,1,Local,0
1710370800,2024-03-14 02:00:00,2024-03-14,02:00:00,7017,0,0,0,0,0,228.5,231.9,0.0,0.1,March,Thursday,2,Local,0
1710371700,2024-03-14 02:15:00,2024-03-14,02:15:00,7018,0,0,0,1,0,229.5,229.0,150.0,0.1,March,Thursday,2,Local,0
1710372600,2024-03-14 02:30:00,2024-03-14,02:30:00,7019,0,0,0,1,0,229.3,228.7,150.0,0.1,March,Thursday,2,Local,0
1710373500,2024-03-14 02:45:00,2024-03-14,02:45:00,7020,0,0,0,0,0,233.6,233.8,0.0,0.1,March,Thursday,2,Local,0
1710374400,2024-03-14 03:00:00,2024-03-14,03:00:00,7021,0,0,0,1,0,226.2,225.7,150.0,0.1,March,Thursday,3,Local,0
1710375300,2024-03-14 03:15:00,2024-03-14,03:15:00,7022,0,0,0,1,0,229.3,225.6,150.0,0.1,March,Thursday,3,Local,0
1710376200,2024-03-14 03:30:00,2024-03-14,03:30:00,7023,0,0,0,1,0,229.6,230.5,150.0,0.1,March,Thursday,3,Local,0
1710377100,2024-03-14 03:45:00,2024-03-14,03:45:00,7024,0,0,0,0,0,228.8,228.0,0.0,0.1,March,Thursday,3,Local,0
1710378000,2024-03-14 04:00:00,2024-03-14,04:00:00,7025,0,0,0,1,0,225.7,226.6,150.0,0.1,March,Thursday,4,Local,0
1710378900,2024-03-14 04:15:00,2024-03-14,04:15:00,7026,0,0,0,0,0,231.3,229.8,0.0,0.1,March,Thursday,4,Local,0
1710379800,2024-03-14 04:30:00,2024-03-14,04:30:00,7027,0,0,0,1,0,231.5,229.7,150.0,0.1,March,Thursday,4,Local,0
1710380700,2024-03-14 04:45:00,2024-03-14,04:45:00,7028,0,0,0,1,0,233.8,234.6,150.0,0.1,March,Thursday,4,Local,0
1710381600,2024-03-14 05:00:00,2024-03-14,05:00:00,7029,0,0,0,0,0,234.2,234.2,0.0,0.1,March,Thursday,5,Local,0
1710382500,2024-03-14 05:15:00,2024-03-14,05:15:00,7030,0,0,0,1,0,225.9,228.1,150.0,0.1,March,Thursday,5,Local,0
1710383400,2024-03-14 05:30:00,2024-03-14,05:30:00,7031,0,0,0,1,0,222.4,221.5,150.0,0.1,March,Thursday,5,Local,0
1710384300,2024-03-14 05:45:00,2024-03-14,05:45:00,7032,0,0,0,1,0,228.4,227.1,150.0,0.1,March,Thursday,5,Local,0
1710385200,2024-03-14 06:00:00,2024-03-14,06:00:00,7033,0,0,0,1,0,234.8,236.1,150.0,0.1,March,Thursday,6,Local,0
1710386100,2024-03-14 06:15:00,2024-03-14,06:15:00,7034,0,0,0,1,0,234.2,231.8,150.0,0.1,March,Thursday,6,Local,0
1710387000,2024-03-14 06:30:00,2024-03-14,06:30:00,7035,0,0,0,1,0,227.6,225.3,150.0,0.1,March,Thursday,6,Local,0
1710387900,2024-03-14 06:45:00,2024-03-14,06:45:00,7036,0,0,0,1,0,230.3,230.4,150.0,0.1,March,Thursday,6,Local,0
1710388800,2024-03-14 07:00:00,2024-03-14,07:00:00,7037,0,0,1,1,0,233.1,235.7,3150.0,0.6026,March,Thursday,7,Local,0
1710389700,2024-03-14 07:15:00,2024-03-14,07:15:00,7038,0,0,0,1,0,235.1,234.9,150.0,0.1,March,Thursday,7,Local,0
1710390600,2024-03-14 07:30:00,2024-03-14,07:30:00,7039,0,0,0,1,0,227.5,227.3,150.0,0.1,March,Thursday,7,Local,0
1710391500,2024-03-14 07:45:00,2024-03-14,07:45:00,7040,0,0,0,0,0,225.4,226.6,0.0,0.1,March,Thursday,7,Local,0
1710392400,2024-03-14 08:00:00,2024-03-14,08:00:00,7041,0,0,0,1,0,231.0,230.2,150.0,0.1,March,Thursday,8,Local,0
1710393300,2024-03-14 08:15:00,2024-03-14,08:15:00,7042,0,0,0,1,0,234.0,229.2,150.0,0.1,March,Thursday,8,Local,0
1710394200,2024-03-14 08:30:00,2024-03-14,08:30:00,7043,0,0,0,1,0,232.8,233.0,2150.0,0.5228,March,Thursday,8,Local,0
1710395100,2024-03-14 08:45:00,2024-03-14,08:45:00,7044,0,1,0,1,0,225.1,225.2,2650.0,0.635,March,Thursday,8,Local,0
1710396000,2024-03-14 09:00:00,2024-03-14,09:00:00,7045,0,0,0,1,0,231.7,232.4,150.0,0.1,March,Thursday,9,Local,0
1710396900,2024-03-14 09:15:00,2024-03-14,09:15:00,7046,0,0,0,1,0,228.8,226.9,150.0,0.1,March,Thursday,9,Local,0
1710397800,2024-03-14 09:30:00,2024-03-14,09:30:00,7047,0,0,0,1,0,222.1,218.4,150.0,0.1,March,Thursday,9,Local,0
1710398700,2024-03-14 09:45:00,2024-03-14,09:45:00,7048,1,0,0,0,0,233.0,231.7,150.0,0.1,March,Thursday,9,Local,0
1710399600,2024-03-14 10:00:00,2024-03-14,10:00:00,7049,0,0,0,1,0,235.7,234.0,150.0,0.1,March,Thursday,10,Local,0
1710400500,2024-03-14 10:15:00,2024-03-14,10:15:00,7050,0,0,0,1,0,229.6,229.5,150.0,0.1,March,Thursday,10,Local,0
1710401400,2024-03-14 10:30:00,2024-03-14,10:30:00,7051,0,0,0,1,0,232.8,232.1,150.0,0.1,March,Thursday,10,Local,0
1710402300,2024-03-14 10:45:00,2024-03-14,10:45:00,7052,0,0,0,0,0,228.0,228.1,0.0,0.1,March,Thursday,10,Local,0
1710403200,2024-03-14 11:00:00,2024-03-14,11:00:00,7053,0,0,0,1,0,228.2,229.5,150.0,0.1,March,Thursday,11,Local,0
1710404100,2024-03-14 11:15:00,2024-03-14,11:15:00,7054,0,0,0,1,0,229.5,225.9,150.0,0.1,March,Thursday,11,Local,0
1710405000,2024-03-14 11:30:00,2024-03-14,11:30:00,7055,0,0,0,1,0,227.7,227.4,150.0,0.1,March,Thursday,11,Local,0
1710405900,2024-03-14 11:45:00,2024-03-14,11:45:00,7056,0,0,0,0,0,232.2,232.9,0.0,0.1,March,Thursday,11,Local,0
1710406800,2024-03-14 12:00:00,2024-03-14,12:00:00,7057,0,0,0,0,0,225.9,224.3,0.0,0.1,March,Thursday,12,Local,0
1710407700,2024-03-14 12:15:00,2024-03-14,12:15:00,7058,0,0,0,1,1,229.9,230.0,1350.0,0.387,March,Thursday,12,Local,0
1710408600,2024-03-14 12:30:00,2024-03-14,12:30:00,7059,0,0,0,1,0,230.6,232.1,150.0,0.1,March,Thursday,12,Local,0
1710409500,2024-03-14 12:45:00,2024-03-14,12:45:00,7060,1,0,1,0,0,229.0,229.2,3150.0,0.7272,March,Thursday,12,Local,0
1710410400,2024-03-14 13:00:00,2024-03-14,13:00:00,7061,1,0,0,1,0,234.9,237.4,300.0,0.1,March,Thursday,13,Local,0
1710411300,2024-03-14 13:15:00,2024-03-14,13:15:00,7062,0,0,1,1,0,230.0,227.5,3150.0,0.7187,March,Thursday,13,Local,0
1710412200,2024-03-14 13:30:00,2024-03-14,13:30:00,7063,0,0,0,1,0,230.1,228.6,150.0,0.1,March,Thursday,13,Local,0
1710413100,2024-03-14 13:45:00,2024-03-14,13:45:00,7064,0,0,0,0,0,230.1,231.9,0.0,0.1,March,Thursday,13,Local,0
1710414000,2024-03-14 14:00:00,2024-03-14,14:00:00,7065,0,0,0,1,0,227.4,227.6,150.0,0.1,March,Thursday,14,Local,0
1710414900,2024-03-14 14:15:00,2024-03-14,14:15:00,7066,0,0,0,1,0,227.6,229.0,150.0,0.1,March,Thursday,14,Local,0
1710415800,2024-03-14 14:30:00,2024-03-14,14:30:00,7067,0,0,0,1,0,228.8,228.5,150.0,0.1,March,Thursday,14,Local,0
1710416700,2024-03-14 14:45:00,2024-03-14,14:45:00,7068,0,0,0,0,0,229.1,227.0,0.0,0.1,March,Thursday,14,Local,0
1710417600,2024-03-14 15:00:00,2024-03-14,15:00:00,7069,0,0,0,1,0,228.8,230.0,150.0,0.1,March,Thursday,15,Local,0
1710418500,2024-03-14 15:15:00,2024-03-14,15:15:00,7070,0,0,0,1,0,225.6,226.8,150.0,0.1,March,Thursday,15,Local,0
1710419400,2024-03-14 15:30:00,2024-03-14,15:30:00,7071,0,0,0,1,0,225.8,224.2,150.0,0.1,March,Thursday,15,Local,0
1710420300,2024-03-14 15:45:00,2024-03-14,15:45:00,7072,0,0,0,0,0,229.2,228.7,0.0,0.1,March,Thursday,15,Local,0
1710421200,2024-03-14 16:00:00,2024-03-14,16:00:00,7073,0,0,0,1,1,228.5,228.4,1350.0,0.3686,March,Thursday,16,Local,0
1710422100,2024-03-14 16:15:00,2024-03-14,16:15:00,7074,0,1,0,1,0,227.2,224.6,2650.0,0.6878,March,Thursday,16,Local,0
1710423000,2024-03-14 16:30:00,2024-03-14,16:30:00,7075,0,0,0,1,0,224.3,221.9,150.0,0.1,March,Thursday,16,Local,0
1710423900,2024-03-14 16:45:00,2024-03-14,16:45:00,7076,0,0,0,0,0,226.9,227.6,0.0,0.1,March,Thursday,16,Local,0
1710424800,2024-03-14 17:00:00,2024-03-14,17:00:00,7077,0,0,0,1,0,222.0,222.4,150.0,0.1,March,Thursday,17,Local,0
1710425700,2024-03-14 17:15:00,2024-03-14,17:15:00,7078,0,1,0,1,0,235.5,233.2,2650.0,0.6331,March,Thursday,17,Local,0
1710426600,2024-03-14 17:30:00,2024-03-14,17:30:00,7079,1,0,0,1,1,231.2,232.2,1500.0,0.3474,March,Thursday,17,Local,0
1710427500,2024-03-14 17:45:00,2024-03-14,17:45:00,7080,0,0,1,0,0,233.4,231.3,3000.0,0.7529,March,Thursday,17,Local,0
1710428400,2024-03-14 18:00:00,2024-03-14,18:00:00,7081,0,0,1,1,0,228.8,227.9,3150.0,0.7776,March,Thursday,18,Local,0
1710429300,2024-03-14 18:15:00,2024-03-14,18:15:00,7082,1,0,1,1,1,232.2,235.5,4500.0,1.2037,March,Thursday,18,Local,0
1710430200,2024-03-14 18:30:00,2024-03-14,18:30:00,7083,1,0,1,1,0,230.5,227.8,3300.0,0.8084,March,Thursday,18,Local,0
1710431100,2024-03-14 18:45:00,2024-03-14,18:45:00,7084,0,0,0,0,1,235.0,235.2,1200.0,0.2321,March,Thursday,18,Local,0
1710432000,2024-03-14 19:00:00,2024-03-14,19:00:00,7085,1,0,0,1,0,225.2,224.1,300.0,0.1,March,Thursday,19,Local,0
1710432900,2024-03-14 19:15:00,2024-03-14,19:15:00,7086,0,1,0,0,0,231.2,230.3,2500.0,0.5721,March,Thursday,19,Local,0
1710433800,2024-03-14 19:30:00,2024-03-14,19:30:00,7087,1,0,0,1,1,229.4,227.2,1500.0,0.3762,March,Thursday,19,Local,0
1710434700,2024-03-14 19:45:00,2024-03-14,19:45:00,7088,0,0,0,0,0,227.3,226.5,0.0,0.1,March,Thursday,19,Local,0
1710435600,2024-03-14 20:00:00,2024-03-14,20:00:00,7089,1,0,1,1,0,229.9,229.2,3300.0,0.7926,March,Thursday,20,Local,0
1710436500,2024-03-14 20:15:00,2024-03-14,20:15:00,7090,1,0,0,1,0,228.3,231.5,300.0,0.1,March,Thursday,20,Local,0
1710437400,2024-03-14 20:30:00,2024-03-14,20:30:00,7091,1,0,1,1,0,228.3,229.3,3300.0,0.7694,March,Thursday,20,Local,0
1710438300,2024-03-14 20:45:00,2024-03-14,20:45:00,7092,1,0,0,0,1,232.8,231.6,1350.0,0.3076,March,Thursday,20,Local,0
1710439200,2024-03-14 21:00:00,2024-03-14,21:00:00,7093,1,0,1,1,0,228.0,224.3,3300.0,0.838,March,Thursday,21,Local,0
1710440100,2024-03-14 21:15:00,2024-03-14,21:15:00,7094,1,0,0,1,0,229.6,231.3,300.0,0.1,March,Thursday,21,Local,0
1710441000,2024-03-14 21:30:00,2024-03-14,21:30:00,7095,1,0,0,1,0,229.0,227.1,300.0,0.1,March,Thursday,21,Local,0
1710441900,2024-03-14 21:45:00,2024-03-14,21:45:00,7096,1,0,0,1,0,230.5,232.8,300.0,0.1,March,Thursday,21,Local,0
1710442800,2024-03-14 22:00:00,2024-03-14,22:00:00,7097,1,0,0,1,0,229.0,229.7,300.0,0.1,March,Thursday,22,Local,0
1710443700,2024-03-14 22:15:00,2024-03-14,22:15:00,7098,0,0,0,1,0,226.6,228.1,150.0,0.1,March,Thursday,22,Local,0
1710444600,2024-03-14 22:30:00,2024-03-14,22:30:00,7099,1,0,0,1,0,229.3,226.5,300.0,0.1,March,Thursday,22,Local,0
1710445500,2024-03-14 22:45:00,2024-03-14,22:45:00,7100,1,0,0,1,0,231.5,233.8,300.0,0.1,March,Thursday,22,Local,0
1710446400,2024-03-14 23:00:00,2024-03-14,23:00:00,7101,0,0,0,0,0,229.8,231.4,0.0,0.1,March,Thursday,23,Local,0
1710447300,2024-03-14 23:15:00,2024-03-14,23:15:00,7102,1,0,0,1,0,230.0,230.9,1800.0,0.4378,March,Thursday,23,Local,0
1710448200,2024-03-14 23:30:00,2024-03-14,23:30:00,7103,0,0,0,1,0,227.8,226.1,150.0,0.1,March,Thursday,23,Local,0
1710449100,2024-03-14 23:45:00,2024-03-14,23:45:00,7104,1,0,0,0,0,231.1,229.8,150.0,0.1,March,Thursday,23,Local,0
1710450000,2024-03-15 00:00:00,2024-03-15,00:00:00,7105,0,0,0,1,0,229.6,230.0,150.0,0.1,March,Friday,0,Local,0
1710450900,2024-03-15 00:15:00,2024-03-15,00:15:00,7106,1,0,0,1,0,231.3,234.1,300.0,0.1,March,Friday,0,Local,0
1710451800,2024-03-15 00:30:00,2024-03-15,00:30:00,7107,0,0,0,1,0,227.2,226.2,150.0,0.1,March,Friday,0,Local,0
1710452700,2024-03-15 00:45:00,2024-03-15,00:45:00,7108,0,0,0,1,0,231.6,230.8,150.0,0.1,March,Friday,0,Local,0
1710453600,2024-03-15 01:00:00,2024-03-15,01:00:00,7109,0,0,0,1,0,227.1,228.9,150.0,0.1,March,Friday,1,Local,0
1710454500,2024-03-15 01:15:00,2024-03-15,01:15:00,7110,0,0,0,1,0,230.6,231.4,150.0,0.1,March,Friday,1,Local,0
1710455400,2024-03-15 01:30:00,2024-03-15,01:30:00,7111,0,0,0,1,0,232.7,236.3,150.0,0.1,March,Friday,1,Local,0
1710456300,2024-03-15 01:45:00,2024-03-15,01:45:00,7112,0,0,0,0,0,230.1,229.9,0.0,0.1,March,Friday,1,Local,0
1710457200,2024-03-15 02:00:00,2024-03-15,02:00:00,7113,0,0,0,1,0,232.4,229.2,150.0,0.1,March,Friday,2,Local,0
1710458100,2024-03-15 02:15:00,2024-03-15,02:15:00,7114,0,0,0,1,0,224.1,222.4,150.0,0.1,March,Friday,2,Local,0
1710459000,2024-03-15 02:30:00,2024-03-15,02:30:00,7115,0,0,0,1,0,229.6,229.7,150.0,0.1,March,Friday,2,Local,0
1710459900,2024-03-15 02:45:00,2024-03-15,02:45:00,7116,0,0,0,0,0,229.2,226.5,0.0,0.1,March,Friday,2,Local,0
1710460800,2024-03-15 03:00:00,2024-03-15,03:00:00,7117,0,0,0,0,0,233.1,234.5,0.0,0.1,March,Friday,3,Local,0
1710461700,2024-03-15 03:15:00,2024-03-15,03:15:00,7118,0,0,0,1,0,231.3,234.0,150.0,0.1,March,Friday,3,Local,0
1710462600,2024-03-15 03:30:00,2024-03-15,03:30:00,7119,0,0,0,1,0,227.2,227.6,150.0,0.1,March,Friday,3,Local,0
1710463500,2024-03-15 03:45:00,2024-03-15,03:45:00,7120,0,0,0,0,0,225.8,226.8,0.0,0.1,March,Friday,3,Local,0
1710464400,2024-03-15 04:00:00,2024-03-15,04:00:00,7121,0,0,0,1,0,232.3,232.3,150.0,0.1,March,Friday,4,Local,0
1710465300,2024-03-15 04:15:00,2024-03-15,04:15:00,7122,0,0,0,1,0,230.8,228.5,150.0,0.1,March,Friday,4,Local,0
1710466200,2024-03-15 04:30:00,2024-03-15,04:30:00,7123,0,0,0,1,0,236.0,236.3,150.0,0.1,March,Friday,4,Local,0
1710467100,2024-03-15 04:45:00,2024-03-15,04:45:00,7124,0,0,0,0,0,228.3,229.1,0.0,0.1,March,Friday,4,Local,0
1710468000,2024-03-15 05:00:00,2024-03-15,05:00:00,7125,0,0,0,0,0,233.6,235.3,0.0,0.1,March,Friday,5,Local,0
1710468900,2024-03-15 05:15:00,2024-03-15,05:15:00,7126,0,0,0,1,0,237.7,235.7,150.0,0.1,March,Friday,5,Local,0
1710469800,2024-03-15 05:30:00,2024-03-15,05:30:00,7127,0,0,0,1,0,228.6,229.2,150.0,0.1,March,Friday,5,Local,0
1710470700,2024-03-15 05:45:00,2024-03-15,05:45:00,7128,0,0,0,0,0,238.1,239.9,0.0,0.1,March,Friday,5,Local,0
1710471600,2024-03-15 06:00:00,2024-03-15,06:00:00,7129,0,0,0,1,0,229.0,228.1,150.0,0.1,March,Friday,6,Local,0
1710472500,2024-03-15 06:15:00,2024-03-15,06:15:00,7130,0,0,0,0,0,235.0,235.5,0.0,0.1,March,Friday,6,Local,0
1710473400,2024-03-15 06:30:00,2024-03-15,06:30:00,7131,0,0,0,1,0,233.4,232.5,150.0,0.1,March,Friday,6,Local,0
1710474300,2024-03-15 06:45:00,2024-03-15,06:45:00,7132,0,0,0,0,0,230.6,231.8,0.0,0.1,March,Friday,6,Local,0
1710475200,2024-03-15 07:00:00,2024-03-15,07:00:00,7133,1,0,0,1,0,234.5,232.0,300.0,0.1,March,Friday,7,Local,0
1710476100,2024-03-15 07:15:00,2024-03-15,07:15:00,7134,1,0,0,1,1,233.7,232.3,1500.0,0.3373,March,Friday,7,Local,0
1710477000,2024-03-15 07:30:00,2024-03-15,07:30:00,7135,0,0,1,1,0,230.8,233.2,3150.0,0.8915,March,Friday,7,Local,0
1710477900,2024-03-15 07:45:00,2024-03-15,07:45:00,7136,0,1,0,0,0,230.2,228.6,2500.0,0.5856,March,Friday,7,Local,0
1710478800,2024-03-15 08:00:00,2024-03-15,08:00:00,7137,1,0,0,1,1,232.8,231.2,1500.0,0.3547,March,Friday,8,Local,0
1710479700,2024-03-15 08:15:00,2024-03-15,08:15:00,7138,0,0,0,1,0,229.3,231.8,150.0,0.1,March,Friday,8,Local,0
1710480600,2024-03-15 08:30:00,2024-03-15,08:30:00,7139,0,1,0,1,0,232.3,231.2,2650.0,0.7121,March,Friday,8,Local,0
1710481500,2024-03-15 08:45:00,2024-03-15,08:45:00,7140,0,0,0,0,1,235.6,236.4,1200.0,0.3017,March,Friday,8,Local,0
1710482400,2024-03-15 09:00:00,2024-03-15,09:00:00,7141,0,1,1,1,0,226.5,227.8,5650.0,1.5689,March,Friday,9,Local,0
1710483300,2024-03-15 09:15:00,2024-03-15,09:15:00,7142,0,0,0,1,0,227.6,226.2,150.0,0.1,March,Friday,9,Local,0
1710484200,2024-03-15 09:30:00,2024-03-15,09:30:00,7143,0,0,0,1,0,229.2,228.3,150.0,0.1,March,Friday,9,Local,0
1710485100,2024-03-15 09:45:00,2024-03-15,09:45:00,7144,1,0,0,0,0,234.2,233.7,150.0,0.1,March,Friday,9,Local,0
1710486000,2024-03-15 10:00:00,2024-03-15,10:00:00,7145,0,0,0,1,0,228.5,228.4,150.0,0.1,March,Friday,10,Local,0
1710486900,2024-03-15 10:15:00,2024-03-15,10:15:00,7146,0,0,0,1,0,230.6,229.3,150.0,0.1,March,Friday,10,Local,0
1710487800,2024-03-15 10:30:00,2024-03-15,10:30:00,7147,0,0,0,1,0,228.6,224.5,150.0,0.1,March,Friday,10,Local,0
1710488700,2024-03-15 10:45:00,2024-03-15,10:45:00,7148,1,0,0,1,0,233.0,233.9,300.0,0.1,March,Friday,10,Local,0
1710489600,2024-03-15 11:00:00,2024-03-15,11:00:00,7149,0,0,0,1,0,232.1,231.2,150.0,0.1,March,Friday,11,Local,0
1710490500,2024-03-15 11:15:00,2024-03-15,11:15:00,7150,0,0,0,1,0,226.2,226.4,150.0,0.1,March,Friday,11,Local,0
1710491400,2024-03-15 11:30:00,2024-03-15,11:30:00,7151,0,0,0,0,0,225.0,227.9,0.0,0.1,March,Friday,11,Local,0
1710492300,2024-03-15 11:45:00,2024-03-15,11:45:00,7152,0,0,0,0,1,224.0,224.8,1200.0,0.3177,March,Friday,11,Local,0
1710493200,2024-03-15 12:00:00,2024-03-15,12:00:00,7153,0,0,1,1,0,229.0,227.3,3150.0,0.7461,March,Friday,12,Local,0
1710494100,2024-03-15 12:15:00,2024-03-15,12:15:00,7154,0,0,0,1,0,234.5,238.7,150.0,0.1,March,Friday,12,Local,0
1710495000,2024-03-15 12:30:00,2024-03-15,12:30:00,7155,0,0,0,1,0,227.2,227.5,150.0,0.1,March,Friday,12,Local,0
1710495900,2024-03-15 12:45:00,2024-03-15,12:45:00,7156,0,0,0,0,1,225.5,225.0,1200.0,0.2975,March,Friday,12,Local,0
1710496800,2024-03-15 13:00:00,2024-03-15,13:00:00,7157,0,1,0,1,0,225.3,227.7,2650.0,0.5867,March,Friday,13,Local,0
1710497700,2024-03-15 13:15:00,2024-03-15,13:15:00,7158,0,0,0,0,0,231.4,233.0,0.0,0.1,March,Friday,13,Local,0
1710498600,2024-03-15 13:30:00,2024-03-15,13:30:00,7159,0,0,0,0,0,225.3,219.6,0.0,0.1,March,Friday,13,Local,0
1710499500,2024-03-15 13:45:00,2024-03-15,13:45:00,7160,0,0,0,0,0,229.2,229.1,0.0,0.1,March,Friday,13,Local,0
1710500400,2024-03-15 14:00:00,2024-03-15,14:00:00,7161,1,0,0,0,0,231.0,230.9,150.0,0.1,March,Friday,14,Local,0
1710501300,2024-03-15 14:15:00,2024-03-15,14:15:00,7162,0,0,0,1,0,228.3,227.4,150.0,0.1,March,Friday,14,Local,0
1710502200,2024-03-15 14:30:00,2024-03-15,14:30:00,7163,0,0,0,0,1,229.0,227.6,1200.0,0.3169,March,Friday,14,Local,0
1710503100,2024-03-15 14:45:00,2024-03-15,14:45:00,7164,0,1,0,0,0,233.4,233.0,2500.0,0.6021,March,Friday,14,Local,0
1710504000,2024-03-15 15:00:00,2024-03-15,15:00:00,7165,0,0,0,1,0,231.5,232.1,150.0,0.1,March,Friday,15,Local,0
1710504900,2024-03-15 15:15:00,2024-03-15,15:15:00,7166,0,0,0,1,1,229.7,230.2,1350.0,0.3456,March,Friday,15,Local,0
1710505800,2024-03-15 15:30:00,2024-03-15,15:30:00,7167,0,0,0,1,0,236.5,236.7,150.0,0.1,March,Friday,15,Local,0
1710506700,2024-03-15 15:45:00,2024-03-15,15:45:00,7168,0,0,0,0,0,229.1,228.9,0.0,0.1,March,Friday,15,Local,0
1710507600,2024-03-15 16:00:00,2024-03-15,16:00:00,7169,0,0,0,1,0,231.5,230.9,150.0,0.1,March,Friday,16,Local,0
1710508500,2024-03-15 16:15:00,2024-03-15,16:15:00,7170,0,0,0,1,0,223.4,225.0,150.0,0.1,March,Friday,16,Local,0
1710509400,2024-03-15 16:30:00,2024-03-15,16:30:00,7171,0,0,0,1,0,229.5,229.8,150.0,0.1,March,Friday,16,Local,0
1710510300,2024-03-15 16:45:00,2024-03-15,16:45:00,7172,0,1,0,0,0,229.5,227.2,2500.0,0.5289,March,Friday,16,Local,0
1710511200,2024-03-15 17:00:00,2024-03-15,17:00:00,7173,1,0,1,1,0,228.8,227.3,3300.0,0.7876,March,Friday,17,Local,0
1710512100,2024-03-15 17:15:00,2024-03-15,17:15:00,7174,0,0,0,1,1,229.6,227.5,1350.0,0.3755,March,Friday,17,Local,0
1710513000,2024-03-15 17:30:00,2024-03-15,17:30:00,7175,0,0,0,1,0,233.0,237.8,150.0,0.1,March,Friday,17,Local,0
1710513900,2024-03-15 17:45:00,2024-03-15,17:45:00,7176,0,1,0,0,0,230.0,230.1,2500.0,0.6213,March,Friday,17,Local,0
1710514800,2024-03-15 18:00:00,2024-03-15,18:00:00,7177,1,0,1,1,0,231.0,231.6,3300.0,0.705,March,Friday,18,Local,0
1710515700,2024-03-15 18:15:00,2024-03-15,18:15:00,7178,0,0,1,1,1,231.6,232.8,4350.0,1.1098,March,Friday,18,Local,0
1710516600,2024-03-15 18:30:00,2024-03-15,18:30:00,7179,1,0,1,1,0,232.8,231.3,3300.0,0.8568,March,Friday,18,Local,0
1710517500,2024-03-15 18:45:00,2024-03-15,18:45:00,7180,1,0,0,0,1,231.4,232.7,1350.0,0.4163,March,Friday,18,Local,0
1710518400,2024-03-15 19:00:00,2024-03-15,19:00:00,7181,1,1,0,1,1,231.3,232.1,4000.0,1.1473,March,Friday,19,Local,0
1710519300,2024-03-15 19:15:00,2024-03-15,19:15:00,7182,1,0,0,1,0,228.4,231.9,300.0,0.1,March,Friday,19,Local,0
1710520200,2024-03-15 19:30:00,2024-03-15,19:30:00,7183,1,0,1,1,1,232.0,233.2,4500.0,1.2095,March,Friday,19,Local,0
1710521100,2024-03-15 19:45:00,2024-03-15,19:45:00,7184,1,0,1,0,0,229.5,229.8,3150.0,0.7571,March,Friday,19,Local,0
1710522000,2024-03-15 20:00:00,2024-03-15,20:00:00,7185,1,0,1,1,0,234.3,232.9,4800.0,1.3994,March,Friday,20,Local,0
1710522900,2024-03-15 20:15:00,2024-03-15,20:15:00,7186,1,1,1,1,0,223.8,223.8,5800.0,1.4135,March,Friday,20,Local,0
1710523800,2024-03-15 20:30:00,2024-03-15,20:30:00,7187,1,0,0,0,0,234.2,233.7,150.0,0.1,March,Friday,20,Local,0
1710524700,2024-03-15 20:45:00,2024-03-15,20:45:00,7188,1,0,0,0,0,229.8,230.3,150.0,0.1,March,Friday,20,Local,0
1710525600,2024-03-15 21:00:00,2024-03-15,21:00:00,7189,1,0,0,1,1,234.9,238.2,1500.0,0.326,March,Friday,21,Local,0
1710526500,2024-03-15 21:15:00,2024-03-15,21:15:00,7190,1,0,1,1,0,226.4,228.1,3300.0,0.713,March,Friday,21,Local,0
1710527400,2024-03-15 21:30:00,2024-03-15,21:30:00,7191,1,0,1,1,1,227.5,227.0,4500.0,1.0358,March,Friday,21,Local,0
1710528300,2024-03-15 21:45:00,2024-03-15,21:45:00,7192,1,0,0,0,0,231.7,234.8,150.0,0.1,March,Friday,21,Local,0
1710529200,2024-03-15 22:00:00,2024-03-15,22:00:00,7193,1,0,0,1,0,234.7,236.2,300.0,0.1,March,Friday,22,Local,0
1710530100,2024-03-15 22:15:00,2024-03-15,22:15:00,7194,0,0,1,0,0,231.4,230.8,3000.0,0.6111,March,Friday,22,Local,0
1710531000,2024-03-15 22:30:00,2024-03-15,22:30:00,7195,1,0,1,1,1,231.1,236.0,4500.0,1.1488,March,Friday,22,Local,0
1710531900,2024-03-15 22:45:00,2024-03-15,22:45:00,7196,1,0,0,0,0,225.7,226.7,150.0,0.1,March,Friday,22,Local,0
1710532800,2024-03-15 23:00:00,2024-03-15,23:00:00,7197,0,0,0,1,0,228.7,228.9,150.0,0.1,March,Friday,23,Local,0
1710533700,2024-03-15 23:15:00,2024-03-15,23:15:00,7198,1,0,0,1,0,232.8,230.7,300.0,0.1,March,Friday,23,Local,0
1710534600,2024-03-15 23:30:00,2024-03-15,23:30:00,7199,0,0,0,1,0,227.1,223.9,1650.0,0.4277,March,Friday,23,Local,0
1710535500,2024-03-15 23:45:00,2024-03-15,23:45:00,7200,0,0,0,0,0,228.9,226.2,0.0,0.1,March,Friday,23,Local,0
1710536400,2024-03-16 00:00:00,2024-03-16,00:00:00,7201,0,0,0,1,0,229.6,231.1,150.0,0.1,March,Saturday,0,Local,0
1710537300,2024-03-16 00:15:00,2024-03-16,00:15:00,7202,0,0,0,1,0,225.6,224.7,150.0,0.1,March,Saturday,0,Local,0
1710538200,2024-03-16 00:30:00,2024-03-16,00:30:00,7203,0,0,0,1,0,230.6,231.7,150.0,0.1,March,Saturday,0,Local,0
1710539100,2024-03-16 00:45:00,2024-03-16,00:45:00,7204,0,0,0,0,0,228.9,230.0,0.0,0.1,March,Saturday,0,Local,0
1710540000,2024-03-16 01:00:00,2024-03-16,01:00:00,7205,0,0,0,1,0,232.7,235.4,150.0,0.1,March,Saturday,1,Local,0
1710540900,2024-03-16 01:15:00,2024-03-16,01:15:00,7206,0,0,0,1,0,227.2,230.8,150.0,0.1,March,Saturday,1,Local,0
1710541800,2024-03-16 01:30:00,2024-03-16,01:30:00,7207,0,0,0,1,0,232.6,236.0,150.0,0.1,March,Saturday,1,Local,0
1710542700,2024-03-16 01:45:00,2024-03-16,01:45:00,7208,0,0,0,0,0,230.4,227.8,0.0,0.1,March,Saturday,1,Local,0
1710543600,2024-03-16 02:00:00,2024-03-16,02:00:00,7209,0,0,0,1,0,231.4,233.4,150.0,0.1,March,Saturday,2,Local,0
1710544500,2024-03-16 02:15:00,2024-03-16,02:15:00,7210,0,0,0,1,0,231.7,232.7,150.0,0.1,March,Saturday,2,Local,0
1710545400,2024-03-16 02:30:00,2024-03-16,02:30:00,7211,0,0,0,1,0,233.4,234.9,150.0,0.1,March,Saturday,2,Local,0
1710546300,2024-03-16 02:45:00,2024-03-16,02:45:00,7212,0,0,0,0,0,229.4,231.3,0.0,0.1,March,Saturday,2,Local,0
1710547200,2024-03-16 03:00:00,2024-03-16,03:00:00,7213,0,0,0,0,0,228.5,232.2,0.0,0.1,March,Saturday,3,Local,0
1710548100,2024-03-16 03:15:00,2024-03-16,03:15:00,7214,0,0,0,1,0,230.4,225.5,150.0,0.1,March,Saturday,3,Local,0
1710549000,2024-03-16 03:30:00,2024-03-16,03:30:00,7215,0,0,0,1,0,233.6,233.9,150.0,0.1,March,Saturday,3,Local,0
1710549900,2024-03-16 03:45:00,2024-03-16,03:45:00,7216,0,0,0,0,0,224.1,225.1,0.0,0.1,March,Saturday,3,Local,0
1710550800,2024-03-16 04:00:00,2024-03-16,04:00:00,7217,0,0,0,1,0,228.0,226.5,150.0,0.1,March,Saturday,4,Local,0
1710551700,2024-03-16 04:15:00,2024-03-16,04:15:00,7218,0,0,0,1,0,234.1,235.0,150.0,0.1,March,Saturday,4,Local,0
1710552600,2024-03-16 04:30:00,2024-03-16,04:30:00,7219,0,0,0,1,0,229.0,231.7,150.0,0.1,March,Saturday,4,Local,0
1710553500,2024-03-16 04:45:00,2024-03-16,04:45:00,7220,0,0,0,0,0,234.0,233.2,0.0,0.1,March,Saturday,4,Local,0
1710554400,2024-03-16 05:00:00,2024-03-16,05:00:00,7221,0,0,0,1,0,230.7,226.7,150.0,0.1,March,Saturday,5,Local,0
1710555300,2024-03-16 05:15:00,2024-03-16,05:15:00,7222,0,0,0,1,0,230.4,226.2,150.0,0.1,March,Saturday,5,Local,0
1710556200,2024-03-16 05:30:00,2024-03-16,05:30:00,7223,0,0,0,1,0,235.3,235.2,150.0,0.1,March,Saturday,5,Local,0
1710557100,2024-03-16 05:45:00,2024-03-16,05:45:00,7224,0,0,0,0,0,226.5,228.8,0.0,0.1,March,Saturday,5,Local,0
1710558000,2024-03-16 06:00:00,2024-03-16,06:00:00,7225,1,0,0,1,0,233.2,229.8,300.0,0.1,March,Saturday,6,Local,0
1710558900,2024-03-16 06:15:00,2024-03-16,06:15:00,7226,0,0,0,1,0,226.7,229.9,150.0,0.1,March,Saturday,6,Local,0
1710559800,2024-03-16 06:30:00,2024-03-16,06:30:00,7227,0,0,0,1,0,233.2,236.8,150.0,0.1,March,Saturday,6,Local,0
1710560700,2024-03-16 06:45:00,2024-03-16,06:45:00,7228,0,0,0,0,0,226.1,224.8,0.0,0.1,March,Saturday,6,Local,0
1710561600,2024-03-16 07:00:00,2024-03-16,07:00:00,7229,0,0,0,1,1,231.3,232.7,1350.0,0.3626,March,Saturday,7,Local,0
1710562500,2024-03-16 07:15:00,2024-03-16,07:15:00,7230,0,0,0,1,0,222.7,226.4,150.0,0.1,March,Saturday,7,Local,0
1710563400,2024-03-16 07:30:00,2024-03-16,07:30:00,7231,0,0,0,1,0,235.0,234.2,150.0,0.1,March,Saturday,7,Local,0
1710564300,2024-03-16 07:45:00,2024-03-16,07:45:00,7232,0,0,0,0,0,226.6,225.5,0.0,0.1,March,Saturday,7,Local,0
1710565200,2024-03-16 08:00:00,2024-03-16,08:00:00,7233,1,1,0,1,0,229.6,226.8,2800.0,0.6341,March,Saturday,8,Local,0
1710566100,2024-03-16 08:15:00,2024-03-16,08:15:00,7234,0,0,0,1,0,230.2,230.4,150.0,0.1,March,Saturday,8,Local,0
1710567000,2024-03-16 08:30:00,2024-03-16,08:30:00,7235,0,0,0,0,0,229.7,234.8,0.0,0.1,March,Saturday,8,Local,0
1710567900,2024-03-16 08:45:00,2024-03-16,08:45:00,7236,0,0,0,0,0,229.7,231.9,0.0,0.1,March,Saturday,8,Local,0
1710568800,2024-03-16 09:00:00,2024-03-16,09:00:00,7237,0,0,0,1,0,228.4,229.7,950.0,0.1862,March,Saturday,9,Local,0
1710569700,2024-03-16 09:15:00,2024-03-16,09:15:00,7238,0,0,0,0,0,228.2,230.2,0.0,0.1,March,Saturday,9,Local,0
1710570600,2024-03-16 09:30:00,2024-03-16,09:30:00,7239,1,0,0,1,0,234.3,236.8,300.0,0.1,March,Saturday,9,Local,0
1710571500,2024-03-16 09:45:00,2024-03-16,09:45:00,7240,0,0,0,0,0,232.2,230.8,0.0,0.1,March,Saturday,9,Local,0
1710572400,2024-03-16 10:00:00,2024-03-16,10:00:00,7241,0,0,0,1,0,230.7,230.9,150.0,0.1,March,Saturday,10,Local,0
1710573300,2024-03-16 10:15:00,2024-03-16,10:15:00,7242,1,0,0,1,1,232.5,231.2,1500.0,0.3686,March,Saturday,10,Local,0
1710574200,2024-03-16 10:30:00,2024-03-16,10:30:00,7243,0,0,0,1,0,229.4,230.7,150.0,0.1,March,Saturday,10,Local,0
1710575100,2024-03-16 10:45:00,2024-03-16,10:45:00,7244,0,0,0,0,0,230.6,231.5,0.0,0.1,March,Saturday,10,Local,0
1710576000,2024-03-16 11:00:00,2024-03-16,11:00:00,7245,0,0,0,1,0,233.9,234.8,150.0,0.1,March,Saturday,11,Local,0
1710576900,2024-03-16 11:15:00,2024-03-16,11:15:00,7246,1,0,0,0,0,233.6,233.8,150.0,0.1,March,Saturday,11,Local,0
1710577800,2024-03-16 11:30:00,2024-03-16,11:30:00,7247,0,0,0,1,0,228.9,226.5,150.0,0.1,March,Saturday,11,Local,0
1710578700,2024-03-16 11:45:00,2024-03-16,11:45:00,7248,0,0,0,0,0,227.8,224.1,0.0,0.1,March,Saturday,11,Local,0
1710579600,2024-03-16 12:00:00,2024-03-16,12:00:00,7249,0,0,1,1,0,235.3,234.6,3150.0,0.8179,March,Saturday,12,Local,0
1710580500,2024-03-16 12:15:00,2024-03-16,12:15:00,7250,0,0,0,0,0,232.0,230.8,0.0,0.1,March,Saturday,12,Local,0
1710581400,2024-03-16 12:30:00,2024-03-16,12:30:00,7251,0,0,1,1,0,234.6,238.6,3150.0,0.9574,March,Saturday,12,Local,0
1710582300,2024-03-16 12:45:00,2024-03-16,12:45:00,7252,0,0,0,0,0,228.3,228.1,0.0,0.1,March,Saturday,12,Local,0
1710583200,2024-03-16 13:00:00,2024-03-16,13:00:00,7253,0,0,0,1,1,229.4,229.3,1350.0,0.3233,March,Saturday,13,Local,0
1710584100,2024-03-16 13:15:00,2024-03-16,13:15:00,7254,0,0,0,1,0,230.0,232.6,150.0,0.1,March,Saturday,13,Local,0
1710585000,2024-03-16 13:30:00,2024-03-16,13:30:00,7255,0,0,0,1,0,227.7,228.3,150.0,0.1,March,Saturday,13,Local,0
1710585900,2024-03-16 13:45:00,2024-03-16,13:45:00,7256,0,0,0,1,0,229.2,228.0,150.0,0.1,March,Saturday,13,Local,0
1710586800,2024-03-16 14:00:00,2024-03-16,14:00:00,7257,0,0,0,1,0,233.1,231.3,150.0,0.1,March,Saturday,14,Local,0
1710587700,2024-03-16 14:15:00,2024-03-16,14:15:00,7258,0,0,1,1,0,226.6,223.7,3150.0,1.0263,March,Saturday,14,Local,0
1710588600,2024-03-16 14:30:00,2024-03-16,14:30:00,7259,0,0,0,1,1,228.1,228.5,1350.0,0.3104,March,Saturday,14,Local,0
1710589500,2024-03-16 14:45:00,2024-03-16,14:45:00,7260,0,1,0,0,0,230.7,235.5,2500.0,0.6554,March,Saturday,14,Local,0
1710590400,2024-03-16 15:00:00,2024-03-16,15:00:00,7261,0,0,0,1,0,229.9,231.3,150.0,0.1,March,Saturday,15,Local,0
1710591300,2024-03-16 15:15:00,2024-03-16,15:15:00,7262,0,0,0,1,0,234.0,234.5,150.0,0.1,March,Saturday,15,Local,0
1710592200,2024-03-16 15:30:00,2024-03-16,15:30:00,7263,0,1,0,1,0,230.3,233.4,2650.0,0.6253,March,Saturday,15,Local,0
1710593100,2024-03-16 15:45:00,2024-03-16,15:45:00,7264,0,1,0,0,0,229.2,226.8,2500.0,0.6451,March,Saturday,15,Local,0
1710594000,2024-03-16 16:00:00,2024-03-16,16:00:00,7265,0,1,0,1,0,226.6,227.6,2650.0,0.6231,March,Saturday,16,Local,0
1710594900,2024-03-16 16:15:00,2024-03-16,16:15:00,7266,0,0,0,1,0,229.5,228.6,2150.0,0.5591,March,Saturday,16,Local,0
1710595800,2024-03-16 16:30:00,2024-03-16,16:30:00,7267,0,0,0,0,0,233.5,231.5,0.0,0.1,March,Saturday,16,Local,0
1710596700,2024-03-16 16:45:00,2024-03-16,16:45:00,7268,0,0,0,0,0,228.1,228.4,0.0,0.1,March,Saturday,16,Local,0
1710597600,2024-03-16 17:00:00,2024-03-16,17:00:00,7269,0,0,1,1,0,231.2,230.5,3150.0,0.8909,March,Saturday,17,Local,0
1710598500,2024-03-16 17:15:00,2024-03-16,17:15:00,7270,1,1,1,1,0,235.7,237.3,5800.0,1.6394,March,Saturday,17,Local,0
1710599400,2024-03-16 17:30:00,2024-03-16,17:30:00,7271,0,0,0,1,0,231.2,232.1,150.0,0.1,March,Saturday,17,Local,0
1710600300,2024-03-16 17:45:00,2024-03-16,17:45:00,7272,0,0,1,1,0,231.2,230.3,3150.0,0.8177,March,Saturday,17,Local,0
1710601200,2024-03-16 18:00:00,2024-03-16,18:00:00,7273,1,0,1,1,1,228.5,228.5,4500.0,1.0797,March,Saturday,18,Local,0
1710602100,2024-03-16 18:15:00,2024-03-16,18:15:00,7274,0,0,0,1,0,232.9,232.9,950.0,0.2401,March,Saturday,18,Local,0
1710603000,2024-03-16 18:30:00,2024-03-16,18:30:00,7275,1,0,0,0,0,228.8,224.2,150.0,0.1,March,Saturday,18,Local,0
1710603900,2024-03-16 18:45:00,2024-03-16,18:45:00,7276,1,0,0,0,1,229.9,231.6,1350.0,0.3832,March,Saturday,18,Local,0
1710604800,2024-03-16 19:00:00,2024-03-16,19:00:00,7277,1,0,1,1,0,231.5,230.2,3300.0,0.7431,March,Saturday,19,Local,0
1710605700,2024-03-16 19:15:00,2024-03-16,19:15:00,7278,1,0,0,1,0,230.3,229.2,300.0,0.1,March,Saturday,19,Local,0
1710606600,2024-03-16 19:30:00,2024-03-16,19:30:00,7279,1,0,0,1,0,225.9,226.9,300.0,0.1,March,Saturday,19,Local,0
1710607500,2024-03-16 19:45:00,2024-03-16,19:45:00,7280,1,0,1,0,1,227.5,232.8,4350.0,0.8639,March,Saturday,19,Local,0
1710608400,2024-03-16 20:00:00,2024-03-16,20:00:00,7281,1,0,0,1,0,230.7,227.4,300.0,0.1,March,Saturday,20,Local,0
1710609300,2024-03-16 20:15:00,2024-03-16,20:15:00,7282,1,0,1,1,0,230.6,230.7,3300.0,0.9011,March,Saturday,20,Local,0
1710610200,2024-03-16 20:30:00,2024-03-16,20:30:00,7283,1,1,0,1,0,234.0,231.7,2800.0,0.4212,March,Saturday,20,Local,0
1710611100,2024-03-16 20:45:00,2024-03-16,20:45:00,7284,1,0,1,0,0,231.6,233.8,3150.0,0.6028,March,Saturday,20,Local,0
1710612000,2024-03-16 21:00:00,2024-03-16,21:00:00,7285,1,0,0,0,0,227.3,230.1,150.0,0.1,March,Saturday,21,Local,0
1710612900,2024-03-16 21:15:00,2024-03-16,21:15:00,7286,1,0,0,1,0,233.2,232.2,300.0,0.1,March,Saturday,21,Local,0
1710613800,2024-03-16 21:30:00,2024-03-16,21:30:00,7287,1,0,0,1,0,228.3,226.6,300.0,0.1,March,Saturday,21,Local,0
1710614700,2024-03-16 21:45:00,2024-03-16,21:45:00,7288,1,0,0,0,0,231.5,231.4,150.0,0.1,March,Saturday,21,Local,0
1710615600,2024-03-16 22:00:00,2024-03-16,22:00:00,7289,1,0,1,1,0,227.7,230.0,3300.0,0.8427,March,Saturday,22,Local,0
1710616500,2024-03-16 22:15:00,2024-03-16,22:15:00,7290,1,0,0,1,0,233.2,232.9,300.0,0.1,March,Saturday,22,Local,0
1710617400,2024-03-16 22:30:00,2024-03-16,22:30:00,7291,1,0,0,1,0,235.5,235.1,300.0,0.1,March,Saturday,22,Local,0
1710618300,2024-03-16 22:45:00,2024-03-16,22:45:00,7292,1,0,0,0,0,226.9,230.2,150.0,0.1,March,Saturday,22,Local,0
1710619200,2024-03-16 23:00:00,2024-03-16,23:00:00,7293,0,0,0,1,0,233.1,231.7,150.0,0.1,March,Saturday,23,Local,0
1710620100,2024-03-16 23:15:00,2024-03-16,23:15:00,7294,0,0,0,1,0,231.9,230.7,150.0,0.1,March,Saturday,23,Local,0
1710621000,2024-03-16 23:30:00,2024-03-16,23:30:00,7295,1,0,0,1,0,225.4,225.2,300.0,0.1,March,Saturday,23,Local,0
1710621900,2024-03-16 23:45:00,2024-03-16,23:45:00,7296,0,0,0,0,0,231.5,230.5,0.0,0.1,March,Saturday,23,Local,0
1710622800,2024-03-17 00:00:00,2024-03-17,00:00:00,7297,0,0,0,1,0,228.4,227.5,150.0,0.1,March,Sunday,0,Local,0
1710623700,2024-03-17 00:15:00,2024-03-17,00:15:00,7298,0,0,0,1,0,230.6,229.0,150.0,0.1,March,Sunday,0,Local,0
1710624600,2024-03-17 00:30:00,2024-03-17,00:30:00,7299,0,0,0,1,0,230.9,229.8,1150.0,0.2939,March,Sunday,0,Local,0
1710625500,2024-03-17 00:45:00,2024-03-17,00:45:00,7300,0,0,0,0,0,227.2,229.2,0.0,0.1,March,Sunday,0,Local,0
1710626400,2024-03-17 01:00:00,2024-03-17,01:00:00,7301,0,0,0,1,0,231.4,232.7,150.0,0.1,March,Sunday,1,Local,0
1710627300,2024-03-17 01:15:00,2024-03-17,01:15:00,7302,0,0,0,1,0,232.3,232.5,150.0,0.1,March,Sunday,1,Local,0
1710628200,2024-03-17 01:30:00,2024-03-17,01:30:00,7303,0,0,0,1,0,233.7,232.6,150.0,0.1,March,Sunday,1,Local,0
1710629100,2024-03-17 01:45:00,2024-03-17,01:45:00,7304,0,0,0,0,0,229.7,228.4,0.0,0.1,March,Sunday,1,Local,0
1710630000,2024-03-17 02:00:00,2024-03-17,02:00:00,7305,0,0,0,1,0,232.2,231.8,150.0,0.1,March,Sunday,2,Local,0
1710630900,2024-03-17 02:15:00,2024-03-17,02:15:00,7306,0,0,0,1,0,230.6,232.7,150.0,0.1,March,Sunday,2,Local,0
1710631800,2024-03-17 02:30:00,2024-03-17,02:30:00,7307,0,0,0,1,0,228.0,229.5,150.0,0.1,March,Sunday,2,Local,0
1710632700,2024-03-17 02:45:00,2024-03-17,02:45:00,7308,0,0,0,1,0,227.7,227.5,150.0,0.1,March,Sunday,2,Local,0
1710633600,2024-03-17 03:00:00,2024-03-17,03:00:00,7309,0,0,0,1,0,230.6,228.5,150.0,0.1,March,Sunday,3,Local,0
1710634500,2024-03-17 03:15:00,2024-03-17,03:15:00,7310,0,0,0,1,0,229.2,229.5,150.0,0.1,March,Sunday,3,Local,0
1710635400,2024-03-17 03:30:00,2024-03-17,03:30:00,7311,0,0,0,1,0,232.9,231.1,150.0,0.1,March,Sunday,3,Local,0
1710636300,2024-03-17 03:45:00,2024-03-17,03:45:00,7312,0,0,0,0,0,231.5,227.0,0.0,0.1,March,Sunday,3,Local,0
1710637200,2024-03-17 04:00:00,2024-03-17,04:00:00,7313,0,0,0,1,0,232.0,231.7,150.0,0.1,March,Sunday,4,Local,0
1710638100,2024-03-17 04:15:00,2024-03-17,04:15:00,7314,0,0,0,1,0,232.5,232.9,150.0,0.1,March,Sunday,4,Local,0
1710639000,2024-03-17 04:30:00,2024-03-17,04:30:00,7315,0,0,0,0,0,237.1,238.5,0.0,0.1,March,Sunday,4,Local,0
1710639900,2024-03-17 04:45:00,2024-03-17,04:45:00,7316,0,0,0,0,0,234.6,239.4,0.0,0.1,March,Sunday,4,Local,0
1710640800,2024-03-17 05:00:00,2024-03-17,05:00:00,7317,0,0,0,1,0,228.3,226.2,150.0,0.1,March,Sunday,5,Local,0
1710641700,2024-03-17 05:15:00,2024-03-17,05:15:00,7318,0,0,0,0,0,225.7,227.1,0.0,0.1,March,Sunday,5,Local,0
1710642600,2024-03-17 05:30:00,2024-03-17,05:30:00,7319,0,0,0,1,0,228.1,230.3,150.0,0.1,March,Sunday,5,Local,0
1710643500,2024-03-17 05:45:00,2024-03-17,05:45:00,7320,0,0,0,0,0,229.9,229.0,0.0,0.1,March,Sunday,5,Local,0
1710644400,2024-03-17 06:00:00,2024-03-17,06:00:00,7321,0,0,0,1,0,228.6,230.9,150.0,0.1,March,Sunday,6,Local,0
1710645300,2024-03-17 06:15:00,2024-03-17,06:15:00,7322,0,0,0,1,0,229.2,230.8,150.0,0.1,March,Sunday,6,Local,0
1710646200,2024-03-17 06:30:00,2024-03-17,06:30:00,7323,0,0,0,1,0,228.4,225.9,150.0,0.1,March,Sunday,6,Local,0
1710647100,2024-03-17 06:45:00,2024-03-17,06:45:00,7324,0,0,0,0,0,230.7,228.4,0.0,0.1,March,Sunday,6,Local,0
1710648000,2024-03-17 07:00:00,2024-03-17,07:00:00,7325,0,1,0,1,1,232.8,231.7,3850.0,0.9191,March,Sunday,7,Local,0
1710648900,2024-03-17 07:15:00,2024-03-17,07:15:00,7326,0,0,0,1,0,229.9,227.8,150.0,0.1,March,Sunday,7,Local,0
1710649800,2024-03-17 07:30:00,2024-03-17,07:30:00,7327,0,0,0,1,0,233.4,234.9,150.0,0.1,March,Sunday,7,Local,0
1710650700,2024-03-17 07:45:00,2024-03-17,07:45:00,7328,0,0,0,0,0,226.3,228.2,0.0,0.1,March,Sunday,7,Local,0
1710651600,2024-03-17 08:00:00,2024-03-17,08:00:00,7329,0,0,0,0,0,227.9,227.4,0.0,0.1,March,Sunday,8,Local,0
1710652500,2024-03-17 08:15:00,2024-03-17,08:15:00,7330,0,0,0,1,0,238.9,236.3,150.0,0.1,March,Sunday,8,Local,0
1710653400,2024-03-17 08:30:00,2024-03-17,08:30:00,7331,0,0,0,1,0,227.2,225.9,150.0,0.1,March,Sunday,8,Local,0
1710654300,2024-03-17 08:45:00,2024-03-17,08:45:00,7332,0,0,0,0,0,228.7,227.5,0.0,0.1,March,Sunday,8,Local,0
1710655200,2024-03-17 09:00:00,2024-03-17,09:00:00,7333,1,0,0,1,0,232.5,232.4,300.0,0.1,March,Sunday,9,Local,0
1710656100,2024-03-17 09:15:00,2024-03-17,09:15:00,7334,0,0,0,1,0,235.4,235.3,150.0,0.1,March,Sunday,9,Local,0
1710657000,2024-03-17 09:30:00,2024-03-17,09:30:00,7335,0,0,0,1,0,230.3,229.2,150.0,0.1,March,Sunday,9,Local,0
1710657900,2024-03-17 09:45:00,2024-03-17,09:45:00,7336,0,0,0,0,0,224.1,220.0,0.0,0.1,March,Sunday,9,Local,0
1710658800,2024-03-17 10:00:00,2024-03-17,10:00:00,7337,0,0,0,1,0,229.4,229.1,150.0,0.1,March,Sunday,10,Local,0
1710659700,2024-03-17 10:15:00,2024-03-17,10:15:00,7338,0,0,1,1,0,225.4,224.0,3150.0,0.7148,March,Sunday,10,Local,0
1710660600,2024-03-17 10:30:00,2024-03-17,10:30:00,7339,0,0,0,1,0,227.0,229.1,150.0,0.1,March,Sunday,10,Local,0
1710661500,2024-03-17 10:45:00,2024-03-17,10:45:00,7340,0,0,0,0,0,224.2,223.4,0.0,0.1,March,Sunday,10,Local,0
1710662400,2024-03-17 11:00:00,2024-03-17,11:00:00,7341,0,0,0,1,0,236.2,237.7,150.0,0.1,March,Sunday,11,Local,0
1710663300,2024-03-17 11:15:00,2024-03-17,11:15:00,7342,0,0,0,1,0,230.1,229.1,150.0,0.1,March,Sunday,11,Local,0
1710664200,2024-03-17 11:30:00,2024-03-17,11:30:00,7343,0,0,0,1,0,225.1,225.1,1650.0,0.4002,March,Sunday,11,Local,0
1710665100,2024-03-17 11:45:00,2024-03-17,11:45:00,7344,0,0,0,0,0,232.7,231.6,0.0,0.1,March,Sunday,11,Local,0
1710666000,2024-03-17 12:00:00,2024-03-17,12:00:00,7345,0,0,0,1,0,228.3,226.4,150.0,0.1,March,Sunday,12,Local,0
1710666900,2024-03-17 12:15:00,2024-03-17,12:15:00,7346,0,0,1,1,0,233.4,232.3,3150.0,0.6947,March,Sunday,12,Local,0
1710667800,2024-03-17 12:30:00,2024-03-17,12:30:00,7347,0,0,0,1,0,230.5,231.9,150.0,0.1,March,Sunday,12,Local,0
1710668700,2024-03-17 12:45:00,2024-03-17,12:45:00,7348,0,0,0,0,0,225.7,223.3,0.0,0.1,March,Sunday,12,Local,0
1710669600,2024-03-17 13:00:00,2024-03-17,13:00:00,7349,0,0,0,1,0,235.2,233.8,150.0,0.1,March,Sunday,13,Local,0
1710670500,2024-03-17 13:15:00,2024-03-17,13:15:00,7350,0,0,0,1,0,226.1,225.5,150.0,0.1,March,Sunday,13,Local,0
1710671400,2024-03-17 13:30:00,2024-03-17,13:30:00,7351,0,0,0,1,0,233.0,231.4,150.0,0.1,March,Sunday,13,Local,0
1710672300,2024-03-17 13:45:00,2024-03-17,13:45:00,7352,0,0,0,0,0,235.5,236.3,0.0,0.1,March,Sunday,13,Local,0
1710673200,2024-03-17 14:00:00,2024-03-17,14:00:00,7353,0,0,0,1,1,232.5,232.3,1350.0,0.311,March,Sunday,14,Local,0
1710674100,2024-03-17 14:15:00,2024-03-17,14:15:00,7354,0,1,0,1,1,234.8,234.5,3850.0,0.9184,March,Sunday,14,Local,0
1710675000,2024-03-17 14:30:00,2024-03-17,14:30:00,7355,0,0,0,1,0,227.7,225.0,150.0,0.1,March,Sunday,14,Local,0
1710675900,2024-03-17 14:45:00,2024-03-17,14:45:00,7356,0,0,0,0,0,228.4,227.8,0.0,0.1,March,Sunday,14,Local,0
1710676800,2024-03-17 15:00:00,2024-03-17,15:00:00,7357,0,0,1,1,0,228.9,230.1,3150.0,0.8791,March,Sunday,15,Local,0
1710677700,2024-03-17 15:15:00,2024-03-17,15:15:00,7358,1,0,0,1,0,229.8,228.7,300.0,0.1,March,Sunday,15,Local,0
1710678600,2024-03-17 15:30:00,2024-03-17,15:30:00,7359,0,0,0,1,0,227.8,229.9,1650.0,0.4309,March,Sunday,15,Local,0
1710679500,2024-03-17 15:45:00,2024-03-17,15:45:00,7360,1,0,0,0,0,228.5,232.0,150.0,0.1,March,Sunday,15,Local,0
1710680400,2024-03-17 16:00:00,2024-03-17,16:00:00,7361,1,0,0,1,1,229.9,227.9,1500.0,0.377,March,Sunday,16,Local,0
1710681300,2024-03-17 16:15:00,2024-03-17,16:15:00,7362,0,0,0,1,0,228.7,230.0,150.0,0.1,March,Sunday,16,Local,0
1710682200,2024-03-17 16:30:00,2024-03-17,16:30:00,7363,1,0,0,1,0,232.0,230.4,300.0,0.1,March,Sunday,16,Local,0
1710683100,2024-03-17 16:45:00,2024-03-17,16:45:00,7364,0,0,0,1,1,223.4,222.4,1350.0,0.3447,March,Sunday,16,Local,0
1710684000,2024-03-17 17:00:00,2024-03-17,17:00:00,7365,1,1,0,1,0,229.0,228.7,2800.0,0.7258,March,Sunday,17,Local,0
1710684900,2024-03-17 17:15:00,2024-03-17,17:15:00,7366,1,0,1,1,0,230.3,228.5,3300.0,0.8422,March,Sunday,17,Local,0
1710685800,2024-03-17 17:30:00,2024-03-17,17:30:00,7367,0,0,0,1,1,232.5,230.8,1350.0,0.3611,March,Sunday,17,Local,0
1710686700,2024-03-17 17:45:00,2024-03-17,17:45:00,7368,0,0,0,0,0,228.3,229.5,0.0,0.1,March,Sunday,17,Local,0
1710687600,2024-03-17 18:00:00,2024-03-17,18:00:00,7369,1,0,0,1,0,228.7,228.8,300.0,0.1,March,Sunday,18,Local,0
1710688500,2024-03-17 18:15:00,2024-03-17,18:15:00,7370,1,0,1,1,0,227.4,224.6,3300.0,0.8522,March,Sunday,18,Local,0
1710689400,2024-03-17 18:30:00,2024-03-17,18:30:00,7371,1,0,1,1,0,229.8,231.3,3300.0,0.8201,March,Sunday,18,Local,0
1710690300,2024-03-17 18:45:00,2024-03-17,18:45:00,7372,0,0,0,0,0,231.4,229.2,0.0,0.2842,March,Sunday,18,Local,1
1710691200,2024-03-17 19:00:00,2024-03-17,19:00:00,7373,1,0,0,0,1,237.5,237.9,1350.0,0.3475,March,Sunday,19,Local,0
1710692100,2024-03-17 19:15:00,2024-03-17,19:15:00,7374,1,0,1,1,0,228.8,228.3,3300.0,0.7993,March,Sunday,19,Local,0
1710693000,2024-03-17 19:30:00,2024-03-17,19:30:00,7375,1,1,0,1,0,226.7,227.2,2800.0,0.6581,March,Sunday,19,Local,0
1710693900,2024-03-17 19:45:00,2024-03-17,19:45:00,7376,1,0,1,0,0,230.3,233.6,3150.0,0.8139,March,Sunday,19,Local,0
1710694800,2024-03-17 20:00:00,2024-03-17,20:00:00,7377,1,0,0,1,0,233.5,231.5,300.0,0.1,March,Sunday,20,Local,0
1710695700,2024-03-17 20:15:00,2024-03-17,20:15:00,7378,1,0,1,1,0,229.3,227.9,3300.0,0.8491,March,Sunday,20,Local,0
1710696600,2024-03-17 20:30:00,2024-03-17,20:30:00,7379,1,0,1,1,0,230.2,229.6,3300.0,0.8805,March,Sunday,20,Local,0
1710697500,2024-03-17 20:45:00,2024-03-17,20:45:00,7380,1,0,1,0,0,229.1,228.5,3150.0,0.8397,March,Sunday,20,Local,0
1710698400,2024-03-17 21:00:00,2024-03-17,21:00:00,7381,1,0,0,1,0,231.0,231.6,300.0,0.1,March,Sunday,21,Local,0
1710699300,2024-03-17 21:15:00,2024-03-17,21:15:00,7382,1,0,0,0,1,230.7,229.6,1350.0,0.3273,March,Sunday,21,Local,0
1710700200,2024-03-17 21:30:00,2024-03-17,21:30:00,7383,1,1,0,1,1,226.1,227.6,4000.0,0.984,March,Sunday,21,Local,0
1710701100,2024-03-17 21:45:00,2024-03-17,21:45:00,7384,1,0,0,0,0,225.3,227.7,150.0,0.1,March,Sunday,21,Local,0
1710702000,2024-03-17 22:00:00,2024-03-17,22:00:00,7385,1,0,0,1,0,230.0,227.7,300.0,0.1,March,Sunday,22,Local,0
1710702900,2024-03-17 22:15:00,2024-03-17,22:15:00,7386,0,0,0,1,0,232.5,232.8,150.0,0.1,March,Sunday,22,Local,0
1710703800,2024-03-17 22:30:00,2024-03-17,22:30:00,7387,0,0,1,1,0,230.9,232.4,3150.0,0.8287,March,Sunday,22,Local,0
1710704700,2024-03-17 22:45:00,2024-03-17,22:45:00,7388,1,1,1,0,0,227.2,226.0,5650.0,1.4116,March,Sunday,22,Local,0
1710705600,2024-03-17 23:00:00,2024-03-17,23:00:00,7389,0,0,0,1,0,223.0,221.2,650.0,0.1575,March,Sunday,23,Local,0
1710706500,2024-03-17 23:15:00,2024-03-17,23:15:00,7390,1,0,0,1,0,235.7,235.1,300.0,0.1,March,Sunday,23,Local,0
1710707400,2024-03-17 23:30:00,2024-03-17,23:30:00,7391,1,0,0,1,0,232.7,229.3,300.0,0.1,March,Sunday,23,Local,0
1710708300,2024-03-17 23:45:00,2024-03-17,23:45:00,7392,0,0,0,0,0,227.8,225.9,0.0,0.1,March,Sunday,23,Local,0
1710709200,2024-03-18 00:00:00,2024-03-18,00:00:00,7393,0,0,0,1,0,232.8,229.8,150.0,0.1,March,Monday,0,Local,0
1710710100,2024-03-18 00:15:00,2024-03-18,00:15:00,7394,1,0,0,1,0,233.3,230.3,300.0,0.1,March,Monday,0,Local,0
1710711000,2024-03-18 00:30:00,2024-03-18,00:30:00,7395,0,0,0,1,0,227.3,229.3,150.0,0.1,March,Monday,0,Local,0
1710711900,2024-03-18 00:45:00,2024-03-18,00:45:00,7396,0,0,0,0,0,233.9,238.6,0.0,0.1,March,Monday,0,Local,0
1710712800,2024-03-18 01:00:00,2024-03-18,01:00:00,7397,0,0,0,1,0,232.0,235.6,150.0,0.1,March,Monday,1,Local,0
1710713700,2024-03-18 01:15:00,2024-03-18,01:15:00,7398,0,0,0,1,0,233.4,235.7,150.0,0.1,March,Monday,1,Local,0
1710714600,2024-03-18 01:30:00,2024-03-18,01:30:00,7399,0,0,0,1,0,226.9,226.0,150.0,0.1,March,Monday,1,Local,0
1710715500,2024-03-18 01:45:00,2024-03-18,01:45:00,7400,0,0,0,0,0,232.4,230.2,0.0,0.1,March,Monday,1,Local,0
1710716400,2024-03-18 02:00:00,2024-03-18,02:00:00,7401,0,0,0,1,0,229.6,232.1,150.0,0.1,March,Monday,2,Local,0
1710717300,2024-03-18 02:15:00,2024-03-18,02:15:00,7402,0,0,0,1,0,227.8,227.9,2150.0,0.5503,March,Monday,2,Local,0
1710718200,2024-03-18 02:30:00,2024-03-18,02:30:00,7403,0,0,0,1,0,229.7,228.9,150.0,0.1,March,Monday,2,Local,0
1710719100,2024-03-18 02:45:00,2024-03-18,02:45:00,7404,0,0,0,0,0,234.1,235.7,0.0,0.1,March,Monday,2,Local,0
1710720000,2024-03-18 03:00:00,2024-03-18,03:00:00,7405,0,0,0,1,0,226.9,227.4,150.0,0.1,March,Monday,3,Local,0
1710720900,2024-03-18 03:15:00,2024-03-18,03:15:00,7406,0,0,0,1,0,230.5,230.8,150.0,0.1,March,Monday,3,Local,0
1710721800,2024-03-18 03:30:00,2024-03-18,03:30:00,7407,0,0,0,1,0,228.8,231.4,150.0,0.1,March,Monday,3,Local,0
1710722700,2024-03-18 03:45:00,2024-03-18,03:45:00,7408,1,0,0,0,0,228.2,230.0,150.0,0.1,March,Monday,3,Local,0
1710723600,2024-03-18 04:00:00,2024-03-18,04:00:00,7409,0,0,0,1,0,230.4,236.3,150.0,0.1,March,Monday,4,Local,0
1710724500,2024-03-18 04:15:00,2024-03-18,04:15:00,7410,0,0,0,1,0,228.6,227.8,150.0,0.1,March,Monday,4,Local,0
1710725400,2024-03-18 04:30:00,2024-03-18,04:30:00,7411,0,0,0,1,0,227.3,223.6,150.0,0.1,March,Monday,4,Local,0
1710726300,2024-03-18 04:45:00,2024-03-18,04:45:00,7412,0,0,0,0,0,226.9,225.1,0.0,0.1,March,Monday,4,Local,0
1710727200,2024-03-18 05:00:00,2024-03-18,05:00:00,7413,0,0,0,1,0,229.1,227.1,150.0,0.1,March,Monday,5,Local,0
1710728100,2024-03-18 05:15:00,2024-03-18,05:15:00,7414,0,0,0,1,0,232.5,231.7,150.0,0.1,March,Monday,5,Local,0
1710729000,2024-03-18 05:30:00,2024-03-18,05:30:00,7415,0,0,0,1,0,232.3,231.0,150.0,0.1,March,Monday,5,Local,0
1710729900,2024-03-18 05:45:00,2024-03-18,05:45:00,7416,0,0,0,0,0,227.7,233.0,1000.0,0.2363,March,Monday,5,Local,0
1710730800,2024-03-18 06:00:00,2024-03-18,06:00:00,7417,0,0,0,1,0,233.4,230.8,150.0,0.1,March,Monday,6,Local,0
1710731700,2024-03-18 06:15:00,2024-03-18,06:15:00,7418,0,0,0,1,0,232.1,236.0,150.0,0.1,March,Monday,6,Local,0
1710732600,2024-03-18 06:30:00,2024-03-18,06:30:00,7419,0,0,0,1,0,231.2,232.2,150.0,0.1,March,Monday,6,Local,0
1710733500,2024-03-18 06:45:00,2024-03-18,06:45:00,7420,0,0,0,0,0,231.8,233.1,0.0,0.2051,March,Monday,6,Local,1
1710734400,2024-03-18 07:00:00,2024-03-18,07:00:00,7421,0,0,1,1,0,226.2,224.7,3150.0,0.9193,March,Monday,7,Local,0
1710735300,2024-03-18 07:15:00,2024-03-18,07:15:00,7422,0,0,0,1,0,232.0,229.7,950.0,0.2545,March,Monday,7,Local,0
1710736200,2024-03-18 07:30:00,2024-03-18,07:30:00,7423,1,0,0,1,0,226.1,226.0,300.0,0.1,March,Monday,7,Local,0
1710737100,2024-03-18 07:45:00,2024-03-18,07:45:00,7424,0,0,0,0,0,231.0,230.6,0.0,0.1,March,Monday,7,Local,0
1710738000,2024-03-18 08:00:00,2024-03-18,08:00:00,7425,0,0,0,1,0,229.3,226.0,150.0,0.1,March,Monday,8,Local,0
1710738900,2024-03-18 08:15:00,2024-03-18,08:15:00,7426,0,1,0,1,0,231.5,230.4,2650.0,0.7235,March,Monday,8,Local,0
1710739800,2024-03-18 08:30:00,2024-03-18,08:30:00,7427,0,0,0,1,0,226.5,228.6,150.0,0.1,March,Monday,8,Local,0
1710740700,2024-03-18 08:45:00,2024-03-18,08:45:00,7428,0,1,0,0,0,230.7,231.0,2500.0,0.5631,March,Monday,8,Local,0
1710741600,2024-03-18 09:00:00,2024-03-18,09:00:00,7429,0,0,0,1,0,226.0,221.9,150.0,0.1,March,Monday,9,Local,0
1710742500,2024-03-18 09:15:00,2024-03-18,09:15:00,7430,0,1,0,1,0,229.4,228.0,2650.0,0.6552,March,Monday,9,Local,0
1710743400,2024-03-18 09:30:00,2024-03-18,09:30:00,7431,0,0,0,0,0,230.3,231.6,0.0,0.1,March,Monday,9,Local,0
1710744300,2024-03-18 09:45:00,2024-03-18,09:45:00,7432,0,0,0,1,0,231.5,232.0,150.0,0.1,March,Monday,9,Local,0
1710745200,2024-03-18 10:00:00,2024-03-18,10:00:00,7433,0,0,0,1,0,232.5,234.7,150.0,0.1,March,Monday,10,Local,0
1710746100,2024-03-18 10:15:00,2024-03-18,10:15:00,7434,0,0,0,1,0,233.0,235.1,150.0,0.1,March,Monday,10,Local,0
1710747000,2024-03-18 10:30:00,2024-03-18,10:30:00,7435,0,0,0,1,0,228.7,222.3,150.0,0.1,March,Monday,10,Local,0
1710747900,2024-03-18 10:45:00,2024-03-18,10:45:00,7436,0,0,0,0,0,229.2,226.1,0.0,0.1,March,Monday,10,Local,0
1710748800,2024-03-18 11:00:00,2024-03-18,11:00:00,7437,0,0,0,1,0,230.7,230.0,150.0,0.1,March,Monday,11,Local,0
1710749700,2024-03-18 11:15:00,2024-03-18,11:15:00,7438,0,0,0,1,0,225.7,225.3,150.0,0.1,March,Monday,11,Local,0
1710750600,2024-03-18 11:30:00,2024-03-18,11:30:00,7439,0,0,1,1,0,226.9,224.5,3150.0,0.8186,March,Monday,11,Local,0
1710751500,2024-03-18 11:45:00,2024-03-18,11:45:00,7440,0,0,0,0,0,230.7,232.9,0.0,0.1,March,Monday,11,Local,0
1710752400,2024-03-18 12:00:00,2024-03-18,12:00:00,7441,0,0,0,1,0,228.1,226.6,150.0,0.1,March,Monday,12,Local,0
1710753300,2024-03-18 12:15:00,2024-03-18,12:15:00,7442,0,0,1,1,0,228.8,228.3,3150.0,0.8494,March,Monday,12,Local,0
1710754200,2024-03-18 12:30:00,2024-03-18,12:30:00,7443,1,0,1,1,0,229.1,229.2,3300.0,0.755,March,Monday,12,Local,0
1710755100,2024-03-18 12:45:00,2024-03-18,12:45:00,7444,0,0,0,0,0,231.4,233.1,0.0,0.1,March,Monday,12,Local,0
1710756000,2024-03-18 13:00:00,2024-03-18,13:00:00,7445,0,1,0,1,0,225.5,228.7,2650.0,0.658,March,Monday,13,Local,0
1710756900,2024-03-18 13:15:00,2024-03-18,13:15:00,7446,0,0,1,0,0,225.3,225.4,3000.0,0.835,March,Monday,13,Local,0
1710757800,2024-03-18 13:30:00,2024-03-18,13:30:00,7447,0,0,1,1,1,230.1,229.2,4350.0,1.1733,March,Monday,13,Local,0
1710758700,2024-03-18 13:45:00,2024-03-18,13:45:00,7448,0,0,0,0,0,228.4,230.6,0.0,0.1,March,Monday,13,Local,0
1710759600,2024-03-18 14:00:00,2024-03-18,14:00:00,7449,0,0,0,1,0,230.3,226.6,150.0,0.1,March,Monday,14,Local,0
1710760500,2024-03-18 14:15:00,2024-03-18,14:15:00,7450,0,0,0,1,0,228.2,229.2,150.0,0.1,March,Monday,14,Local,0
1710761400,2024-03-18 14:30:00,2024-03-18,14:30:00,7451,0,0,0,0,0,227.4,224.7,0.0,0.1,March,Monday,14,Local,0
1710762300,2024-03-18 14:45:00,2024-03-18,14:45:00,7452,0,0,0,0,0,231.1,230.1,0.0,0.1,March,Monday,14,Local,0
1710763200,2024-03-18 15:00:00,2024-03-18,15:00:00,7453,0,0,0,1,0,228.2,232.0,150.0,0.1,March,Monday,15,Local,0
1710764100,2024-03-18 15:15:00,2024-03-18,15:15:00,7454,0,0,0,1,0,229.3,230.0,150.0,0.1,March,Monday,15,Local,0
1710765000,2024-03-18 15:30:00,2024-03-18,15:30:00,7455,0,1,0,1,0,228.8,224.5,2650.0,0.7281,March,Monday,15,Local,0
1710765900,2024-03-18 15:45:00,2024-03-18,15:45:00,7456,0,0,0,0,0,229.8,230.8,0.0,0.1,March,Monday,15,Local,0
1710766800,2024-03-18 16:00:00,2024-03-18,16:00:00,7457,1,0,0,1,0,229.7,230.3,300.0,0.1,March,Monday,16,Local,0
1710767700,2024-03-18 16:15:00,2024-03-18,16:15:00,7458,0,0,0,1,0,227.9,231.8,150.0,0.1,March,Monday,16,Local,0
1710768600,2024-03-18 16:30:00,2024-03-18,16:30:00,7459,0,0,0,1,0,239.2,239.2,150.0,0.1,March,Monday,16,Local,0
1710769500,2024-03-18 16:45:00,2024-03-18,16:45:00,7460,0,0,0,0,0,228.1,230.4,0.0,0.1,March,Monday,16,Local,0
1710770400,2024-03-18 17:00:00,2024-03-18,17:00:00,7461,0,0,0,1,0,232.1,231.2,150.0,0.1,March,Monday,17,Local,0
1710771300,2024-03-18 17:15:00,2024-03-18,17:15:00,7462,0,0,0,1,0,229.7,230.1,150.0,0.1,March,Monday,17,Local,0
1710772200,2024-03-18 17:30:00,2024-03-18,17:30:00,7463,0,0,0,1,0,229.0,232.9,150.0,0.1,March,Monday,17,Local,0
1710773100,2024-03-18 17:45:00,2024-03-18,17:45:00,7464,0,1,0,0,0,228.3,229.8,2500.0,0.6828,March,Monday,17,Local,0
1710774000,2024-03-18 18:00:00,2024-03-18,18:00:00,7465,1,1,0,1,0,229.3,231.7,2800.0,0.5976,March,Monday,18,Local,0
1710774900,2024-03-18 18:15:00,2024-03-18,18:15:00,7466,1,0,0,1,0,226.1,225.1,300.0,0.1,March,Monday,18,Local,0
1710775800,2024-03-18 18:30:00,2024-03-18,18:30:00,7467,1,0,0,1,1,232.5,229.4,1500.0,0.4168,March,Monday,18,Local,0
1710776700,2024-03-18 18:45:00,2024-03-18,18:45:00,7468,0,1,0,0,0,222.4,221.2,2500.0,0.7644,March,Monday,18,Local,0
1710777600,2024-03-18 19:00:00,2024-03-18,19:00:00,7469,1,0,0,1,1,232.9,235.2,3000.0,0.7645,March,Monday,19,Local,0
1710778500,2024-03-18 19:15:00,2024-03-18,19:15:00,7470,1,0,0,1,0,228.2,228.4,300.0,0.1,March,Monday,19,Local,0
1710779400,2024-03-18 19:30:00,2024-03-18,19:30:00,7471,1,0,0,1,1,227.2,229.7,1500.0,0.3714,March,Monday,19,Local,0
1710780300,2024-03-18 19:45:00,2024-03-18,19:45:00,7472,1,0,1,0,0,229.6,225.0,3150.0,0.877,March,Monday,19,Local,0
1710781200,2024-03-18 20:00:00,2024-03-18,20:00:00,7473,1,0,0,1,0,231.4,230.8,300.0,0.1,March,Monday,20,Local,0
1710782100,2024-03-18 20:15:00,2024-03-18,20:15:00,7474,1,1,0,1,0,230.9,234.5,2800.0,0.5833,March,Monday,20,Local,0
1710783000,2024-03-18 20:30:00,2024-03-18,20:30:00,7475,1,0,0,1,0,233.7,230.2,300.0,0.1,March,Monday,20,Local,0
1710783900,2024-03-18 20:45:00,2024-03-18,20:45:00,7476,1,0,1,0,1,228.7,227.2,4350.0,1.079,March,Monday,20,Local,0
1710784800,2024-03-18 21:00:00,2024-03-18,21:00:00,7477,1,1,0,1,0,225.9,225.7,2800.0,0.7447,March,Monday,21,Local,0
1710785700,2024-03-18 21:15:00,2024-03-18,21:15:00,7478,0,0,0,0,0,233.5,233.3,0.0,0.1,March,Monday,21,Local,0
1710786600,2024-03-18 21:30:00,2024-03-18,21:30:00,7479,0,0,0,1,0,232.4,230.9,150.0,0.1,March,Monday,21,Local,0
1710787500,2024-03-18 21:45:00,2024-03-18,21:45:00,7480,1,0,0,0,0,225.1,225.5,150.0,0.1,March,Monday,21,Local,0
1710788400,2024-03-18 22:00:00,2024-03-18,22:00:00,7481,1,0,0,1,0,230.4,231.1,300.0,0.1,March,Monday,22,Local,0
1710789300,2024-03-18 22:15:00,2024-03-18,22:15:00,7482,1,0,0,1,0,230.7,234.0,300.0,0.1,March,Monday,22,Local,0
1710790200,2024-03-18 22:30:00,2024-03-18,22:30:00,7483,1,0,0,1,0,233.0,233.4,300.0,0.1,March,Monday,22,Local,0
1710791100,2024-03-18 22:45:00,2024-03-18,22:45:00,7484,1,0,0,0,0,232.6,233.2,150.0,0.1,March,Monday,22,Local,0
1710792000,2024-03-18 23:00:00,2024-03-18,23:00:00,7485,0,0,0,1,0,237.4,236.2,150.0,0.1,March,Monday,23,Local,0
1710792900,2024-03-18 23:15:00,2024-03-18,23:15:00,7486,1,0,0,1,0,224.9,222.9,300.0,0.1,March,Monday,23,Local,0
1710793800,2024-03-18 23:30:00,2024-03-18,23:30:00,7487,1,0,0,1,0,229.6,227.3,300.0,0.1,March,Monday,23,Local,0
1710794700,2024-03-18 23:45:00,2024-03-18,23:45:00,7488,0,0,0,0,0,233.4,230.8,0.0,0.1,March,Monday,23,Local,0
1710795600,2024-03-19 00:00:00,2024-03-19,00:00:00,7489,0,0,0,1,0,228.7,229.0,150.0,0.1,March,Tuesday,0,Local,0
1710796500,2024-03-19 00:15:00,2024-03-19,00:15:00,7490,1,0,0,1,0,230.8,230.8,300.0,0.1,March,Tuesday,0,Local,0
1710797400,2024-03-19 00:30:00,2024-03-19,00:30:00,7491,0,0,0,0,0,232.3,231.6,0.0,0.1,March,Tuesday,0,Local,0
1710798300,2024-03-19 00:45:00,2024-03-19,00:45:00,7492,0,0,0,0,0,233.5,235.4,0.0,0.1,March,Tuesday,0,Local,0
1710799200,2024-03-19 01:00:00,2024-03-19,01:00:00,7493,1,0,0,1,0,228.5,230.9,300.0,0.1,March,Tuesday,1,Local,0
1710800100,2024-03-19 01:15:00,2024-03-19,01:15:00,7494,0,0,0,1,0,228.1,230.6,150.0,0.1,March,Tuesday,1,Local,0
1710801000,2024-03-19 01:30:00,2024-03-19,01:30:00,7495,0,0,0,1,0,229.1,231.7,150.0,0.1,March,Tuesday,1,Local,0
1710801900,2024-03-19 01:45:00,2024-03-19,01:45:00,7496,0,0,0,1,0,232.7,233.0,150.0,0.1,March,Tuesday,1,Local,0
1710802800,2024-03-19 02:00:00,2024-03-19,02:00:00,7497,0,0,0,1,0,230.5,232.7,150.0,0.1,March,Tuesday,2,Local,0
1710803700,2024-03-19 02:15:00,2024-03-19,02:15:00,7498,0,0,0,1,0,230.5,235.0,150.0,0.1,March,Tuesday,2,Local,0
1710804600,2024-03-19 02:30:00,2024-03-19,02:30:00,7499,0,0,0,1,0,227.2,228.7,150.0,0.1,March,Tuesday,2,Local,0
1710805500,2024-03-19 02:45:00,2024-03-19,02:45:00,7500,0,0,0,0,0,230.5,227.7,0.0,0.1,March,Tuesday,2,Local,0
1710806400,2024-03-19 03:00:00,2024-03-19,03:00:00,7501,0,0,0,1,0,227.8,225.0,150.0,0.1,March,Tuesday,3,Local,0
1710807300,2024-03-19 03:15:00,2024-03-19,03:15:00,7502,0,0,0,1,0,231.6,229.6,150.0,0.1,March,Tuesday,3,Local,0
1710808200,2024-03-19 03:30:00,2024-03-19,03:30:00,7503,0,0,0,1,0,230.8,229.5,150.0,0.1,March,Tuesday,3,Local,0
1710809100,2024-03-19 03:45:00,2024-03-19,03:45:00,7504,0,0,0,0,0,235.5,237.9,800.0,0.1866,March,Tuesday,3,Local,0
1710810000,2024-03-19 04:00:00,2024-03-19,04:00:00,7505,0,0,0,1,0,235.9,234.8,150.0,0.1,March,Tuesday,4,Local,0
1710810900,2024-03-19 04:15:00,2024-03-19,04:15:00,7506,0,0,0,0,0,229.4,231.5,0.0,0.1,March,Tuesday,4,Local,0
1710811800,2024-03-19 04:30:00,2024-03-19,04:30:00,7507,0,0,0,1,0,232.2,230.4,150.0,0.1,March,Tuesday,4,Local,0
1710812700,2024-03-19 04:45:00,2024-03-19,04:45:00,7508,0,0,0,0,0,227.9,228.4,0.0,0.1,March,Tuesday,4,Local,0
1710813600,2024-03-19 05:00:00,2024-03-19,05:00:00,7509,0,0,0,1,0,229.7,233.4,150.0,0.1,March,Tuesday,5,Local,0
1710814500,2024-03-19 05:15:00,2024-03-19,05:15:00,7510,0,0,0,1,0,230.5,229.9,150.0,0.1,March,Tuesday,5,Local,0
1710815400,2024-03-19 05:30:00,2024-03-19,05:30:00,7511,0,0,0,1,0,232.9,231.0,150.0,0.1,March,Tuesday,5,Local,0
1710816300,2024-03-19 05:45:00,2024-03-19,05:45:00,7512,0,0,0,0,0,233.6,232.1,0.0,0.1,March,Tuesday,5,Local,0
1710817200,2024-03-19 06:00:00,2024-03-19,06:00:00,7513,0,0,0,1,0,227.4,227.0,150.0,0.1,March,Tuesday,6,Local,0
1710818100,2024-03-19 06:15:00,2024-03-19,06:15:00,7514,0,0,0,1,0,227.8,224.8,150.0,0.1,March,Tuesday,6,Local,0
1710819000,2024-03-19 06:30:00,2024-03-19,06:30:00,7515,0,0,0,1,0,228.7,228.6,150.0,0.1,March,Tuesday,6,Local,0
1710819900,2024-03-19 06:45:00,2024-03-19,06:45:00,7516,0,0,0,0,0,232.4,230.4,0.0,0.1,March,Tuesday,6,Local,0
1710820800,2024-03-19 07:00:00,2024-03-19,07:00:00,7517,0,0,0,1,0,233.6,234.7,150.0,0.1,March,Tuesday,7,Local,0
1710821700,2024-03-19 07:15:00,2024-03-19,07:15:00,7518,0,0,0,1,0,231.8,235.4,150.0,0.1,March,Tuesday,7,Local,0
1710822600,2024-03-19 07:30:00,2024-03-19,07:30:00,7519,0,0,0,1,0,227.9,227.4,150.0,0.1,March,Tuesday,7,Local,0
1710823500,2024-03-19 07:45:00,2024-03-19,07:45:00,7520,0,0,0,0,0,226.6,227.1,0.0,0.1,March,Tuesday,7,Local,0
1710824400,2024-03-19 08:00:00,2024-03-19,08:00:00,7521,0,0,0,1,0,230.9,228.0,150.0,0.1,March,Tuesday,8,Local,0
1710825300,2024-03-19 08:15:00,2024-03-19,08:15:00,7522,0,0,0,1,0,229.0,229.5,150.0,0.1,March,Tuesday,8,Local,0
1710826200,2024-03-19 08:30:00,2024-03-19,08:30:00,7523,0,0,0,1,1,230.6,231.0,1350.0,0.3101,March,Tuesday,8,Local,0
1710827100,2024-03-19 08:45:00,2024-03-19,08:45:00,7524,0,0,0,0,0,235.4,236.5,0.0,0.1,March,Tuesday,8,Local,0
1710828000,2024-03-19 09:00:00,2024-03-19,09:00:00,7525,0,0,0,1,0,229.8,232.1,950.0,0.2426,March,Tuesday,9,Local,0
1710828900,2024-03-19 09:15:00,2024-03-19,09:15:00,7526,0,0,0,0,0,232.6,238.2,0.0,0.1,March,Tuesday,9,Local,0
1710829800,2024-03-19 09:30:00,2024-03-19,09:30:00,7527,0,0,0,1,0,228.5,228.3,150.0,0.1,March,Tuesday,9,Local,0
1710830700,2024-03-19 09:45:00,2024-03-19,09:45:00,7528,0,0,0,0,0,228.5,224.8,0.0,0.1,March,Tuesday,9,Local,0
1710831600,2024-03-19 10:00:00,2024-03-19,10:00:00,7529,0,0,0,1,0,233.7,233.2,150.0,0.1,March,Tuesday,10,Local,0
1710832500,2024-03-19 10:15:00,2024-03-19,10:15:00,7530,0,0,0,1,0,232.3,233.3,150.0,0.1,March,Tuesday,10,Local,0
1710833400,2024-03-19 10:30:00,2024-03-19,10:30:00,7531,0,0,0,1,0,232.3,231.0,150.0,0.1,March,Tuesday,10,Local,0
1710834300,2024-03-19 10:45:00,2024-03-19,10:45:00,7532,0,0,0,0,0,231.7,232.7,0.0,0.1,March,Tuesday,10,Local,0
1710835200,2024-03-19 11:00:00,2024-03-19,11:00:00,7533,0,0,0,0,0,225.5,230.6,0.0,0.1,March,Tuesday,11,Local,0
1710836100,2024-03-19 11:15:00,2024-03-19,11:15:00,7534,0,0,0,1,0,232.7,233.1,150.0,0.1,March,Tuesday,11,Local,0
1710837000,2024-03-19 11:30:00,2024-03-19,11:30:00,7535,0,0,0,1,0,229.3,231.5,150.0,0.1,March,Tuesday,11,Local,0
1710837900,2024-03-19 11:45:00,2024-03-19,11:45:00,7536,0,0,0,0,1,228.7,229.9,1200.0,0.343,March,Tuesday,11,Local,0
1710838800,2024-03-19 12:00:00,2024-03-19,12:00:00,7537,0,0,0,1,0,233.6,232.7,150.0,0.1,March,Tuesday,12,Local,0
1710839700,2024-03-19 12:15:00,2024-03-19,12:15:00,7538,0,0,1,0,1,233.8,231.5,4200.0,0.8521,March,Tuesday,12,Local,0
1710840600,2024-03-19 12:30:00,2024-03-19,12:30:00,7539,1,0,0,1,0,237.1,236.6,300.0,0.1,March,Tuesday,12,Local,0
1710841500,2024-03-19 12:45:00,2024-03-19,12:45:00,7540,0,0,0,1,0,231.3,231.6,150.0,0.1,March,Tuesday,12,Local,0
1710842400,2024-03-19 13:00:00,2024-03-19,13:00:00,7541,0,0,0,1,0,227.0,226.6,150.0,0.1,March,Tuesday,13,Local,0
1710843300,2024-03-19 13:15:00,2024-03-19,13:15:00,7542,0,0,0,1,0,232.7,233.7,150.0,0.1,March,Tuesday,13,Local,0
1710844200,2024-03-19 13:30:00,2024-03-19,13:30:00,7543,1,1,0,1,0,226.8,228.8,2800.0,0.67,March,Tuesday,13,Local,0
1710845100,2024-03-19 13:45:00,2024-03-19,13:45:00,7544,0,1,0,0,0,228.3,229.9,2500.0,0.6706,March,Tuesday,13,Local,0
1710846000,2024-03-19 14:00:00,2024-03-19,14:00:00,7545,1,0,0,1,0,234.6,237.0,300.0,0.1,March,Tuesday,14,Local,0
1710846900,2024-03-19 14:15:00,2024-03-19,14:15:00,7546,0,0,0,1,0,231.1,232.0,150.0,0.1,March,Tuesday,14,Local,0
1710847800,2024-03-19 14:30:00,2024-03-19,14:30:00,7547,0,1,0,1,0,235.9,238.9,2650.0,0.6567,March,Tuesday,14,Local,0
1710848700,2024-03-19 14:45:00,2024-03-19,14:45:00,7548,0,1,0,0,0,234.9,236.4,2500.0,0.6858,March,Tuesday,14,Local,0
1710849600,2024-03-19 15:00:00,2024-03-19,15:00:00,7549,0,0,0,1,0,233.1,232.8,1150.0,0.2477,March,Tuesday,15,Local,0
1710850500,2024-03-19 15:15:00,2024-03-19,15:15:00,7550,0,0,0,1,0,234.7,237.4,150.0,0.1,March,Tuesday,15,Local,0
1710851400,2024-03-19 15:30:00,2024-03-19,15:30:00,7551,1,0,0,1,0,234.4,233.6,300.0,0.1,March,Tuesday,15,Local,0
1710852300,2024-03-19 15:45:00,2024-03-19,15:45:00,7552,0,0,0,0,0,228.2,230.1,0.0,0.1,March,Tuesday,15,Local,0
1710853200,2024-03-19 16:00:00,2024-03-19,16:00:00,7553,0,1,0,1,0,231.1,231.3,2650.0,0.6869,March,Tuesday,16,Local,0
1710854100,2024-03-19 16:15:00,2024-03-19,16:15:00,7554,0,0,1,0,0,230.4,227.5,3000.0,0.8111,March,Tuesday,16,Local,0
1710855000,2024-03-19 16:30:00,2024-03-19,16:30:00,7555,0,0,0,1,0,229.7,229.8,150.0,0.1,March,Tuesday,16,Local,0
1710855900,2024-03-19 16:45:00,2024-03-19,16:45:00,7556,0,1,0,0,0,230.0,230.3,2500.0,0.6261,March,Tuesday,16,Local,0
1710856800,2024-03-19 17:00:00,2024-03-19,17:00:00,7557,1,1,0,1,0,228.0,229.5,2800.0,0.7034,March,Tuesday,17,Local,0
1710857700,2024-03-19 17:15:00,2024-03-19,17:15:00,7558,0,1,0,1,0,230.1,227.6,2650.0,0.7312,March,Tuesday,17,Local,0
1710858600,2024-03-19 17:30:00,2024-03-19,17:30:00,7559,0,0,0,1,0,234.0,234.3,150.0,0.1,March,Tuesday,17,Local,0
1710859500,2024-03-19 17:45:00,2024-03-19,17:45:00,7560,0,0,0,0,0,223.9,222.1,0.0,0.1,March,Tuesday,17,Local,0
1710860400,2024-03-19 18:00:00,2024-03-19,18:00:00,7561,0,1,1,1,1,226.0,227.5,6850.0,1.7612,March,Tuesday,18,Local,0
1710861300,2024-03-19 18:15:00,2024-03-19,18:15:00,7562,1,0,1,1,0,229.6,229.5,3300.0,0.9311,March,Tuesday,18,Local,0
1710862200,2024-03-19 18:30:00,2024-03-19,18:30:00,7563,1,0,0,1,0,233.9,236.1,300.0,0.1,March,Tuesday,18,Local,0
1710863100,2024-03-19 18:45:00,2024-03-19,18:45:00,7564,1,1,1,0,0,230.6,227.7,5650.0,1.7291,March,Tuesday,18,Local,0
1710864000,2024-03-19 19:00:00,2024-03-19,19:00:00,7565,1,1,1,1,0,225.3,223.3,5800.0,1.7468,March,Tuesday,19,Local,0
1710864900,2024-03-19 19:15:00,2024-03-19,19:15:00,7566,1,0,1,1,1,232.0,234.7,6000.0,1.2903,March,Tuesday,19,Local,0
1710865800,2024-03-19 19:30:00,2024-03-19,19:30:00,7567,1,0,1,1,0,232.7,233.9,3300.0,0.9614,March,Tuesday,19,Local,0
1710866700,2024-03-19 19:45:00,2024-03-19,19:45:00,7568,0,0,1,0,1,234.0,232.3,4200.0,0.9857,March,Tuesday,19,Local,0
1710867600,2024-03-19 20:00:00,2024-03-19,20:00:00,7569,0,0,0,1,0,232.5,236.8,150.0,0.1,March,Tuesday,20,Local,0
1710868500,2024-03-19 20:15:00,2024-03-19,20:15:00,7570,1,0,0,1,1,227.0,229.2,1500.0,0.287,March,Tuesday,20,Local,0
1710869400,2024-03-19 20:30:00,2024-03-19,20:30:00,7571,1,0,0,1,0,228.9,233.1,300.0,0.1,March,Tuesday,20,Local,0
1710870300,2024-03-19 20:45:00,2024-03-19,20:45:00,7572,1,0,1,0,0,226.9,227.3,3150.0,0.7082,March,Tuesday,20,Local,0
1710871200,2024-03-19 21:00:00,2024-03-19,21:00:00,7573,1,0,0,0,0,227.2,226.8,150.0,0.1,March,Tuesday,21,Local,0
1710872100,2024-03-19 21:15:00,2024-03-19,21:15:00,7574,1,0,0,1,0,235.6,234.6,300.0,0.1,March,Tuesday,21,Local,0
1710873000,2024-03-19 21:30:00,2024-03-19,21:30:00,7575,1,0,0,1,1,230.0,226.8,1500.0,0.4195,March,Tuesday,21,Local,0
1710873900,2024-03-19 21:45:00,2024-03-19,21:45:00,7576,1,0,0,0,0,224.1,225.2,150.0,0.1,March,Tuesday,21,Local,0
1710874800,2024-03-19 22:00:00,2024-03-19,22:00:00,7577,1,0,0,1,0,225.7,225.5,300.0,0.1,March,Tuesday,22,Local,0
1710875700,2024-03-19 22:15:00,2024-03-19,22:15:00,7578,0,0,0,0,0,228.1,227.5,0.0,0.1,March,Tuesday,22,Local,0
1710876600,2024-03-19 22:30:00,2024-03-19,22:30:00,7579,0,0,0,0,0,235.5,237.3,0.0,0.1,March,Tuesday,22,Local,0
1710877500,2024-03-19 22:45:00,2024-03-19,22:45:00,7580,0,0,0,0,1,232.3,231.3,1200.0,0.2954,March,Tuesday,22,Local,0
1710878400,2024-03-19 23:00:00,2024-03-19,23:00:00,7581,0,0,0,1,0,232.4,231.6,150.0,0.1,March,Tuesday,23,Local,0
1710879300,2024-03-19 23:15:00,2024-03-19,23:15:00,7582,1,0,0,1,0,232.2,230.8,300.0,0.1,March,Tuesday,23,Local,0
1710880200,2024-03-19 23:30:00,2024-03-19,23:30:00,7583,0,0,0,1,1,236.5,237.4,1350.0,0.3654,March,Tuesday,23,Local,0
1710881100,2024-03-19 23:45:00,2024-03-19,23:45:00,7584,0,0,0,0,0,230.2,228.3,0.0,0.1,March,Tuesday,23,Local,0
1710882000,2024-03-20 00:00:00,2024-03-20,00:00:00,7585,0,0,0,1,0,230.1,230.2,150.0,0.1,March,Wednesday,0,Local,0
1710882900,2024-03-20 00:15:00,2024-03-20,00:15:00,7586,0,0,0,1,0,225.8,225.1,150.0,0.1,March,Wednesday,0,Local,0
1710883800,2024-03-20 00:30:00,2024-03-20,00:30:00,7587,0,0,0,0,0,229.6,230.3,0.0,0.1,March,Wednesday,0,Local,0
1710884700,2024-03-20 00:45:00,2024-03-20,00:45:00,7588,0,0,0,0,0,227.4,230.2,0.0,0.1,March,Wednesday,0,Local,0
1710885600,2024-03-20 01:00:00,2024-03-20,01:00:00,7589,0,0,0,1,0,234.6,234.6,150.0,0.1,March,Wednesday,1,Local,0
1710886500,2024-03-20 01:15:00,2024-03-20,01:15:00,7590,0,0,0,1,0,227.1,226.8,150.0,0.1,March,Wednesday,1,Local,0
1710887400,2024-03-20 01:30:00,2024-03-20,01:30:00,7591,0,0,0,1,0,233.0,236.0,2150.0,0.4832,March,Wednesday,1,Local,0
1710888300,2024-03-20 01:45:00,2024-03-20,01:45:00,7592,0,0,0,0,0,231.9,233.0,0.0,0.1,March,Wednesday,1,Local,0
1710889200,2024-03-20 02:00:00,2024-03-20,02:00:00,7593,0,0,0,1,0,228.6,229.6,150.0,0.1,March,Wednesday,2,Local,0
1710890100,2024-03-20 02:15:00,2024-03-20,02:15:00,7594,0,0,0,0,0,235.1,235.0,0.0,0.1,March,Wednesday,2,Local,0
1710891000,2024-03-20 02:30:00,2024-03-20,02:30:00,7595,0,0,0,1,0,231.5,231.9,150.0,0.1,March,Wednesday,2,Local,0
1710891900,2024-03-20 02:45:00,2024-03-20,02:45:00,7596,0,0,0,0,0,228.7,229.9,0.0,0.1,March,Wednesday,2,Local,0
1710892800,2024-03-20 03:00:00,2024-03-20,03:00:00,7597,0,0,0,1,0,232.4,232.5,150.0,0.1,March,Wednesday,3,Local,0
1710893700,2024-03-20 03:15:00,2024-03-20,03:15:00,7598,0,0,0,1,0,227.7,228.9,150.0,0.1,March,Wednesday,3,Local,0
1710894600,2024-03-20 03:30:00,2024-03-20,03:30:00,7599,0,0,0,1,0,224.6,225.5,150.0,0.1,March,Wednesday,3,Local,0
1710895500,2024-03-20 03:45:00,2024-03-20,03:45:00,7600,0,0,0,0,0,226.0,226.3,0.0,0.1,March,Wednesday,3,Local,0
1710896400,2024-03-20 04:00:00,2024-03-20,04:00:00,7601,0,0,0,1,0,224.6,224.3,150.0,0.1,March,Wednesday,4,Local,0
1710897300,2024-03-20 04:15:00,2024-03-20,04:15:00,7602,0,0,0,0,0,225.0,226.3,0.0,0.1,March,Wednesday,4,Local,0
1710898200,2024-03-20 04:30:00,2024-03-20,04:30:00,7603,0,0,0,0,0,228.4,229.7,0.0,0.1,March,Wednesday,4,Local,0
1710899100,2024-03-20 04:45:00,2024-03-20,04:45:00,7604,0,0,0,1,0,230.4,230.4,150.0,0.1,March,Wednesday,4,Local,0
1710900000,2024-03-20 05:00:00,2024-03-20,05:00:00,7605,0,0,0,1,0,229.4,227.9,150.0,0.1,March,Wednesday,5,Local,0
1710900900,2024-03-20 05:15:00,2024-03-20,05:15:00,7606,0,0,0,1,0,225.9,224.6,1150.0,0.2499,March,Wednesday,5,Local,0
1710901800,2024-03-20 05:30:00,2024-03-20,05:30:00,7607,0,0,0,1,0,230.7,229.1,150.0,0.1,March,Wednesday,5,Local,0
1710902700,2024-03-20 05:45:00,2024-03-20,05:45:00,7608,0,0,0,0,0,228.7,230.9,1500.0,0.3469,March,Wednesday,5,Local,0
1710903600,2024-03-20 06:00:00,2024-03-20,06:00:00,7609,0,0,0,1,0,230.7,230.5,150.0,0.1,March,Wednesday,6,Local,0
1710904500,2024-03-20 06:15:00,2024-03-20,06:15:00,7610,0,0,0,1,0,227.7,229.2,150.0,0.1,March,Wednesday,6,Local,0
1710905400,2024-03-20 06:30:00,2024-03-20,06:30:00,7611,0,0,0,0,0,229.9,230.0,0.0,0.1,March,Wednesday,6,Local,0
1710906300,2024-03-20 06:45:00,2024-03-20,06:45:00,7612,0,0,0,0,0,228.8,228.6,0.0,0.1,March,Wednesday,6,Local,0
1710907200,2024-03-20 07:00:00,2024-03-20,07:00:00,7613,0,0,1,1,0,230.7,229.7,3150.0,0.8354,March,Wednesday,7,Local,0
1710908100,2024-03-20 07:15:00,2024-03-20,07:15:00,7614,0,0,0,1,1,231.4,230.0,1350.0,0.2823,March,Wednesday,7,Local,0
1710909000,2024-03-20 07:30:00,2024-03-20,07:30:00,7615,0,0,0,1,0,227.5,224.8,150.0,0.1,March,Wednesday,7,Local,0
1710909900,2024-03-20 07:45:00,2024-03-20,07:45:00,7616,0,0,0,0,0,230.8,231.7,0.0,0.1,March,Wednesday,7,Local,0
1710910800,2024-03-20 08:00:00,2024-03-20,08:00:00,7617,0,0,0,1,0,231.7,232.6,150.0,0.1,March,Wednesday,8,Local,0
1710911700,2024-03-20 08:15:00,2024-03-20,08:15:00,7618,0,0,0,1,0,228.8,229.4,2150.0,0.5892,March,Wednesday,8,Local,0
1710912600,2024-03-20 08:30:00,2024-03-20,08:30:00,7619,0,0,0,1,0,233.5,236.3,150.0,0.1,March,Wednesday,8,Local,0
1710913500,2024-03-20 08:45:00,2024-03-20,08:45:00,7620,0,0,0,0,0,232.2,233.8,0.0,0.1,March,Wednesday,8,Local,0
1710914400,2024-03-20 09:00:00,2024-03-20,09:00:00,7621,0,0,0,1,0,227.7,231.1,150.0,0.1,March,Wednesday,9,Local,0
1710915300,2024-03-20 09:15:00,2024-03-20,09:15:00,7622,0,0,0,1,0,227.9,231.0,150.0,0.1,March,Wednesday,9,Local,0
1710916200,2024-03-20 09:30:00,2024-03-20,09:30:00,7623,0,0,0,1,0,233.9,237.3,150.0,0.1,March,Wednesday,9,Local,0
1710917100,2024-03-20 09:45:00,2024-03-20,09:45:00,7624,0,0,0,0,0,229.5,229.5,0.0,0.1,March,Wednesday,9,Local,0
1710918000,2024-03-20 10:00:00,2024-03-20,10:00:00,7625,0,0,0,1,0,228.4,228.2,150.0,0.1,March,Wednesday,10,Local,0
1710918900,2024-03-20 10:15:00,2024-03-20,10:15:00,7626,0,0,0,1,0,230.4,231.4,150.0,0.1,March,Wednesday,10,Local,0
1710919800,2024-03-20 10:30:00,2024-03-20,10:30:00,7627,0,0,0,1,0,233.4,235.3,150.0,0.1,March,Wednesday,10,Local,0
1710920700,2024-03-20 10:45:00,2024-03-20,10:45:00,7628,0,0,0,0,0,230.9,231.8,0.0,0.1,March,Wednesday,10,Local,0
1710921600,2024-03-20 11:00:00,2024-03-20,11:00:00,7629,0,0,0,1,0,237.5,237.0,150.0,0.1,March,Wednesday,11,Local,0
1710922500,2024-03-20 11:15:00,2024-03-20,11:15:00,7630,1,0,1,1,0,231.2,230.2,3300.0,0.8467,March,Wednesday,11,Local,0
1710923400,2024-03-20 11:30:00,2024-03-20,11:30:00,7631,0,0,1,1,0,231.3,230.6,3150.0,0.6582,March,Wednesday,11,Local,0
1710924300,2024-03-20 11:45:00,2024-03-20,11:45:00,7632,1,0,0,0,0,225.4,221.5,150.0,0.1,March,Wednesday,11,Local,0
1710925200,2024-03-20 12:00:00,2024-03-20,12:00:00,7633,1,0,0,1,0,237.4,238.5,1300.0,0.3374,March,Wednesday,12,Local,0
1710926100,2024-03-20 12:15:00,2024-03-20,12:15:00,7634,1,0,0,1,0,231.5,228.8,1300.0,0.3131,March,Wednesday,12,Local,0
1710927000,2024-03-20 12:30:00,2024-03-20,12:30:00,7635,0,0,1,1,0,234.8,234.2,3150.0,0.6527,March,Wednesday,12,Local,0
1710927900,2024-03-20 12:45:00,2024-03-20,12:45:00,7636,0,0,0,0,0,230.6,230.3,0.0,0.1,March,Wednesday,12,Local,0
1710928800,2024-03-20 13:00:00,2024-03-20,13:00:00,7637,0,1,0,1,1,230.2,234.3,3850.0,1.0776,March,Wednesday,13,Local,0
1710929700,2024-03-20 13:15:00,2024-03-20,13:15:00,7638,0,0,0,1,0,231.4,232.1,150.0,0.1,March,Wednesday,13,Local,0
1710930600,2024-03-20 13:30:00,2024-03-20,13:30:00,7639,0,0,1,1,0,225.9,227.0,3150.0,0.7479,March,Wednesday,13,Local,0
1710931500,2024-03-20 13:45:00,2024-03-20,13:45:00,7640,0,0,1,0,0,231.7,232.7,3000.0,0.7067,March,Wednesday,13,Local,0
1710932400,2024-03-20 14:00:00,2024-03-20,14:00:00,7641,0,0,0,1,0,226.1,225.9,150.0,0.1,March,Wednesday,14,Local,0
1710933300,2024-03-20 14:15:00,2024-03-20,14:15:00,7642,0,0,0,1,0,231.6,232.2,150.0,0.1,March,Wednesday,14,Local,0
1710934200,2024-03-20 14:30:00,2024-03-20,14:30:00,7643,1,0,0,1,0,233.8,231.8,300.0,0.1,March,Wednesday,14,Local,0
1710935100,2024-03-20 14:45:00,2024-03-20,14:45:00,7644,0,1,0,0,1,231.8,233.8,5200.0,1.5438,March,Wednesday,14,Local,0
1710936000,2024-03-20 15:00:00,2024-03-20,15:00:00,7645,0,0,0,1,0,228.3,229.2,150.0,0.1,March,Wednesday,15,Local,0
1710936900,2024-03-20 15:15:00,2024-03-20,15:15:00,7646,0,0,0,1,0,227.8,227.3,150.0,0.1,March,Wednesday,15,Local,0
1710937800,2024-03-20 15:30:00,2024-03-20,15:30:00,7647,0,0,0,1,0,228.5,225.7,150.0,0.1,March,Wednesday,15,Local,0
1710938700,2024-03-20 15:45:00,2024-03-20,15:45:00,7648,0,0,0,0,0,235.8,235.0,0.0,0.1,March,Wednesday,15,Local,0
1710939600,2024-03-20 16:00:00,2024-03-20,16:00:00,7649,0,1,0,1,0,230.2,231.9,2650.0,0.6697,March,Wednesday,16,Local,0
1710940500,2024-03-20 16:15:00,2024-03-20,16:15:00,7650,0,0,0,1,0,229.6,227.4,150.0,0.1,March,Wednesday,16,Local,0
1710941400,2024-03-20 16:30:00,2024-03-20,16:30:00,7651,0,1,0,1,0,225.7,222.8,2650.0,0.5619,March,Wednesday,16,Local,0
1710942300,2024-03-20 16:45:00,2024-03-20,16:45:00,7652,0,0,1,0,0,224.4,225.4,3000.0,0.7459,March,Wednesday,16,Local,0
1710943200,2024-03-20 17:00:00,2024-03-20,17:00:00,7653,0,0,0,1,0,229.8,229.8,150.0,0.1,March,Wednesday,17,Local,0
1710944100,2024-03-20 17:15:00,2024-03-20,17:15:00,7654,0,0,1,1,0,231.5,232.6,3150.0,0.9096,March,Wednesday,17,Local,0
1710945000,2024-03-20 17:30:00,2024-03-20,17:30:00,7655,0,0,0,1,0,228.8,231.8,150.0,0.1,March,Wednesday,17,Local,0
1710945900,2024-03-20 17:45:00,2024-03-20,17:45:00,7656,0,0,1,0,0,236.8,232.0,3000.0,0.6451,March,Wednesday,17,Local,0
1710946800,2024-03-20 18:00:00,2024-03-20,18:00:00,7657,1,0,1,1,0,232.2,231.7,3300.0,0.8805,March,Wednesday,18,Local,0
1710947700,2024-03-20 18:15:00,2024-03-20,18:15:00,7658,0,0,0,1,0,225.5,226.7,150.0,0.1,March,Wednesday,18,Local,0
1710948600,2024-03-20 18:30:00,2024-03-20,18:30:00,7659,0,1,1,1,0,232.2,231.5,5650.0,1.5084,March,Wednesday,18,Local,0
1710949500,2024-03-20 18:45:00,2024-03-20,18:45:00,7660,1,0,0,0,0,234.9,236.2,150.0,0.1,March,Wednesday,18,Local,0
1710950400,2024-03-20 19:00:00,2024-03-20,19:00:00,7661,1,0,1,1,1,229.2,230.5,6500.0,1.5624,March,Wednesday,19,Local,0
1710951300,2024-03-20 19:15:00,2024-03-20,19:15:00,7662,0,0,0,1,0,227.1,231.9,150.0,0.1,March,Wednesday,19,Local,0
1710952200,2024-03-20 19:30:00,2024-03-20,19:30:00,7663,1,0,0,0,0,225.9,223.0,150.0,0.1,March,Wednesday,19,Local,0
1710953100,2024-03-20 19:45:00,2024-03-20,19:45:00,7664,1,0,0,0,0,232.2,233.6,150.0,0.1,March,Wednesday,19,Local,0
1710954000,2024-03-20 20:00:00,2024-03-20,20:00:00,7665,1,1,0,1,0,228.5,230.2,2800.0,0.6525,March,Wednesday,20,Local,0
1710954900,2024-03-20 20:15:00,2024-03-20,20:15:00,7666,1,0,0,1,0,231.2,234.3,300.0,0.1,March,Wednesday,20,Local,0
1710955800,2024-03-20 20:30:00,2024-03-20,20:30:00,7667,1,0,0,1,0,230.5,228.7,300.0,0.1,March,Wednesday,20,Local,0
1710956700,2024-03-20 20:45:00,2024-03-20,20:45:00,7668,1,0,0,0,0,225.7,222.8,150.0,0.1,March,Wednesday,20,Local,0
1710957600,2024-03-20 21:00:00,2024-03-20,21:00:00,7669,1,0,0,1,0,227.8,228.5,300.0,0.1,March,Wednesday,21,Local,0
1710958500,2024-03-20 21:15:00,2024-03-20,21:15:00,7670,1,0,0,1,0,233.9,234.9,1300.0,0.3059,March,Wednesday,21,Local,0
1710959400,2024-03-20 21:30:00,2024-03-20,21:30:00,7671,1,0,0,1,0,231.6,231.5,300.0,0.1,March,Wednesday,21,Local,0
1710960300,2024-03-20 21:45:00,2024-03-20,21:45:00,7672,1,0,1,0,0,232.8,229.5,3150.0,0.7501,March,Wednesday,21,Local,0
1710961200,2024-03-20 22:00:00,2024-03-20,22:00:00,7673,1,0,0,1,0,224.2,223.9,300.0,0.1,March,Wednesday,22,Local,0
1710962100,2024-03-20 22:15:00,2024-03-20,22:15:00,7674,0,1,0,1,0,232.1,231.0,2650.0,0.7052,March,Wednesday,22,Local,0
1710963000,2024-03-20 22:30:00,2024-03-20,22:30:00,7675,0,0,1,1,0,228.3,227.0,3150.0,0.8426,March,Wednesday,22,Local,0
1710963900,2024-03-20 22:45:00,2024-03-20,22:45:00,7676,1,0,1,0,0,224.3,224.1,3650.0,0.9129,March,Wednesday,22,Local,0
1710964800,2024-03-20 23:00:00,2024-03-20,23:00:00,7677,0,0,0,1,1,225.6,224.7,1350.0,0.3586,March,Wednesday,23,Local,0
1710965700,2024-03-20 23:15:00,2024-03-20,23:15:00,7678,0,0,0,1,0,227.9,223.6,950.0,0.2599,March,Wednesday,23,Local,0
1710966600,2024-03-20 23:30:00,2024-03-20,23:30:00,7679,0,0,0,1,0,233.4,231.7,150.0,0.1,March,Wednesday,23,Local,0
1710967500,2024-03-20 23:45:00,2024-03-20,23:45:00,7680,0,0,0,0,0,227.7,226.2,0.0,0.1,March,Wednesday,23,Local,0
1710968400,2024-03-21 00:00:00,2024-03-21,00:00:00,7681,0,0,0,1,0,227.9,226.8,150.0,0.1,March,Thursday,0,Local,0
1710969300,2024-03-21 00:15:00,2024-03-21,00:15:00,7682,0,0,0,1,0,234.5,234.8,150.0,0.1,March,Thursday,0,Local,0
1710970200,2024-03-21 00:30:00,2024-03-21,00:30:00,7683,0,0,0,1,0,233.0,235.6,150.0,0.1,March,Thursday,0,Local,0
1710971100,2024-03-21 00:45:00,2024-03-21,00:45:00,7684,0,0,0,0,0,236.5,238.8,0.0,0.1,March,Thursday,0,Local,0
1710972000,2024-03-21 01:00:00,2024-03-21,01:00:00,7685,0,0,0,1,0,235.8,234.4,150.0,0.1,March,Thursday,1,Local,0
1710972900,2024-03-21 01:15:00,2024-03-21,01:15:00,7686,0,0,0,1,0,234.9,233.4,150.0,0.1,March,Thursday,1,Local,0
1710973800,2024-03-21 01:30:00,2024-03-21,01:30:00,7687,0,0,0,1,0,226.0,228.1,150.0,0.1,March,Thursday,1,Local,0
1710974700,2024-03-21 01:45:00,2024-03-21,01:45:00,7688,0,0,0,0,0,232.9,231.7,0.0,0.1,March,Thursday,1,Local,0
1710975600,2024-03-21 02:00:00,2024-03-21,02:00:00,7689,0,0,0,1,0,226.8,227.5,150.0,0.1,March,Thursday,2,Local,0
1710976500,2024-03-21 02:15:00,2024-03-21,02:15:00,7690,1,0,0,1,0,227.9,228.4,300.0,0.1,March,Thursday,2,Local,0
1710977400,2024-03-21 02:30:00,2024-03-21,02:30:00,7691,0,0,0,1,0,227.2,227.3,150.0,0.1,March,Thursday,2,Local,0
1710978300,2024-03-21 02:45:00,2024-03-21,02:45:00,7692,0,0,0,1,0,232.1,232.8,150.0,0.1,March,Thursday,2,Local,0
1710979200,2024-03-21 03:00:00,2024-03-21,03:00:00,7693,0,0,0,1,0,227.5,226.6,150.0,0.1,March,Thursday,3,Local,0
1710980100,2024-03-21 03:15:00,2024-03-21,03:15:00,7694,0,0,0,1,0,231.0,232.3,150.0,0.1,March,Thursday,3,Local,0
1710981000,2024-03-21 03:30:00,2024-03-21,03:30:00,7695,0,0,0,0,0,232.5,229.6,0.0,0.1,March,Thursday,3,Local,0
1710981900,2024-03-21 03:45:00,2024-03-21,03:45:00,7696,0,0,0,0,0,233.6,235.3,0.0,0.1,March,Thursday,3,Local,0
1710982800,2024-03-21 04:00:00,2024-03-21,04:00:00,7697,0,0,0,1,0,229.5,227.9,150.0,0.1,March,Thursday,4,Local,0
1710983700,2024-03-21 04:15:00,2024-03-21,04:15:00,7698,0,0,0,1,0,231.9,230.2,1150.0,0.2405,March,Thursday,4,Local,0
1710984600,2024-03-21 04:30:00,2024-03-21,04:30:00,7699,0,0,0,1,0,230.5,232.9,150.0,0.1,March,Thursday,4,Local,0
1710985500,2024-03-21 04:45:00,2024-03-21,04:45:00,7700,0,0,0,1,0,232.8,234.7,150.0,0.1,March,Thursday,4,Local,0
1710986400,2024-03-21 05:00:00,2024-03-21,05:00:00,7701,0,0,0,1,0,227.2,231.1,150.0,0.1,March,Thursday,5,Local,0
1710987300,2024-03-21 05:15:00,2024-03-21,05:15:00,7702,0,0,0,1,0,231.1,228.9,150.0,0.1,March,Thursday,5,Local,0
1710988200,2024-03-21 05:30:00,2024-03-21,05:30:00,7703,0,0,0,1,0,229.1,227.2,150.0,0.1,March,Thursday,5,Local,0
1710989100,2024-03-21 05:45:00,2024-03-21,05:45:00,7704,0,0,0,0,0,225.0,222.3,0.0,0.289,March,Thursday,5,Local,1
1710990000,2024-03-21 06:00:00,2024-03-21,06:00:00,7705,0,0,0,1,0,227.6,224.8,150.0,0.1,March,Thursday,6,Local,0
1710990900,2024-03-21 06:15:00,2024-03-21,06:15:00,7706,0,0,0,1,0,225.6,229.4,150.0,0.1,March,Thursday,6,Local,0
1710991800,2024-03-21 06:30:00,2024-03-21,06:30:00,7707,0,0,0,1,0,231.3,232.4,1150.0,0.3339,March,Thursday,6,Local,0
1710992700,2024-03-21 06:45:00,2024-03-21,06:45:00,7708,0,0,0,0,0,229.2,229.7,0.0,0.1,March,Thursday,6,Local,0
1710993600,2024-03-21 07:00:00,2024-03-21,07:00:00,7709,0,0,1,0,0,223.7,223.6,3000.0,0.6437,March,Thursday,7,Local,0
1710994500,2024-03-21 07:15:00,2024-03-21,07:15:00,7710,0,0,0,1,0,227.7,227.0,150.0,0.1,March,Thursday,7,Local,0
1710995400,2024-03-21 07:30:00,2024-03-21,07:30:00,7711,0,0,0,1,1,234.2,232.1,1350.0,0.3252,March,Thursday,7,Local,0
1710996300,2024-03-21 07:45:00,2024-03-21,07:45:00,7712,0,1,0,0,0,232.1,235.5,2500.0,0.6262,March,Thursday,7,Local,0
1710997200,2024-03-21 08:00:00,2024-03-21,08:00:00,7713,0,0,0,1,0,226.6,230.7,1650.0,0.4279,March,Thursday,8,Local,0
1710998100,2024-03-21 08:15:00,2024-03-21,08:15:00,7714,0,0,0,1,0,228.9,228.3,150.0,0.1,March,Thursday,8,Local,0
1710999000,2024-03-21 08:30:00,2024-03-21,08:30:00,7715,0,0,0,1,0,230.6,229.9,150.0,0.1,March,Thursday,8,Local,0
1710999900,2024-03-21 08:45:00,2024-03-21,08:45:00,7716,0,0,0,0,0,235.8,236.9,0.0,0.1,March,Thursday,8,Local,0
1711000800,2024-03-21 09:00:00,2024-03-21,09:00:00,7717,0,0,0,1,0,222.4,223.3,150.0,0.1,March,Thursday,9,Local,0
1711001700,2024-03-21 09:15:00,2024-03-21,09:15:00,7718,0,0,0,1,0,227.7,226.3,150.0,0.1,March,Thursday,9,Local,0
1711002600,2024-03-21 09:30:00,2024-03-21,09:30:00,7719,0,0,0,1,0,231.3,233.3,150.0,0.1,March,Thursday,9,Local,0
1711003500,2024-03-21 09:45:00,2024-03-21,09:45:00,7720,0,0,0,0,0,230.3,231.8,0.0,0.1,March,Thursday,9,Local,0
1711004400,2024-03-21 10:00:00,2024-03-21,10:00:00,7721,0,0,0,1,0,233.3,230.7,150.0,0.1,March,Thursday,10,Local,0
1711005300,2024-03-21 10:15:00,2024-03-21,10:15:00,7722,0,1,0,1,0,231.3,229.9,2650.0,0.7321,March,Thursday,10,Local,0
1711006200,2024-03-21 10:30:00,2024-03-21,10:30:00,7723,0,0,0,1,0,229.3,229.2,150.0,0.1,March,Thursday,10,Local,0
1711007100,2024-03-21 10:45:00,2024-03-21,10:45:00,7724,0,0,0,0,0,229.9,231.2,0.0,0.1,March,Thursday,10,Local,0
1711008000,2024-03-21 11:00:00,2024-03-21,11:00:00,7725,0,0,0,1,0,228.8,227.9,150.0,0.1,March,Thursday,11,Local,0
1711008900,2024-03-21 11:15:00,2024-03-21,11:15:00,7726,0,0,1,1,0,227.6,229.3,3150.0,0.7959,March,Thursday,11,Local,0
1711009800,2024-03-21 11:30:00,2024-03-21,11:30:00,7727,0,0,0,1,0,227.9,228.8,150.0,0.1,March,Thursday,11,Local,0
1711010700,2024-03-21 11:45:00,2024-03-21,11:45:00,7728,0,0,0,0,0,227.9,231.0,0.0,0.1,March,Thursday,11,Local,0
1711011600,2024-03-21 12:00:00,2024-03-21,12:00:00,7729,0,0,1,0,0,228.6,229.4,3000.0,0.7727,March,Thursday,12,Local,0
1711012500,2024-03-21 12:15:00,2024-03-21,12:15:00,7730,0,0,0,1,0,225.8,226.9,150.0,0.1,March,Thursday,12,Local,0
1711013400,2024-03-21 12:30:00,2024-03-21,12:30:00,7731,0,0,1,1,1,230.2,233.6,4350.0,1.0381,March,Thursday,12,Local,0
1711014300,2024-03-21 12:45:00,2024-03-21,12:45:00,7732,0,1,0,0,0,226.2,230.3,2500.0,0.5541,March,Thursday,12,Local,0
1711015200,2024-03-21 13:00:00,2024-03-21,13:00:00,7733,0,0,0,1,0,229.1,227.9,150.0,0.1,March,Thursday,13,Local,0
1711016100,2024-03-21 13:15:00,2024-03-21,13:15:00,7734,0,0,0,0,0,231.9,230.9,0.0,0.1,March,Thursday,13,Local,0
1711017000,2024-03-21 13:30:00,2024-03-21,13:30:00,7735,0,0,0,0,0,227.7,231.0,0.0,0.1,March,Thursday,13,Local,0
1711017900,2024-03-21 13:45:00,2024-03-21,13:45:00,7736,0,0,0,0,0,232.0,234.4,0.0,0.1,March,Thursday,13,Local,0
1711018800,2024-03-21 14:00:00,2024-03-21,14:00:00,7737,0,1,0,1,0,232.8,229.9,2650.0,0.5986,March,Thursday,14,Local,0
1711019700,2024-03-21 14:15:00,2024-03-21,14:15:00,7738,0,0,0,1,0,229.6,227.5,150.0,0.1,March,Thursday,14,Local,0
1711020600,2024-03-21 14:30:00,2024-03-21,14:30:00,7739,0,0,0,1,0,230.0,228.3,150.0,0.1,March,Thursday,14,Local,0
1711021500,2024-03-21 14:45:00,2024-03-21,14:45:00,7740,0,0,0,0,0,228.7,228.1,0.0,0.1,March,Thursday,14,Local,0
1711022400,2024-03-21 15:00:00,2024-03-21,15:00:00,7741,0,1,0,1,0,230.2,230.8,2650.0,0.6072,March,Thursday,15,Local,0
1711023300,2024-03-21 15:15:00,2024-03-21,15:15:00,7742,0,0,0,1,0,231.5,228.9,150.0,0.1,March,Thursday,15,Local,0
1711024200,2024-03-21 15:30:00,2024-03-21,15:30:00,7743,0,0,0,1,0,231.8,233.1,150.0,0.1,March,Thursday,15,Local,0
1711025100,2024-03-21 15:45:00,2024-03-21,15:45:00,7744,0,1,0,0,0,228.9,231.0,2500.0,0.6088,March,Thursday,15,Local,0
1711026000,2024-03-21 16:00:00,2024-03-21,16:00:00,7745,0,0,0,1,1,231.4,232.1,1350.0,0.3743,March,Thursday,16,Local,0
1711026900,2024-03-21 16:15:00,2024-03-21,16:15:00,7746,0,1,0,1,0,228.7,226.5,2650.0,0.7216,March,Thursday,16,Local,0
1711027800,2024-03-21 16:30:00,2024-03-21,16:30:00,7747,0,0,0,1,0,227.7,228.2,150.0,0.1,March,Thursday,16,Local,0
1711028700,2024-03-21 16:45:00,2024-03-21,16:45:00,7748,0,0,0,0,0,225.9,222.4,0.0,0.1,March,Thursday,16,Local,0
1711029600,2024-03-21 17:00:00,2024-03-21,17:00:00,7749,1,0,0,1,0,230.2,230.6,300.0,0.1,March,Thursday,17,Local,0
1711030500,2024-03-21 17:15:00,2024-03-21,17:15:00,7750,0,0,0,1,0,230.7,229.8,150.0,0.1,March,Thursday,17,Local,0
1711031400,2024-03-21 17:30:00,2024-03-21,17:30:00,7751,0,0,0,1,0,229.3,230.8,150.0,0.1,March,Thursday,17,Local,0
1711032300,2024-03-21 17:45:00,2024-03-21,17:45:00,7752,0,1,0,0,0,230.4,230.5,2500.0,0.6229,March,Thursday,17,Local,0
1711033200,2024-03-21 18:00:00,2024-03-21,18:00:00,7753,0,0,1,1,0,227.9,226.2,3150.0,0.7155,March,Thursday,18,Local,0
1711034100,2024-03-21 18:15:00,2024-03-21,18:15:00,7754,1,0,1,1,0,230.7,230.9,3300.0,0.8082,March,Thursday,18,Local,0
1711035000,2024-03-21 18:30:00,2024-03-21,18:30:00,7755,0,0,0,0,0,230.0,232.6,0.0,0.1,March,Thursday,18,Local,0
1711035900,2024-03-21 18:45:00,2024-03-21,18:45:00,7756,0,0,1,0,0,225.9,223.0,3000.0,0.7732,March,Thursday,18,Local,0
1711036800,2024-03-21 19:00:00,2024-03-21,19:00:00,7757,1,0,0,1,1,228.7,224.1,1500.0,0.4072,March,Thursday,19,Local,0
1711037700,2024-03-21 19:15:00,2024-03-21,19:15:00,7758,0,0,1,1,0,229.2,226.9,3150.0,0.814,March,Thursday,19,Local,0
1711038600,2024-03-21 19:30:00,2024-03-21,19:30:00,7759,0,0,1,1,0,224.4,223.1,3650.0,0.8027,March,Thursday,19,Local,0
1711039500,2024-03-21 19:45:00,2024-03-21,19:45:00,7760,0,0,1,0,0,228.4,229.6,3000.0,0.7961,March,Thursday,19,Local,0
1711040400,2024-03-21 20:00:00,2024-03-21,20:00:00,7761,1,0,1,0,0,231.0,227.1,3150.0,0.8238,March,Thursday,20,Local,0
1711041300,2024-03-21 20:15:00,2024-03-21,20:15:00,7762,1,0,0,1,0,231.9,231.6,300.0,0.1,March,Thursday,20,Local,0
1711042200,2024-03-21 20:30:00,2024-03-21,20:30:00,7763,1,0,0,1,1,230.0,226.7,1500.0,0.4102,March,Thursday,20,Local,0
1711043100,2024-03-21 20:45:00,2024-03-21,20:45:00,7764,0,0,0,0,0,229.8,229.5,0.0,0.1,March,Thursday,20,Local,0
1711044000,2024-03-21 21:00:00,2024-03-21,21:00:00,7765,0,0,0,1,0,232.5,234.6,150.0,0.1,March,Thursday,21,Local,0
1711044900,2024-03-21 21:15:00,2024-03-21,21:15:00,7766,1,0,0,0,0,227.1,229.4,150.0,0.1,March,Thursday,21,Local,0
1711045800,2024-03-21 21:30:00,2024-03-21,21:30:00,7767,1,0,0,0,0,230.9,230.7,150.0,0.1,March,Thursday,21,Local,0
1711046700,2024-03-21 21:45:00,2024-03-21,21:45:00,7768,0,0,1,0,0,227.4,226.1,3000.0,0.7898,March,Thursday,21,Local,0
1711047600,2024-03-21 22:00:00,2024-03-21,22:00:00,7769,0,0,1,1,0,226.5,226.1,3150.0,0.7983,March,Thursday,22,Local,0
1711048500,2024-03-21 22:15:00,2024-03-21,22:15:00,7770,0,0,0,1,0,230.6,227.8,150.0,0.1,March,Thursday,22,Local,0
1711049400,2024-03-21 22:30:00,2024-03-21,22:30:00,7771,1,0,0,1,0,229.2,228.9,300.0,0.1,March,Thursday,22,Local,0
1711050300,2024-03-21 22:45:00,2024-03-21,22:45:00,7772,1,0,0,0,0,227.4,227.8,150.0,0.1,March,Thursday,22,Local,0
1711051200,2024-03-21 23:00:00,2024-03-21,23:00:00,7773,0,0,0,1,0,231.2,235.1,150.0,0.1,March,Thursday,23,Local,0
1711052100,2024-03-21 23:15:00,2024-03-21,23:15:00,7774,0,0,0,1,0,229.7,230.2,150.0,0.1,March,Thursday,23,Local,0
1711053000,2024-03-21 23:30:00,2024-03-21,23:30:00,7775,0,0,0,1,0,226.7,223.2,150.0,0.1,March,Thursday,23,Local,0
1711053900,2024-03-21 23:45:00,2024-03-21,23:45:00,7776,0,0,0,0,0,229.2,227.5,0.0,0.1,March,Thursday,23,Local,0
1711054800,2024-03-22 00:00:00,2024-03-22,00:00:00,7777,0,0,0,0,0,232.9,233.4,800.0,0.2009,March,Friday,0,Local,0
1711055700,2024-03-22 00:15:00,2024-03-22,00:15:00,7778,1,0,0,1,0,228.5,227.6,300.0,0.1,March,Friday,0,Local,0
1711056600,2024-03-22 00:30:00,2024-03-22,00:30:00,7779,0,0,0,1,0,229.2,228.6,150.0,0.1,March,Friday,0,Local,0
1711057500,2024-03-22 00:45:00,2024-03-22,00:45:00,7780,0,0,0,0,0,232.1,230.1,0.0,0.1,March,Friday,0,Local,0
1711058400,2024-03-22 01:00:00,2024-03-22,01:00:00,7781,0,0,0,1,0,230.6,234.3,150.0,0.1,March,Friday,1,Local,0
1711059300,2024-03-22 01:15:00,2024-03-22,01:15:00,7782,0,0,0,1,0,229.5,228.6,150.0,0.1,March,Friday,1,Local,0
1711060200,2024-03-22 01:30:00,2024-03-22,01:30:00,7783,0,0,0,1,0,233.6,232.0,1650.0,0.4527,March,Friday,1,Local,0
1711061100,2024-03-22 01:45:00,2024-03-22,01:45:00,7784,0,0,0,0,0,227.7,226.8,0.0,0.1,March,Friday,1,Local,0
1711062000,2024-03-22 02:00:00,2024-03-22,02:00:00,7785,0,0,0,1,0,228.1,227.7,150.0,0.1,March,Friday,2,Local,0
1711062900,2024-03-22 02:15:00,2024-03-22,02:15:00,7786,0,0,0,1,0,231.0,228.2,150.0,0.1,March,Friday,2,Local,0
1711063800,2024-03-22 02:30:00,2024-03-22,02:30:00,7787,0,0,0,1,0,229.1,228.6,150.0,0.1,March,Friday,2,Local,0
1711064700,2024-03-22 02:45:00,2024-03-22,02:45:00,7788,0,0,0,1,0,234.0,233.3,150.0,0.1,March,Friday,2,Local,0
1711065600,2024-03-22 03:00:00,2024-03-22,03:00:00,7789,0,0,0,0,0,229.3,230.0,0.0,0.1,March,Friday,3,Local,0
1711066500,2024-03-22 03:15:00,2024-03-22,03:15:00,7790,0,0,0,1,0,233.5,234.8,150.0,0.1,March,Friday,3,Local,0
1711067400,2024-03-22 03:30:00,2024-03-22,03:30:00,7791,0,0,0,1,0,228.2,227.2,150.0,0.1,March,Friday,3,Local,0
1711068300,2024-03-22 03:45:00,2024-03-22,03:45:00,7792,0,0,0,1,0,226.0,223.5,150.0,0.1,March,Friday,3,Local,0
1711069200,2024-03-22 04:00:00,2024-03-22,04:00:00,7793,0,0,0,1,0,233.8,233.3,150.0,0.1,March,Friday,4,Local,0
1711070100,2024-03-22 04:15:00,2024-03-22,04:15:00,7794,0,0,0,1,0,230.4,233.5,150.0,0.1,March,Friday,4,Local,0
1711071000,2024-03-22 04:30:00,2024-03-22,04:30:00,7795,0,0,0,1,0,226.3,224.4,150.0,0.1,March,Friday,4,Local,0
1711071900,2024-03-22 04:45:00,2024-03-22,04:45:00,7796,0,0,0,0,0,228.7,230.3,0.0,0.1,March,Friday,4,Local,0
1711072800,2024-03-22 05:00:00,2024-03-22,05:00:00,7797,0,0,0,1,0,234.4,232.7,150.0,0.1,March,Friday,5,Local,0
1711073700,2024-03-22 05:15:00,2024-03-22,05:15:00,7798,0,0,0,1,0,232.6,234.2,150.0,0.1,March,Friday,5,Local,0
1711074600,2024-03-22 05:30:00,2024-03-22,05:30:00,7799,0,0,0,1,0,230.9,229.2,150.0,0.1,March,Friday,5,Local,0
1711075500,2024-03-22 05:45:00,2024-03-22,05:45:00,7800,0,0,0,0,0,227.6,225.1,0.0,0.1,March,Friday,5,Local,0
1711076400,2024-03-22 06:00:00,2024-03-22,06:00:00,7801,0,0,0,1,0,230.6,229.9,150.0,0.1,March,Friday,6,Local,0
1711077300,2024-03-22 06:15:00,2024-03-22,06:15:00,7802,0,0,0,1,0,232.0,234.9,150.0,0.1,March,Friday,6,Local,0
1711078200,2024-03-22 06:30:00,2024-03-22,06:30:00,7803,0,0,0,1,0,232.1,228.9,150.0,0.1,March,Friday,6,Local,0
1711079100,2024-03-22 06:45:00,2024-03-22,06:45:00,7804,0,0,0,0,0,227.1,227.3,0.0,0.1,March,Friday,6,Local,0
1711080000,2024-03-22 07:00:00,2024-03-22,07:00:00,7805,0,0,0,1,0,227.2,223.1,150.0,0.1,March,Friday,7,Local,0
1711080900,2024-03-22 07:15:00,2024-03-22,07:15:00,7806,0,0,1,1,0,231.5,231.8,3150.0,0.8627,March,Friday,7,Local,0
1711081800,2024-03-22 07:30:00,2024-03-22,07:30:00,7807,1,1,0,1,0,225.2,221.6,3600.0,0.7699,March,Friday,7,Local,0
1711082700,2024-03-22 07:45:00,2024-03-22,07:45:00,7808,0,0,0,0,0,230.3,231.1,0.0,0.1,March,Friday,7,Local,0
1711083600,2024-03-22 08:00:00,2024-03-22,08:00:00,7809,0,0,0,1,0,228.7,234.1,150.0,0.1,March,Friday,8,Local,0
1711084500,2024-03-22 08:15:00,2024-03-22,08:15:00,7810,0,0,0,1,0,227.9,225.8,150.0,0.1,March,Friday,8,Local,0
1711085400,2024-03-22 08:30:00,2024-03-22,08:30:00,7811,0,0,0,1,0,234.5,232.2,150.0,0.1,March,Friday,8,Local,0
1711086300,2024-03-22 08:45:00,2024-03-22,08:45:00,7812,0,0,0,0,0,229.8,230.5,0.0,0.1,March,Friday,8,Local,0
1711087200,2024-03-22 09:00:00,2024-03-22,09:00:00,7813,0,1,0,1,0,232.3,230.9,2650.0,0.6267,March,Friday,9,Local,0
1711088100,2024-03-22 09:15:00,2024-03-22,09:15:00,7814,1,1,0,1,0,228.4,228.4,2800.0,0.694,March,Friday,9,Local,0
1711089000,2024-03-22 09:30:00,2024-03-22,09:30:00,7815,0,0,0,1,0,230.7,229.4,150.0,0.1,March,Friday,9,Local,0
1711089900,2024-03-22 09:45:00,2024-03-22,09:45:00,7816,0,0,0,0,0,227.6,226.1,0.0,0.1,March,Friday,9,Local,0
1711090800,2024-03-22 10:00:00,2024-03-22,10:00:00,7817,0,0,0,1,0,230.9,233.4,150.0,0.1,March,Friday,10,Local,0
1711091700,2024-03-22 10:15:00,2024-03-22,10:15:00,7818,0,0,0,1,0,236.7,235.7,150.0,0.1,March,Friday,10,Local,0
1711092600,2024-03-22 10:30:00,2024-03-22,10:30:00,7819,0,1,0,1,0,233.0,232.1,2650.0,0.6201,March,Friday,10,Local,0
1711093500,2024-03-22 10:45:00,2024-03-22,10:45:00,7820,0,0,0,0,0,229.9,228.5,0.0,0.1,March,Friday,10,Local,0
1711094400,2024-03-22 11:00:00,2024-03-22,11:00:00,7821,0,0,0,1,0,224.4,225.6,150.0,0.1,March,Friday,11,Local,0
1711095300,2024-03-22 11:15:00,2024-03-22,11:15:00,7822,0,0,0,1,0,226.7,231.0,150.0,0.1,March,Friday,11,Local,0
1711096200,2024-03-22 11:30:00,2024-03-22,11:30:00,7823,0,0,0,1,0,230.4,230.4,2150.0,0.5573,March,Friday,11,Local,0
1711097100,2024-03-22 11:45:00,2024-03-22,11:45:00,7824,0,0,0,0,0,228.4,227.9,0.0,0.1,March,Friday,11,Local,0
1711098000,2024-03-22 12:00:00,2024-03-22,12:00:00,7825,0,0,0,1,0,228.8,227.6,150.0,0.1,March,Friday,12,Local,0
1711098900,2024-03-22 12:15:00,2024-03-22,12:15:00,7826,0,0,0,1,0,227.3,227.5,150.0,0.1,March,Friday,12,Local,0
1711099800,2024-03-22 12:30:00,2024-03-22,12:30:00,7827,0,0,0,1,0,228.4,223.9,150.0,0.1,March,Friday,12,Local,0
1711100700,2024-03-22 12:45:00,2024-03-22,12:45:00,7828,0,0,0,0,0,229.1,225.9,0.0,0.1,March,Friday,12,Local,0
1711101600,2024-03-22 13:00:00,2024-03-22,13:00:00,7829,0,0,0,1,0,229.4,229.6,1150.0,0.3279,March,Friday,13,Local,0
1711102500,2024-03-22 13:15:00,2024-03-22,13:15:00,7830,0,0,0,1,0,232.5,232.8,150.0,0.1,March,Friday,13,Local,0
1711103400,2024-03-22 13:30:00,2024-03-22,13:30:00,7831,1,0,0,0,0,230.3,230.4,150.0,0.1,March,Friday,13,Local,0
1711104300,2024-03-22 13:45:00,2024-03-22,13:45:00,7832,0,0,0,0,0,235.4,234.0,0.0,0.1,March,Friday,13,Local,0
1711105200,2024-03-22 14:00:00,2024-03-22,14:00:00,7833,0,0,0,1,0,232.6,229.0,150.0,0.1,March,Friday,14,Local,0
1711106100,2024-03-22 14:15:00,2024-03-22,14:15:00,7834,0,0,0,1,1,228.4,229.5,1350.0,0.3072,March,Friday,14,Local,0
1711107000,2024-03-22 14:30:00,2024-03-22,14:30:00,7835,0,0,0,1,0,233.0,229.7,150.0,0.1,March,Friday,14,Local,0
1711107900,2024-03-22 14:45:00,2024-03-22,14:45:00,7836,0,0,0,0,0,230.5,228.8,0.0,0.1,March,Friday,14,Local,0
1711108800,2024-03-22 15:00:00,2024-03-22,15:00:00,7837,1,0,0,0,0,230.9,231.3,150.0,0.1,March,Friday,15,Local,0
1711109700,2024-03-22 15:15:00,2024-03-22,15:15:00,7838,0,1,0,1,0,227.7,230.1,2650.0,0.5445,March,Friday,15,Local,0
1711110600,2024-03-22 15:30:00,2024-03-22,15:30:00,7839,0,0,0,1,0,229.0,229.7,150.0,0.1,March,Friday,15,Local,0
1711111500,2024-03-22 15:45:00,2024-03-22,15:45:00,7840,0,1,0,0,0,227.1,228.9,2500.0,0.7231,March,Friday,15,Local,0
1711112400,2024-03-22 16:00:00,2024-03-22,16:00:00,7841,0,1,0,1,0,229.5,229.1,2650.0,0.767,March,Friday,16,Local,0
1711113300,2024-03-22 16:15:00,2024-03-22,16:15:00,7842,0,1,0,1,0,232.9,231.2,2650.0,0.6206,March,Friday,16,Local,0
1711114200,2024-03-22 16:30:00,2024-03-22,16:30:00,7843,0,0,1,1,0,228.1,230.3,3150.0,0.7577,March,Friday,16,Local,0
1711115100,2024-03-22 16:45:00,2024-03-22,16:45:00,7844,0,0,0,0,0,230.4,227.7,1000.0,0.2439,March,Friday,16,Local,0
1711116000,2024-03-22 17:00:00,2024-03-22,17:00:00,7845,0,1,0,0,1,228.8,226.2,3700.0,1.0631,March,Friday,17,Local,0
1711116900,2024-03-22 17:15:00,2024-03-22,17:15:00,7846,0,1,1,1,0,231.0,229.7,5650.0,1.5349,March,Friday,17,Local,0
1711117800,2024-03-22 17:30:00,2024-03-22,17:30:00,7847,1,0,0,1,1,226.9,227.2,1500.0,0.3437,March,Friday,17,Local,0
1711118700,2024-03-22 17:45:00,2024-03-22,17:45:00,7848,0,0,0,0,0,235.6,236.3,0.0,0.1,March,Friday,17,Local,0
1711119600,2024-03-22 18:00:00,2024-03-22,18:00:00,7849,1,0,0,1,0,233.0,234.2,300.0,0.1,March,Friday,18,Local,0
1711120500,2024-03-22 18:15:00,2024-03-22,18:15:00,7850,1,0,1,1,0,230.6,232.9,3300.0,0.9083,March,Friday,18,Local,0
1711121400,2024-03-22 18:30:00,2024-03-22,18:30:00,7851,1,0,1,1,1,233.1,236.6,4500.0,1.0074,March,Friday,18,Local,0
1711122300,2024-03-22 18:45:00,2024-03-22,18:45:00,7852,1,0,0,1,0,227.0,227.3,300.0,0.1,March,Friday,18,Local,0
1711123200,2024-03-22 19:00:00,2024-03-22,19:00:00,7853,1,0,1,1,0,230.4,233.4,3300.0,0.8512,March,Friday,19,Local,0
1711124100,2024-03-22 19:15:00,2024-03-22,19:15:00,7854,1,0,0,1,0,232.0,233.9,800.0,0.2157,March,Friday,19,Local,0
1711125000,2024-03-22 19:30:00,2024-03-22,19:30:00,7855,1,0,1,1,0,232.7,233.3,3300.0,0.8792,March,Friday,19,Local,0
1711125900,2024-03-22 19:45:00,2024-03-22,19:45:00,7856,1,0,0,0,0,231.1,230.6,150.0,0.1,March,Friday,19,Local,0
1711126800,2024-03-22 20:00:00,2024-03-22,20:00:00,7857,1,0,1,1,0,230.2,231.0,3300.0,0.9924,March,Friday,20,Local,0
1711127700,2024-03-22 20:15:00,2024-03-22,20:15:00,7858,1,0,1,1,0,226.3,223.9,3300.0,0.7371,March,Friday,20,Local,0
1711128600,2024-03-22 20:30:00,2024-03-22,20:30:00,7859,1,0,0,1,0,231.1,227.6,300.0,0.1,March,Friday,20,Local,0
1711129500,2024-03-22 20:45:00,2024-03-22,20:45:00,7860,1,0,0,0,1,229.1,231.3,1350.0,0.2845,March,Friday,20,Local,0
1711130400,2024-03-22 21:00:00,2024-03-22,21:00:00,7861,0,0,0,1,0,230.8,231.5,150.0,0.1,March,Friday,21,Local,0
1711131300,2024-03-22 21:15:00,2024-03-22,21:15:00,7862,1,0,1,1,0,225.1,228.7,3300.0,0.9282,March,Friday,21,Local,0
1711132200,2024-03-22 21:30:00,2024-03-22,21:30:00,7863,1,0,1,0,0,232.2,233.7,3150.0,0.7282,March,Friday,21,Local,0
1711133100,2024-03-22 21:45:00,2024-03-22,21:45:00,7864,1,0,0,1,0,229.1,230.7,300.0,0.1,March,Friday,21,Local,0
1711134000,2024-03-22 22:00:00,2024-03-22,22:00:00,7865,0,0,0,1,0,228.5,230.3,150.0,0.1,March,Friday,22,Local,0
1711134900,2024-03-22 22:15:00,2024-03-22,22:15:00,7866,1,0,0,1,0,229.5,230.2,300.0,0.1,March,Friday,22,Local,0
1711135800,2024-03-22 22:30:00,2024-03-22,22:30:00,7867,1,0,0,1,0,232.6,234.1,300.0,0.1,March,Friday,22,Local,0
1711136700,2024-03-22 22:45:00,2024-03-22,22:45:00,7868,1,0,0,0,0,229.2,229.6,150.0,0.1,March,Friday,22,Local,0
1711137600,2024-03-22 23:00:00,2024-03-22,23:00:00,7869,0,0,0,1,0,228.0,226.3,150.0,0.1,March,Friday,23,Local,0
1711138500,2024-03-22 23:15:00,2024-03-22,23:15:00,7870,0,0,0,0,0,229.1,227.9,0.0,0.1,March,Friday,23,Local,0
1711139400,2024-03-22 23:30:00,2024-03-22,23:30:00,7871,0,0,0,1,0,231.1,228.9,150.0,0.1,March,Friday,23,Local,0
1711140300,2024-03-22 23:45:00,2024-03-22,23:45:00,7872,0,0,0,0,1,230.7,227.1,1200.0,0.3018,March,Friday,23,Local,0
1711141200,2024-03-23 00:00:00,2024-03-23,00:00:00,7873,0,0,0,1,0,230.1,229.0,150.0,0.1,March,Saturday,0,Local,0
1711142100,2024-03-23 00:15:00,2024-03-23,00:15:00,7874,0,0,0,1,0,230.2,230.5,150.0,0.1,March,Saturday,0,Local,0
1711143000,2024-03-23 00:30:00,2024-03-23,00:30:00,7875,0,0,0,1,0,230.8,232.3,150.0,0.1,March,Saturday,0,Local,0
1711143900,2024-03-23 00:45:00,2024-03-23,00:45:00,7876,0,0,0,0,0,231.6,231.1,0.0,0.1,March,Saturday,0,Local,0
1711144800,2024-03-23 01:00:00,2024-03-23,01:00:00,7877,0,0,0,1,0,230.8,229.7,150.0,0.1,March,Saturday,1,Local,0
1711145700,2024-03-23 01:15:00,2024-03-23,01:15:00,7878,0,0,0,1,0,232.3,231.4,150.0,0.1,March,Saturday,1,Local,0
1711146600,2024-03-23 01:30:00,2024-03-23,01:30:00,7879,0,0,0,1,0,235.1,235.7,150.0,0.1,March,Saturday,1,Local,0
1711147500,2024-03-23 01:45:00,2024-03-23,01:45:00,7880,0,0,0,0,0,231.9,231.0,0.0,0.1,March,Saturday,1,Local,0
1711148400,2024-03-23 02:00:00,2024-03-23,02:00:00,7881,0,0,0,1,0,229.5,230.9,150.0,0.1,March,Saturday,2,Local,0
1711149300,2024-03-23 02:15:00,2024-03-23,02:15:00,7882,0,0,0,1,0,232.2,233.0,150.0,0.1,March,Saturday,2,Local,0
1711150200,2024-03-23 02:30:00,2024-03-23,02:30:00,7883,0,0,0,1,0,231.6,229.9,150.0,0.1,March,Saturday,2,Local,0
1711151100,2024-03-23 02:45:00,2024-03-23,02:45:00,7884,0,0,0,0,0,229.7,232.2,0.0,0.1,March,Saturday,2,Local,0
1711152000,2024-03-23 03:00:00,2024-03-23,03:00:00,7885,0,0,0,1,0,225.5,224.2,150.0,0.1,March,Saturday,3,Local,0
1711152900,2024-03-23 03:15:00,2024-03-23,03:15:00,7886,0,0,0,1,0,229.3,229.4,150.0,0.1,March,Saturday,3,Local,0
1711153800,2024-03-23 03:30:00,2024-03-23,03:30:00,7887,0,0,0,0,0,235.0,234.4,0.0,0.1,March,Saturday,3,Local,0
1711154700,2024-03-23 03:45:00,2024-03-23,03:45:00,7888,0,0,0,0,0,229.5,230.7,0.0,0.1,March,Saturday,3,Local,0
1711155600,2024-03-23 04:00:00,2024-03-23,04:00:00,7889,0,0,0,1,0,229.3,229.2,950.0,0.2272,March,Saturday,4,Local,0
1711156500,2024-03-23 04:15:00,2024-03-23,04:15:00,7890,0,0,0,0,0,224.6,225.7,0.0,0.1,March,Saturday,4,Local,0
1711157400,2024-03-23 04:30:00,2024-03-23,04:30:00,7891,0,0,0,1,0,230.3,232.4,150.0,0.1,March,Saturday,4,Local,0
1711158300,2024-03-23 04:45:00,2024-03-23,04:45:00,7892,0,0,0,1,0,228.8,225.2,150.0,0.1,March,Saturday,4,Local,0
1711159200,2024-03-23 05:00:00,2024-03-23,05:00:00,7893,0,0,0,1,0,229.2,226.6,150.0,0.1,March,Saturday,5,Local,0
1711160100,2024-03-23 05:15:00,2024-03-23,05:15:00,7894,0,0,0,1,0,229.8,227.0,150.0,0.1,March,Saturday,5,Local,0
1711161000,2024-03-23 05:30:00,2024-03-23,05:30:00,7895,0,0,0,1,0,231.1,233.9,150.0,0.1,March,Saturday,5,Local,0
1711161900,2024-03-23 05:45:00,2024-03-23,05:45:00,7896,0,0,0,0,0,230.5,229.1,0.0,0.1,March,Saturday,5,Local,0
1711162800,2024-03-23 06:00:00,2024-03-23,06:00:00,7897,0,0,0,1,0,230.5,233.0,150.0,0.1,March,Saturday,6,Local,0
1711163700,2024-03-23 06:15:00,2024-03-23,06:15:00,7898,0,0,0,1,0,222.8,220.9,2150.0,0.5401,March,Saturday,6,Local,0
1711164600,2024-03-23 06:30:00,2024-03-23,06:30:00,7899,0,0,0,1,0,228.3,230.6,150.0,0.1,March,Saturday,6,Local,0
1711165500,2024-03-23 06:45:00,2024-03-23,06:45:00,7900,0,0,0,0,0,229.8,234.1,0.0,0.1,March,Saturday,6,Local,0
1711166400,2024-03-23 07:00:00,2024-03-23,07:00:00,7901,0,0,0,1,0,229.7,232.7,150.0,0.1,March,Saturday,7,Local,0
1711167300,2024-03-23 07:15:00,2024-03-23,07:15:00,7902,0,0,0,1,0,232.1,230.7,150.0,0.1,March,Saturday,7,Local,0
1711168200,2024-03-23 07:30:00,2024-03-23,07:30:00,7903,0,0,0,1,0,229.3,230.4,150.0,0.1,March,Saturday,7,Local,0
1711169100,2024-03-23 07:45:00,2024-03-23,07:45:00,7904,0,0,0,0,0,233.8,234.1,0.0,0.1,March,Saturday,7,Local,0
1711170000,2024-03-23 08:00:00,2024-03-23,08:00:00,7905,0,0,0,0,0,232.2,235.9,0.0,0.1,March,Saturday,8,Local,0
1711170900,2024-03-23 08:15:00,2024-03-23,08:15:00,7906,0,0,0,0,0,229.5,228.7,0.0,0.1,March,Saturday,8,Local,0
1711171800,2024-03-23 08:30:00,2024-03-23,08:30:00,7907,1,0,0,1,0,232.5,231.4,300.0,0.1,March,Saturday,8,Local,0
1711172700,2024-03-23 08:45:00,2024-03-23,08:45:00,7908,0,0,0,0,0,232.0,229.7,0.0,0.1,March,Saturday,8,Local,0
1711173600,2024-03-23 09:00:00,2024-03-23,09:00:00,7909,0,0,0,1,0,227.9,229.5,150.0,0.1,March,Saturday,9,Local,0
1711174500,2024-03-23 09:15:00,2024-03-23,09:15:00,7910,0,1,0,1,0,230.4,234.7,2650.0,0.6869,March,Saturday,9,Local,0
1711175400,2024-03-23 09:30:00,2024-03-23,09:30:00,7911,0,0,0,1,0,234.3,231.1,150.0,0.1,March,Saturday,9,Local,0
1711176300,2024-03-23 09:45:00,2024-03-23,09:45:00,7912,0,0,0,0,0,229.6,231.2,0.0,0.1,March,Saturday,9,Local,0
1711177200,2024-03-23 10:00:00,2024-03-23,10:00:00,7913,0,1,0,1,0,230.4,231.3,2650.0,0.522,March,Saturday,10,Local,0
1711178100,2024-03-23 10:15:00,2024-03-23,10:15:00,7914,0,0,0,1,0,227.4,227.8,150.0,0.1,March,Saturday,10,Local,0
1711179000,2024-03-23 10:30:00,2024-03-23,10:30:00,7915,0,0,0,1,0,229.9,229.5,150.0,0.1,March,Saturday,10,Local,0
1711179900,2024-03-23 10:45:00,2024-03-23,10:45:00,7916,1,1,0,0,0,230.5,229.7,2650.0,0.6509,March,Saturday,10,Local,0
1711180800,2024-03-23 11:00:00,2024-03-23,11:00:00,7917,0,0,0,1,0,226.1,226.6,150.0,0.1,March,Saturday,11,Local,0
1711181700,2024-03-23 11:15:00,2024-03-23,11:15:00,7918,0,0,0,1,0,227.9,230.7,150.0,0.1,March,Saturday,11,Local,0
1711182600,2024-03-23 11:30:00,2024-03-23,11:30:00,7919,0,0,0,1,0,230.1,231.2,150.0,0.1,March,Saturday,11,Local,0
1711183500,2024-03-23 11:45:00,2024-03-23,11:45:00,7920,0,0,0,0,0,230.1,228.6,0.0,0.1,March,Saturday,11,Local,0
1711184400,2024-03-23 12:00:00,2024-03-23,12:00:00,7921,0,0,0,1,0,226.7,224.0,150.0,0.1,March,Saturday,12,Local,0
1711185300,2024-03-23 12:15:00,2024-03-23,12:15:00,7922,0,0,0,1,0,227.9,229.1,150.0,0.1,March,Saturday,12,Local,0
1711186200,2024-03-23 12:30:00,2024-03-23,12:30:00,7923,0,1,0,1,0,230.0,228.6,2650.0,0.6921,March,Saturday,12,Local,0
1711187100,2024-03-23 12:45:00,2024-03-23,12:45:00,7924,0,0,0,0,1,229.6,229.1,1200.0,0.3394,March,Saturday,12,Local,0
1711188000,2024-03-23 13:00:00,2024-03-23,13:00:00,7925,0,0,0,1,0,226.4,225.6,150.0,0.1,March,Saturday,13,Local,0
1711188900,2024-03-23 13:15:00,2024-03-23,13:15:00,7926,0,0,1,0,0,233.8,230.5,3000.0,0.7834,March,Saturday,13,Local,0
1711189800,2024-03-23 13:30:00,2024-03-23,13:30:00,7927,0,0,0,1,0,225.1,222.2,150.0,0.1,March,Saturday,13,Local,0
1711190700,2024-03-23 13:45:00,2024-03-23,13:45:00,7928,0,1,0,0,0,231.2,231.4,2500.0,0.6196,March,Saturday,13,Local,0
1711191600,2024-03-23 14:00:00,2024-03-23,14:00:00,7929,1,0,0,1,0,232.5,231.2,300.0,0.1,March,Saturday,14,Local,0
1711192500,2024-03-23 14:15:00,2024-03-23,14:15:00,7930,0,0,0,1,0,229.3,228.4,1150.0,0.266,March,Saturday,14,Local,0
1711193400,2024-03-23 14:30:00,2024-03-23,14:30:00,7931,0,0,1,1,0,228.9,230.9,3150.0,0.7243,March,Saturday,14,Local,0
1711194300,2024-03-23 14:45:00,2024-03-23,14:45:00,7932,0,0,0,0,0,229.1,229.0,0.0,0.1,March,Saturday,14,Local,0
1711195200,2024-03-23 15:00:00,2024-03-23,15:00:00,7933,0,0,0,0,0,229.9,228.6,0.0,0.1,March,Saturday,15,Local,0
1711196100,2024-03-23 15:15:00,2024-03-23,15:15:00,7934,0,1,0,1,0,233.6,231.3,2650.0,0.7254,March,Saturday,15,Local,0
1711197000,2024-03-23 15:30:00,2024-03-23,15:30:00,7935,0,0,0,1,1,234.6,235.0,1350.0,0.3242,March,Saturday,15,Local,0
1711197900,2024-03-23 15:45:00,2024-03-23,15:45:00,7936,0,0,0,0,0,233.5,235.8,0.0,0.1,March,Saturday,15,Local,0
1711198800,2024-03-23 16:00:00,2024-03-23,16:00:00,7937,0,0,0,1,0,229.3,229.9,150.0,0.1,March,Saturday,16,Local,0
1711199700,2024-03-23 16:15:00,2024-03-23,16:15:00,7938,1,0,0,1,0,232.5,230.2,300.0,0.1,March,Saturday,16,Local,0
1711200600,2024-03-23 16:30:00,2024-03-23,16:30:00,7939,0,0,0,1,1,232.5,234.3,1350.0,0.3047,March,Saturday,16,Local,0
1711201500,2024-03-23 16:45:00,2024-03-23,16:45:00,7940,0,1,0,0,1,226.1,224.8,3700.0,1.055,March,Saturday,16,Local,0
1711202400,2024-03-23 17:00:00,2024-03-23,17:00:00,7941,0,0,0,1,0,229.3,231.0,150.0,0.1,March,Saturday,17,Local,0
1711203300,2024-03-23 17:15:00,2024-03-23,17:15:00,7942,0,0,1,1,1,234.6,231.5,4350.0,1.1303,March,Saturday,17,Local,0
1711204200,2024-03-23 17:30:00,2024-03-23,17:30:00,7943,1,0,1,0,0,227.7,226.9,3150.0,0.8684,March,Saturday,17,Local,0
1711205100,2024-03-23 17:45:00,2024-03-23,17:45:00,7944,1,1,0,0,0,229.6,227.7,2650.0,0.5987,March,Saturday,17,Local,0
1711206000,2024-03-23 18:00:00,2024-03-23,18:00:00,7945,1,0,0,1,1,227.2,229.6,1500.0,0.415,March,Saturday,18,Local,0
1711206900,2024-03-23 18:15:00,2024-03-23,18:15:00,7946,0,0,0,1,1,228.3,227.8,1350.0,0.3338,March,Saturday,18,Local,0
1711207800,2024-03-23 18:30:00,2024-03-23,18:30:00,7947,0,0,1,1,0,226.8,228.1,3150.0,0.8517,March,Saturday,18,Local,0
1711208700,2024-03-23 18:45:00,2024-03-23,18:45:00,7948,0,1,0,0,0,231.6,230.2,2500.0,0.6476,March,Saturday,18,Local,0
1711209600,2024-03-23 19:00:00,2024-03-23,19:00:00,7949,1,0,1,0,1,231.0,230.7,4350.0,0.9671,March,Saturday,19,Local,0
1711210500,2024-03-23 19:15:00,2024-03-23,19:15:00,7950,1,0,1,1,0,227.3,227.3,3300.0,0.9533,March,Saturday,19,Local,0
1711211400,2024-03-23 19:30:00,2024-03-23,19:30:00,7951,1,0,1,1,0,233.5,231.7,3300.0,0.7602,March,Saturday,19,Local,0
1711212300,2024-03-23 19:45:00,2024-03-23,19:45:00,7952,1,0,1,0,0,235.2,234.2,3150.0,0.8013,March,Saturday,19,Local,0
1711213200,2024-03-23 20:00:00,2024-03-23,20:00:00,7953,1,0,1,1,0,225.6,226.2,3300.0,0.7516,March,Saturday,20,Local,0
1711214100,2024-03-23 20:15:00,2024-03-23,20:15:00,7954,1,0,1,1,0,233.1,233.1,4100.0,0.9407,March,Saturday,20,Local,0
1711215000,2024-03-23 20:30:00,2024-03-23,20:30:00,7955,1,0,0,0,0,231.7,235.5,150.0,0.1,March,Saturday,20,Local,0
1711215900,2024-03-23 20:45:00,2024-03-23,20:45:00,7956,1,0,0,0,0,229.7,230.1,150.0,0.1,March,Saturday,20,Local,0
1711216800,2024-03-23 21:00:00,2024-03-23,21:00:00,7957,1,0,1,1,0,226.9,231.5,3300.0,0.625,March,Saturday,21,Local,0
1711217700,2024-03-23 21:15:00,2024-03-23,21:15:00,7958,1,0,0,1,0,229.4,232.1,300.0,0.1,March,Saturday,21,Local,0
1711218600,2024-03-23 21:30:00,2024-03-23,21:30:00,7959,1,0,0,1,1,226.6,225.8,1500.0,0.4773,March,Saturday,21,Local,0
1711219500,2024-03-23 21:45:00,2024-03-23,21:45:00,7960,1,0,0,0,0,227.1,226.9,150.0,0.1,March,Saturday,21,Local,0
1711220400,2024-03-23 22:00:00,2024-03-23,22:00:00,7961,1,0,0,1,0,230.5,233.0,1300.0,0.3353,March,Saturday,22,Local,0
1711221300,2024-03-23 22:15:00,2024-03-23,22:15:00,7962,1,0,0,1,0,229.8,230.5,300.0,0.1,March,Saturday,22,Local,0
1711222200,2024-03-23 22:30:00,2024-03-23,22:30:00,7963,1,0,0,1,1,232.3,233.9,1500.0,0.3411,March,Saturday,22,Local,0
1711223100,2024-03-23 22:45:00,2024-03-23,22:45:00,7964,1,0,0,0,0,228.6,226.2,150.0,0.1,March,Saturday,22,Local,0
1711224000,2024-03-23 23:00:00,2024-03-23,23:00:00,7965,0,0,0,1,0,226.1,223.1,150.0,0.1,March,Saturday,23,Local,0
1711224900,2024-03-23 23:15:00,2024-03-23,23:15:00,7966,0,0,0,0,0,232.0,231.1,0.0,0.1,March,Saturday,23,Local,0
1711225800,2024-03-23 23:30:00,2024-03-23,23:30:00,7967,1,0,0,0,0,231.2,231.7,150.0,0.1,March,Saturday,23,Local,0
1711226700,2024-03-23 23:45:00,2024-03-23,23:45:00,7968,0,0,0,0,0,228.7,229.9,0.0,0.1,March,Saturday,23,Local,0
1711227600,2024-03-24 00:00:00,2024-03-24,00:00:00,7969,0,0,0,1,0,229.9,231.0,150.0,0.1,March,Sunday,0,Local,0
1711228500,2024-03-24 00:15:00,2024-03-24,00:15:00,7970,0,0,0,1,0,233.6,234.3,150.0,0.1,March,Sunday,0,Local,0
1711229400,2024-03-24 00:30:00,2024-03-24,00:30:00,7971,0,0,0,1,0,231.9,233.8,150.0,0.1,March,Sunday,0,Local,0
1711230300,2024-03-24 00:45:00,2024-03-24,00:45:00,7972,0,0,0,0,0,230.5,227.2,0.0,0.1,March,Sunday,0,Local,0
1711231200,2024-03-24 01:00:00,2024-03-24,01:00:00,7973,0,0,0,1,0,231.4,227.6,150.0,0.1,March,Sunday,1,Local,0
1711232100,2024-03-24 01:15:00,2024-03-24,01:15:00,7974,0,0,0,1,0,231.2,228.8,150.0,0.1,March,Sunday,1,Local,0
1711233000,2024-03-24 01:30:00,2024-03-24,01:30:00,7975,0,0,0,1,0,228.6,228.6,150.0,0.1,March,Sunday,1,Local,0
1711233900,2024-03-24 01:45:00,2024-03-24,01:45:00,7976,0,0,0,0,0,229.3,229.4,0.0,0.1,March,Sunday,1,Local,0
1711234800,2024-03-24 02:00:00,2024-03-24,02:00:00,7977,0,0,0,1,0,229.8,233.1,150.0,0.1,March,Sunday,2,Local,0
1711235700,2024-03-24 02:15:00,2024-03-24,02:15:00,7978,0,0,0,1,0,228.7,229.8,950.0,0.2487,March,Sunday,2,Local,0
1711236600,2024-03-24 02:30:00,2024-03-24,02:30:00,7979,0,0,0,1,0,232.5,233.2,150.0,0.1,March,Sunday,2,Local,0
1711237500,2024-03-24 02:45:00,2024-03-24,02:45:00,7980,0,0,0,0,0,227.5,228.6,0.0,0.1,March,Sunday,2,Local,0
1711238400,2024-03-24 03:00:00,2024-03-24,03:00:00,7981,0,0,0,1,0,226.3,226.1,150.0,0.1,March,Sunday,3,Local,0
1711239300,2024-03-24 03:15:00,2024-03-24,03:15:00,7982,0,0,0,1,0,227.9,227.1,150.0,0.1,March,Sunday,3,Local,0
1711240200,2024-03-24 03:30:00,2024-03-24,03:30:00,7983,0,0,0,1,0,232.3,230.6,150.0,0.1,March,Sunday,3,Local,0
1711241100,2024-03-24 03:45:00,2024-03-24,03:45:00,7984,0,0,0,0,0,231.1,229.3,0.0,0.1,March,Sunday,3,Local,0
1711242000,2024-03-24 04:00:00,2024-03-24,04:00:00,7985,0,0,0,1,0,233.6,235.1,150.0,0.1,March,Sunday,4,Local,0
1711242900,2024-03-24 04:15:00,2024-03-24,04:15:00,7986,0,0,0,1,0,229.9,228.0,150.0,0.1,March,Sunday,4,Local,0
1711243800,2024-03-24 04:30:00,2024-03-24,04:30:00,7987,0,0,0,1,0,228.2,229.1,150.0,0.1,March,Sunday,4,Local,0
1711244700,2024-03-24 04:45:00,2024-03-24,04:45:00,7988,0,0,0,0,0,225.0,222.9,0.0,0.1,March,Sunday,4,Local,0
1711245600,2024-03-24 05:00:00,2024-03-24,05:00:00,7989,0,0,0,1,0,234.7,237.4,150.0,0.1,March,Sunday,5,Local,0
1711246500,2024-03-24 05:15:00,2024-03-24,05:15:00,7990,0,0,0,1,0,227.4,230.3,150.0,0.1,March,Sunday,5,Local,0
1711247400,2024-03-24 05:30:00,2024-03-24,05:30:00,7991,0,0,0,1,0,236.1,234.6,150.0,0.1,March,Sunday,5,Local,0
1711248300,2024-03-24 05:45:00,2024-03-24,05:45:00,7992,0,0,0,0,0,229.1,226.5,0.0,0.1,March,Sunday,5,Local,0
1711249200,2024-03-24 06:00:00,2024-03-24,06:00:00,7993,0,0,0,1,0,225.8,229.6,150.0,0.1,March,Sunday,6,Local,0
1711250100,2024-03-24 06:15:00,2024-03-24,06:15:00,7994,0,0,0,1,0,229.3,230.6,150.0,0.1,March,Sunday,6,Local,0
1711251000,2024-03-24 06:30:00,2024-03-24,06:30:00,7995,1,0,0,1,0,229.7,228.8,300.0,0.1,March,Sunday,6,Local,0
1711251900,2024-03-24 06:45:00,2024-03-24,06:45:00,7996,0,0,0,0,0,235.2,234.3,0.0,0.1,March,Sunday,6,Local,0
1711252800,2024-03-24 07:00:00,2024-03-24,07:00:00,7997,0,0,0,1,0,232.6,232.0,150.0,0.1,March,Sunday,7,Local,0
1711253700,2024-03-24 07:15:00,2024-03-24,07:15:00,7998,0,0,0,1,1,228.6,226.5,1350.0,0.3167,March,Sunday,7,Local,0
1711254600,2024-03-24 07:30:00,2024-03-24,07:30:00,7999,0,0,1,0,0,228.0,229.4,3000.0,0.8726,March,Sunday,7,Local,0
1711255500,2024-03-24 07:45:00,2024-03-24,07:45:00,8000,0,0,0,0,0,228.1,228.2,0.0,0.1,March,Sunday,7,Local,0
1711256400,2024-03-24 08:00:00,2024-03-24,08:00:00,8001,0,0,0,1,0,228.9,228.4,150.0,0.1,March,Sunday,8,Local,0
1711257300,2024-03-24 08:15:00,2024-03-24,08:15:00,8002,0,0,0,1,0,231.5,231.5,150.0,0.1,March,Sunday,8,Local,0
1711258200,2024-03-24 08:30:00,2024-03-24,08:30:00,8003,0,0,1,1,0,229.2,228.6,3150.0,0.6347,March,Sunday,8,Local,0
1711259100,2024-03-24 08:45:00,2024-03-24,08:45:00,8004,0,0,1,0,0,233.0,234.3,3000.0,0.7108,March,Sunday,8,Local,0
1711260000,2024-03-24 09:00:00,2024-03-24,09:00:00,8005,0,0,0,1,0,231.4,231.6,150.0,0.1,March,Sunday,9,Local,0
1711260900,2024-03-24 09:15:00,2024-03-24,09:15:00,8006,0,0,1,1,0,228.8,232.1,3150.0,0.8115,March,Sunday,9,Local,0
1711261800,2024-03-24 09:30:00,2024-03-24,09:30:00,8007,0,0,0,0,0,229.6,229.9,0.0,0.1,March,Sunday,9,Local,0
1711262700,2024-03-24 09:45:00,2024-03-24,09:45:00,8008,0,0,0,0,0,228.2,228.1,0.0,0.1,March,Sunday,9,Local,0
1711263600,2024-03-24 10:00:00,2024-03-24,10:00:00,8009,0,0,0,1,0,223.9,223.2,150.0,0.1,March,Sunday,10,Local,0
1711264500,2024-03-24 10:15:00,2024-03-24,10:15:00,8010,0,0,0,0,0,233.7,232.7,0.0,0.1,March,Sunday,10,Local,0
1711265400,2024-03-24 10:30:00,2024-03-24,10:30:00,8011,0,1,0,1,0,231.1,232.0,2650.0,0.6405,March,Sunday,10,Local,0
1711266300,2024-03-24 10:45:00,2024-03-24,10:45:00,8012,0,0,0,0,0,229.4,226.5,0.0,0.1,March,Sunday,10,Local,0
1711267200,2024-03-24 11:00:00,2024-03-24,11:00:00,8013,0,0,0,1,0,229.3,226.8,150.0,0.1,March,Sunday,11,Local,0
1711268100,2024-03-24 11:15:00,2024-03-24,11:15:00,8014,0,0,0,1,0,229.4,234.4,150.0,0.1,March,Sunday,11,Local,0
1711269000,2024-03-24 11:30:00,2024-03-24,11:30:00,8015,0,0,0,1,0,239.1,238.9,150.0,0.1,March,Sunday,11,Local,0
1711269900,2024-03-24 11:45:00,2024-03-24,11:45:00,8016,1,0,0,0,0,231.5,231.3,150.0,0.1,March,Sunday,11,Local,0
1711270800,2024-03-24 12:00:00,2024-03-24,12:00:00,8017,0,0,1,1,1,229.6,233.6,4350.0,1.0156,March,Sunday,12,Local,0
1711271700,2024-03-24 12:15:00,2024-03-24,12:15:00,8018,0,1,0,1,1,228.3,227.4,3850.0,0.9802,March,Sunday,12,Local,0
1711272600,2024-03-24 12:30:00,2024-03-24,12:30:00,8019,0,0,0,1,0,226.3,229.0,150.0,0.1,March,Sunday,12,Local,0
1711273500,2024-03-24 12:45:00,2024-03-24,12:45:00,8020,0,0,1,0,0,231.9,233.1,3000.0,0.7692,March,Sunday,12,Local,0
1711274400,2024-03-24 13:00:00,2024-03-24,13:00:00,8021,0,0,0,1,0,231.9,230.7,150.0,0.1,March,Sunday,13,Local,0
1711275300,2024-03-24 13:15:00,2024-03-24,13:15:00,8022,0,0,0,1,1,231.3,231.2,1350.0,0.2883,March,Sunday,13,Local,0
1711276200,2024-03-24 13:30:00,2024-03-24,13:30:00,8023,0,0,0,1,0,225.9,225.5,1650.0,0.3738,March,Sunday,13,Local,0
1711277100,2024-03-24 13:45:00,2024-03-24,13:45:00,8024,1,0,0,0,0,230.3,231.7,150.0,0.1,March,Sunday,13,Local,0
1711278000,2024-03-24 14:00:00,2024-03-24,14:00:00,8025,1,0,0,1,0,228.2,229.0,300.0,0.1,March,Sunday,14,Local,0
1711278900,2024-03-24 14:15:00,2024-03-24,14:15:00,8026,0,0,0,1,0,231.2,233.7,150.0,0.1,March,Sunday,14,Local,0
1711279800,2024-03-24 14:30:00,2024-03-24,14:30:00,8027,0,0,0,1,0,232.3,232.9,150.0,0.1,March,Sunday,14,Local,0
1711280700,2024-03-24 14:45:00,2024-03-24,14:45:00,8028,0,0,0,1,0,225.5,227.3,150.0,0.1,March,Sunday,14,Local,0
1711281600,2024-03-24 15:00:00,2024-03-24,15:00:00,8029,0,0,1,1,0,232.7,229.6,3150.0,0.6886,March,Sunday,15,Local,0
1711282500,2024-03-24 15:15:00,2024-03-24,15:15:00,8030,0,0,0,1,0,223.7,221.9,150.0,0.1,March,Sunday,15,Local,0
1711283400,2024-03-24 15:30:00,2024-03-24,15:30:00,8031,0,0,0,1,0,234.8,234.7,150.0,0.1,March,Sunday,15,Local,0
1711284300,2024-03-24 15:45:00,2024-03-24,15:45:00,8032,0,0,0,0,0,229.4,227.7,0.0,0.1,March,Sunday,15,Local,0
1711285200,2024-03-24 16:00:00,2024-03-24,16:00:00,8033,0,0,1,0,0,230.0,232.3,3000.0,0.7658,March,Sunday,16,Local,0
1711286100,2024-03-24 16:15:00,2024-03-24,16:15:00,8034,0,0,1,1,1,232.1,230.4,4350.0,1.2278,March,Sunday,16,Local,0
1711287000,2024-03-24 16:30:00,2024-03-24,16:30:00,8035,0,0,0,1,0,231.4,229.8,150.0,0.1,March,Sunday,16,Local,0
1711287900,2024-03-24 16:45:00,2024-03-24,16:45:00,8036,0,0,0,0,0,230.0,229.9,0.0,0.1,March,Sunday,16,Local,0
1711288800,2024-03-24 17:00:00,2024-03-24,17:00:00,8037,1,0,0,1,0,232.9,235.2,300.0,0.1,March,Sunday,17,Local,0
1711289700,2024-03-24 17:15:00,2024-03-24,17:15:00,8038,0,0,1,1,0,226.0,227.3,3150.0,0.7514,March,Sunday,17,Local,0
1711290600,2024-03-24 17:30:00,2024-03-24,17:30:00,8039,0,0,1,1,0,228.1,228.9,3150.0,0.8401,March,Sunday,17,Local,0
1711291500,2024-03-24 17:45:00,2024-03-24,17:45:00,8040,0,0,0,0,0,228.8,228.7,0.0,0.1,March,Sunday,17,Local,0
1711292400,2024-03-24 18:00:00,2024-03-24,18:00:00,8041,1,1,1,1,0,231.4,232.0,5800.0,1.3649,March,Sunday,18,Local,0
1711293300,2024-03-24 18:15:00,2024-03-24,18:15:00,8042,1,1,0,1,1,229.5,229.8,4000.0,1.0381,March,Sunday,18,Local,0
1711294200,2024-03-24 18:30:00,2024-03-24,18:30:00,8043,1,0,0,1,1,227.8,228.5,1500.0,0.3397,March,Sunday,18,Local,0
1711295100,2024-03-24 18:45:00,2024-03-24,18:45:00,8044,1,0,1,0,0,231.5,229.7,3150.0,0.7718,March,Sunday,18,Local,0
1711296000,2024-03-24 19:00:00,2024-03-24,19:00:00,8045,1,0,0,1,0,231.3,232.0,300.0,0.1,March,Sunday,19,Local,0
1711296900,2024-03-24 19:15:00,2024-03-24,19:15:00,8046,1,0,1,1,0,229.1,227.7,3300.0,0.8283,March,Sunday,19,Local,0
1711297800,2024-03-24 19:30:00,2024-03-24,19:30:00,8047,1,0,1,0,0,231.3,229.2,3150.0,0.8414,March,Sunday,19,Local,0
1711298700,2024-03-24 19:45:00,2024-03-24,19:45:00,8048,1,1,1,0,0,223.1,223.5,5650.0,1.5727,March,Sunday,19,Local,0
1711299600,2024-03-24 20:00:00,2024-03-24,20:00:00,8049,1,0,0,1,1,227.7,228.3,1500.0,0.3904,March,Sunday,20,Local,0
1711300500,2024-03-24 20:15:00,2024-03-24,20:15:00,8050,1,0,0,1,1,228.6,228.3,1500.0,0.395,March,Sunday,20,Local,0
1711301400,2024-03-24 20:30:00,2024-03-24,20:30:00,8051,1,0,0,1,0,236.3,236.7,300.0,0.1,March,Sunday,20,Local,0
1711302300,2024-03-24 20:45:00,2024-03-24,20:45:00,8052,1,0,1,0,0,230.1,229.0,3150.0,0.7971,March,Sunday,20,Local,0
1711303200,2024-03-24 21:00:00,2024-03-24,21:00:00,8053,1,0,0,1,0,231.4,231.1,300.0,0.1,March,Sunday,21,Local,0
1711304100,2024-03-24 21:15:00,2024-03-24,21:15:00,8054,1,0,0,1,0,233.5,233.6,300.0,0.1,March,Sunday,21,Local,0
1711305000,2024-03-24 21:30:00,2024-03-24,21:30:00,8055,1,0,0,1,0,229.7,230.2,300.0,0.1,March,Sunday,21,Local,0
1711305900,2024-03-24 21:45:00,2024-03-24,21:45:00,8056,1,0,0,0,0,226.8,227.4,150.0,0.1,March,Sunday,21,Local,0
1711306800,2024-03-24 22:00:00,2024-03-24,22:00:00,8057,1,0,0,1,0,228.9,228.6,300.0,0.1,March,Sunday,22,Local,0
1711307700,2024-03-24 22:15:00,2024-03-24,22:15:00,8058,0,0,0,1,0,230.7,228.4,150.0,0.1,March,Sunday,22,Local,0
1711308600,2024-03-24 22:30:00,2024-03-24,22:30:00,8059,1,0,0,1,0,232.2,229.2,300.0,0.1,March,Sunday,22,Local,0
1711309500,2024-03-24 22:45:00,2024-03-24,22:45:00,8060,1,0,0,0,0,234.0,233.6,150.0,0.1,March,Sunday,22,Local,0
1711310400,2024-03-24 23:00:00,2024-03-24,23:00:00,8061,1,0,0,0,0,230.0,229.8,150.0,0.1,March,Sunday,23,Local,0
1711311300,2024-03-24 23:15:00,2024-03-24,23:15:00,8062,0,0,0,1,0,233.6,232.9,150.0,0.1,March,Sunday,23,Local,0
1711312200,2024-03-24 23:30:00,2024-03-24,23:30:00,8063,0,0,0,1,0,232.0,232.4,150.0,0.1,March,Sunday,23,Local,0
1711313100,2024-03-24 23:45:00,2024-03-24,23:45:00,8064,0,0,0,0,0,230.7,230.7,0.0,0.1,March,Sunday,23,Local,0
1711314000,2024-03-25 00:00:00,2024-03-25,00:00:00,8065,0,0,0,1,0,235.8,237.4,150.0,0.1,March,Monday,0,Local,0
1711314900,2024-03-25 00:15:00,2024-03-25,00:15:00,8066,0,0,0,0,0,232.7,232.6,0.0,0.1,March,Monday,0,Local,0
1711315800,2024-03-25 00:30:00,2024-03-25,00:30:00,8067,0,0,0,1,0,231.5,230.0,150.0,0.1,March,Monday,0,Local,0
1711316700,2024-03-25 00:45:00,2024-03-25,00:45:00,8068,0,0,0,0,0,232.7,237.5,0.0,0.1,March,Monday,0,Local,0
1711317600,2024-03-25 01:00:00,2024-03-25,01:00:00,8069,0,0,0,1,0,235.1,234.3,150.0,0.1,March,Monday,1,Local,0
1711318500,2024-03-25 01:15:00,2024-03-25,01:15:00,8070,0,0,0,1,0,230.7,233.4,150.0,0.1,March,Monday,1,Local,0
1711319400,2024-03-25 01:30:00,2024-03-25,01:30:00,8071,0,0,0,1,0,229.0,229.3,150.0,0.1,March,Monday,1,Local,0
1711320300,2024-03-25 01:45:00,2024-03-25,01:45:00,8072,0,0,0,0,0,233.8,234.0,0.0,0.1,March,Monday,1,Local,0
1711321200,2024-03-25 02:00:00,2024-03-25,02:00:00,8073,0,0,0,1,0,229.6,228.3,150.0,0.1,March,Monday,2,Local,0
1711322100,2024-03-25 02:15:00,2024-03-25,02:15:00,8074,0,0,0,1,0,231.8,233.0,150.0,0.1,March,Monday,2,Local,0
1711323000,2024-03-25 02:30:00,2024-03-25,02:30:00,8075,0,0,0,0,0,230.9,227.8,0.0,0.1,March,Monday,2,Local,0
1711323900,2024-03-25 02:45:00,2024-03-25,02:45:00,8076,0,0,0,0,0,228.7,226.6,0.0,0.1,March,Monday,2,Local,0
1711324800,2024-03-25 03:00:00,2024-03-25,03:00:00,8077,0,0,0,0,0,226.9,227.5,0.0,0.1,March,Monday,3,Local,0
1711325700,2024-03-25 03:15:00,2024-03-25,03:15:00,8078,0,0,0,1,0,226.7,227.8,150.0,0.1,March,Monday,3,Local,0
1711326600,2024-03-25 03:30:00,2024-03-25,03:30:00,8079,0,0,0,1,0,231.8,232.6,150.0,0.1,March,Monday,3,Local,0
1711327500,2024-03-25 03:45:00,2024-03-25,03:45:00,8080,0,0,0,0,0,234.2,233.0,0.0,0.1,March,Monday,3,Local,0
1711328400,2024-03-25 04:00:00,2024-03-25,04:00:00,8081,0,0,0,1,0,236.3,237.2,150.0,0.1,March,Monday,4,Local,0
1711329300,2024-03-25 04:15:00,2024-03-25,04:15:00,8082,0,0,0,1,0,228.4,229.3,150.0,0.1,March,Monday,4,Local,0
1711330200,2024-03-25 04:30:00,2024-03-25,04:30:00,8083,0,0,0,1,0,232.6,228.1,150.0,0.1,March,Monday,4,Local,0
1711331100,2024-03-25 04:45:00,2024-03-25,04:45:00,8084,0,0,0,0,0,231.0,231.7,0.0,0.1,March,Monday,4,Local,0
1711332000,2024-03-25 05:00:00,2024-03-25,05:00:00,8085,0,0,0,1,0,229.4,228.5,150.0,0.1,March,Monday,5,Local,0
1711332900,2024-03-25 05:15:00,2024-03-25,05:15:00,8086,0,0,0,1,0,231.0,229.1,1150.0,0.3032,March,Monday,5,Local,0
1711333800,2024-03-25 05:30:00,2024-03-25,05:30:00,8087,0,0,0,1,0,228.7,226.5,150.0,0.1,March,Monday,5,Local,0
1711334700,2024-03-25 05:45:00,2024-03-25,05:45:00,8088,0,0,0,0,0,226.0,227.5,0.0,0.1,March,Monday,5,Local,0
1711335600,2024-03-25 06:00:00,2024-03-25,06:00:00,8089,0,0,0,1,0,223.9,223.6,150.0,0.1,March,Monday,6,Local,0
1711336500,2024-03-25 06:15:00,2024-03-25,06:15:00,8090,0,0,0,1,0,228.4,229.1,1650.0,0.4481,March,Monday,6,Local,0
1711337400,2024-03-25 06:30:00,2024-03-25,06:30:00,8091,0,0,0,0,0,234.6,233.6,0.0,0.1,March,Monday,6,Local,0
1711338300,2024-03-25 06:45:00,2024-03-25,06:45:00,8092,0,0,0,0,0,229.8,230.8,0.0,0.1,March,Monday,6,Local,0
1711339200,2024-03-25 07:00:00,2024-03-25,07:00:00,8093,0,0,0,1,0,232.3,233.4,150.0,0.1,March,Monday,7,Local,0
1711340100,2024-03-25 07:15:00,2024-03-25,07:15:00,8094,0,0,0,1,1,227.1,227.3,1350.0,0.369,March,Monday,7,Local,0
1711341000,2024-03-25 07:30:00,2024-03-25,07:30:00,8095,0,0,0,1,0,227.4,227.0,150.0,0.1,March,Monday,7,Local,0
1711341900,2024-03-25 07:45:00,2024-03-25,07:45:00,8096,0,0,0,0,0,232.2,229.5,0.0,0.1,March,Monday,7,Local,0
1711342800,2024-03-25 08:00:00,2024-03-25,08:00:00,8097,1,0,0,1,0,227.7,227.0,300.0,0.1,March,Monday,8,Local,0
1711343700,2024-03-25 08:15:00,2024-03-25,08:15:00,8098,0,0,0,1,0,229.9,232.7,150.0,0.1,March,Monday,8,Local,0
1711344600,2024-03-25 08:30:00,2024-03-25,08:30:00,8099,0,0,0,1,0,236.6,235.2,150.0,0.1,March,Monday,8,Local,0
1711345500,2024-03-25 08:45:00,2024-03-25,08:45:00,8100,0,0,0,0,0,231.4,231.7,0.0,0.1,March,Monday,8,Local,0
1711346400,2024-03-25 09:00:00,2024-03-25,09:00:00,8101,0,0,0,1,0,229.9,227.8,150.0,0.1,March,Monday,9,Local,0
1711347300,2024-03-25 09:15:00,2024-03-25,09:15:00,8102,0,0,0,1,0,227.5,230.0,150.0,0.1,March,Monday,9,Local,0
1711348200,2024-03-25 09:30:00,2024-03-25,09:30:00,8103,0,1,0,1,0,226.8,226.5,2650.0,0.5265,March,Monday,9,Local,0
1711349100,2024-03-25 09:45:00,2024-03-25,09:45:00,8104,0,1,0,0,0,229.4,228.7,2500.0,0.7171,March,Monday,9,Local,0
1711350000,2024-03-25 10:00:00,2024-03-25,10:00:00,8105,0,0,0,1,0,224.8,229.3,150.0,0.1,March,Monday,10,Local,0
1711350900,2024-03-25 10:15:00,2024-03-25,10:15:00,8106,0,0,0,1,0,230.9,225.2,150.0,0.1,March,Monday,10,Local,0
1711351800,2024-03-25 10:30:00,2024-03-25,10:30:00,8107,0,0,0,1,0,232.5,230.5,150.0,0.1,March,Monday,10,Local,0
1711352700,2024-03-25 10:45:00,2024-03-25,10:45:00,8108,0,0,0,0,0,229.8,228.6,0.0,0.1,March,Monday,10,Local,0
1711353600,2024-03-25 11:00:00,2024-03-25,11:00:00,8109,1,0,0,1,0,228.4,228.4,300.0,0.1,March,Monday,11,Local,0
1711354500,2024-03-25 11:15:00,2024-03-25,11:15:00,8110,0,0,0,1,0,227.0,224.1,150.0,0.1,March,Monday,11,Local,0
1711355400,2024-03-25 11:30:00,2024-03-25,11:30:00,8111,0,1,0,1,0,230.5,231.3,2650.0,0.6353,March,Monday,11,Local,0
1711356300,2024-03-25 11:45:00,2024-03-25,11:45:00,8112,0,0,0,1,0,232.2,232.0,150.0,0.1,March,Monday,11,Local,0
1711357200,2024-03-25 12:00:00,2024-03-25,12:00:00,8113,0,0,0,1,0,228.0,228.4,150.0,0.1,March,Monday,12,Local,0
1711358100,2024-03-25 12:15:00,2024-03-25,12:15:00,8114,0,0,0,0,0,229.0,230.4,1000.0,0.2915,March,Monday,12,Local,0
1711359000,2024-03-25 12:30:00,2024-03-25,12:30:00,8115,1,0,0,1,0,227.4,229.2,300.0,0.1,March,Monday,12,Local,0
1711359900,2024-03-25 12:45:00,2024-03-25,12:45:00,8116,0,0,0,0,0,229.8,231.4,0.0,0.2078,March,Monday,12,Local,1
1711360800,2024-03-25 13:00:00,2024-03-25,13:00:00,8117,0,0,0,1,0,230.9,229.8,1150.0,0.2481,March,Monday,13,Local,0
1711361700,2024-03-25 13:15:00,2024-03-25,13:15:00,8118,0,0,0,1,0,228.8,230.1,150.0,0.1,March,Monday,13,Local,0
1711362600,2024-03-25 13:30:00,2024-03-25,13:30:00,8119,0,0,0,1,1,230.7,228.5,1350.0,0.3667,March,Monday,13,Local,0
1711363500,2024-03-25 13:45:00,2024-03-25,13:45:00,8120,0,1,0,0,0,222.9,220.9,2500.0,0.5995,March,Monday,13,Local,0
1711364400,2024-03-25 14:00:00,2024-03-25,14:00:00,8121,1,0,0,1,0,231.0,229.0,300.0,0.1,March,Monday,14,Local,0
1711365300,2024-03-25 14:15:00,2024-03-25,14:15:00,8122,0,0,0,1,0,226.2,225.7,150.0,0.1,March,Monday,14,Local,0
1711366200,2024-03-25 14:30:00,2024-03-25,14:30:00,8123,0,0,0,1,0,223.7,225.3,150.0,0.1,March,Monday,14,Local,0
1711367100,2024-03-25 14:45:00,2024-03-25,14:45:00,8124,0,0,0,1,0,230.5,233.3,150.0,0.1,March,Monday,14,Local,0
1711368000,2024-03-25 15:00:00,2024-03-25,15:00:00,8125,0,0,0,1,0,233.7,234.8,150.0,0.1,March,Monday,15,Local,0
1711368900,2024-03-25 15:15:00,2024-03-25,15:15:00,8126,1,0,0,0,0,230.7,231.5,150.0,0.1,March,Monday,15,Local,0
1711369800,2024-03-25 15:30:00,2024-03-25,15:30:00,8127,0,0,0,1,0,227.5,229.1,150.0,0.1,March,Monday,15,Local,0
1711370700,2024-03-25 15:45:00,2024-03-25,15:45:00,8128,0,0,0,0,0,235.8,233.1,0.0,0.1,March,Monday,15,Local,0
1711371600,2024-03-25 16:00:00,2024-03-25,16:00:00,8129,0,1,0,1,0,230.0,230.0,3650.0,0.8695,March,Monday,16,Local,0
1711372500,2024-03-25 16:15:00,2024-03-25,16:15:00,8130,0,1,0,0,0,232.7,230.9,2500.0,0.6631,March,Monday,16,Local,0
1711373400,2024-03-25 16:30:00,2024-03-25,16:30:00,8131,0,0,0,1,0,225.6,226.7,150.0,0.1,March,Monday,16,Local,0
1711374300,2024-03-25 16:45:00,2024-03-25,16:45:00,8132,0,0,0,1,1,231.3,228.4,1350.0,0.3534,March,Monday,16,Local,0
1711375200,2024-03-25 17:00:00,2024-03-25,17:00:00,8133,0,0,0,1,0,225.6,223.8,150.0,0.1,March,Monday,17,Local,0
1711376100,2024-03-25 17:15:00,2024-03-25,17:15:00,8134,0,0,0,1,0,230.5,229.2,150.0,0.1,March,Monday,17,Local,0
1711377000,2024-03-25 17:30:00,2024-03-25,17:30:00,8135,0,0,0,1,0,224.3,225.3,650.0,0.1925,March,Monday,17,Local,0
1711377900,2024-03-25 17:45:00,2024-03-25,17:45:00,8136,0,1,0,0,0,229.3,230.0,2500.0,0.6044,March,Monday,17,Local,0
1711378800,2024-03-25 18:00:00,2024-03-25,18:00:00,8137,1,0,0,1,0,232.9,234.6,300.0,0.1,March,Monday,18,Local,0
1711379700,2024-03-25 18:15:00,2024-03-25,18:15:00,8138,1,1,1,1,0,230.9,230.2,5800.0,1.3117,March,Monday,18,Local,0
1711380600,2024-03-25 18:30:00,2024-03-25,18:30:00,8139,1,0,0,1,0,230.8,228.5,300.0,0.1,March,Monday,18,Local,0
1711381500,2024-03-25 18:45:00,2024-03-25,18:45:00,8140,0,1,1,0,0,230.3,230.0,5500.0,1.3108,March,Monday,18,Local,0
1711382400,2024-03-25 19:00:00,2024-03-25,19:00:00,8141,1,0,0,1,0,234.5,236.8,300.0,0.1,March,Monday,19,Local,0
1711383300,2024-03-25 19:15:00,2024-03-25,19:15:00,8142,1,0,1,1,0,235.1,236.1,3300.0,0.8088,March,Monday,19,Local,0
1711384200,2024-03-25 19:30:00,2024-03-25,19:30:00,8143,0,0,1,1,1,230.5,232.6,4350.0,1.0533,March,Monday,19,Local,0
1711385100,2024-03-25 19:45:00,2024-03-25,19:45:00,8144,1,0,0,0,1,231.8,231.2,1350.0,0.3006,March,Monday,19,Local,0
1711386000,2024-03-25 20:00:00,2024-03-25,20:00:00,8145,1,0,0,1,0,225.1,225.4,300.0,0.1,March,Monday,20,Local,0
1711386900,2024-03-25 20:15:00,2024-03-25,20:15:00,8146,1,0,0,1,0,228.5,228.8,300.0,0.1,March,Monday,20,Local,0
1711387800,2024-03-25 20:30:00,2024-03-25,20:30:00,8147,0,1,1,1,1,229.0,228.8,6850.0,1.8286,March,Monday,20,Local,0
1711388700,2024-03-25 20:45:00,2024-03-25,20:45:00,8148,1,0,0,0,0,230.4,232.2,150.0,0.1,March,Monday,20,Local,0
1711389600,2024-03-25 21:00:00,2024-03-25,21:00:00,8149,0,0,0,1,1,237.4,236.9,1350.0,0.3536,March,Monday,21,Local,0
1711390500,2024-03-25 21:15:00,2024-03-25,21:15:00,8150,1,0,0,1,0,226.1,226.8,300.0,0.1,March,Monday,21,Local,0
1711391400,2024-03-25 21:30:00,2024-03-25,21:30:00,8151,1,0,0,1,0,229.5,232.0,300.0,0.1,March,Monday,21,Local,0
1711392300,2024-03-25 21:45:00,2024-03-25,21:45:00,8152,1,0,0,0,0,232.5,230.8,150.0,0.1,March,Monday,21,Local,0
1711393200,2024-03-25 22:00:00,2024-03-25,22:00:00,8153,0,0,0,1,0,231.2,231.3,150.0,0.1,March,Monday,22,Local,0
1711394100,2024-03-25 22:15:00,2024-03-25,22:15:00,8154,0,0,0,1,0,226.3,226.3,150.0,0.1,March,Monday,22,Local,0
1711395000,2024-03-25 22:30:00,2024-03-25,22:30:00,8155,1,0,0,1,0,234.7,235.1,300.0,0.1,March,Monday,22,Local,0
1711395900,2024-03-25 22:45:00,2024-03-25,22:45:00,8156,1,0,0,0,0,230.0,230.0,1650.0,0.4389,March,Monday,22,Local,0
1711396800,2024-03-25 23:00:00,2024-03-25,23:00:00,8157,0,0,0,0,0,229.8,230.1,0.0,0.1,March,Monday,23,Local,0
1711397700,2024-03-25 23:15:00,2024-03-25,23:15:00,8158,0,0,0,1,0,230.0,230.9,150.0,0.1,March,Monday,23,Local,0
1711398600,2024-03-25 23:30:00,2024-03-25,23:30:00,8159,1,1,0,1,0,234.4,234.4,2800.0,0.7013,March,Monday,23,Local,0
1711399500,2024-03-25 23:45:00,2024-03-25,23:45:00,8160,0,0,0,0,0,231.9,230.1,0.0,0.1,March,Monday,23,Local,0
1711400400,2024-03-26 00:00:00,2024-03-26,00:00:00,8161,0,0,0,1,0,229.1,227.0,150.0,0.1,March,Tuesday,0,Local,0
1711401300,2024-03-26 00:15:00,2024-03-26,00:15:00,8162,0,0,0,1,0,231.4,229.1,150.0,0.1,March,Tuesday,0,Local,0
1711402200,2024-03-26 00:30:00,2024-03-26,00:30:00,8163,0,0,0,1,0,230.8,230.7,150.0,0.1,March,Tuesday,0,Local,0
1711403100,2024-03-26 00:45:00,2024-03-26,00:45:00,8164,0,0,0,0,0,226.0,228.1,0.0,0.1,March,Tuesday,0,Local,0
1711404000,2024-03-26 01:00:00,2024-03-26,01:00:00,8165,0,0,0,1,0,226.3,224.6,150.0,0.1,March,Tuesday,1,Local,0
1711404900,2024-03-26 01:15:00,2024-03-26,01:15:00,8166,0,0,0,1,0,230.0,230.3,150.0,0.1,March,Tuesday,1,Local,0
1711405800,2024-03-26 01:30:00,2024-03-26,01:30:00,8167,0,0,0,1,0,231.9,232.3,150.0,0.1,March,Tuesday,1,Local,0
1711406700,2024-03-26 01:45:00,2024-03-26,01:45:00,8168,0,0,0,0,0,232.9,234.3,0.0,0.1,March,Tuesday,1,Local,0
1711407600,2024-03-26 02:00:00,2024-03-26,02:00:00,8169,0,0,0,1,0,227.9,226.9,150.0,0.1,March,Tuesday,2,Local,0
1711408500,2024-03-26 02:15:00,2024-03-26,02:15:00,8170,0,0,0,1,0,227.9,229.3,150.0,0.1,March,Tuesday,2,Local,0
1711409400,2024-03-26 02:30:00,2024-03-26,02:30:00,8171,0,0,0,1,0,237.1,236.6,150.0,0.1,March,Tuesday,2,Local,0
1711410300,2024-03-26 02:45:00,2024-03-26,02:45:00,8172,0,0,0,0,0,229.4,228.7,0.0,0.1,March,Tuesday,2,Local,0
1711411200,2024-03-26 03:00:00,2024-03-26,03:00:00,8173,0,0,0,1,0,231.5,229.0,150.0,0.1,March,Tuesday,3,Local,0
1711412100,2024-03-26 03:15:00,2024-03-26,03:15:00,8174,0,0,0,1,0,223.2,223.5,150.0,0.1,March,Tuesday,3,Local,0
1711413000,2024-03-26 03:30:00,2024-03-26,03:30:00,8175,0,0,0,1,0,230.5,231.8,150.0,0.1,March,Tuesday,3,Local,0
1711413900,2024-03-26 03:45:00,2024-03-26,03:45:00,8176,0,0,0,0,0,229.7,231.4,0.0,0.1,March,Tuesday,3,Local,0
1711414800,2024-03-26 04:00:00,2024-03-26,04:00:00,8177,0,0,0,1,0,228.2,226.8,150.0,0.1,March,Tuesday,4,Local,0
1711415700,2024-03-26 04:15:00,2024-03-26,04:15:00,8178,0,0,0,1,0,229.9,228.1,150.0,0.1,March,Tuesday,4,Local,0
1711416600,2024-03-26 04:30:00,2024-03-26,04:30:00,8179,0,0,0,1,0,228.4,228.6,150.0,0.1,March,Tuesday,4,Local,0
1711417500,2024-03-26 04:45:00,2024-03-26,04:45:00,8180,0,0,0,0,0,230.9,232.6,0.0,0.1,March,Tuesday,4,Local,0
1711418400,2024-03-26 05:00:00,2024-03-26,05:00:00,8181,0,0,0,1,0,229.5,227.1,150.0,0.1,March,Tuesday,5,Local,0
1711419300,2024-03-26 05:15:00,2024-03-26,05:15:00,8182,0,0,0,0,0,230.0,229.5,0.0,0.1,March,Tuesday,5,Local,0
1711420200,2024-03-26 05:30:00,2024-03-26,05:30:00,8183,0,0,0,1,0,229.3,233.3,650.0,0.1474,March,Tuesday,5,Local,0
1711421100,2024-03-26 05:45:00,2024-03-26,05:45:00,8184,0,0,0,0,0,229.5,232.1,0.0,0.1,March,Tuesday,5,Local,0
1711422000,2024-03-26 06:00:00,2024-03-26,06:00:00,8185,0,0,0,1,0,226.2,225.0,150.0,0.1,March,Tuesday,6,Local,0
1711422900,2024-03-26 06:15:00,2024-03-26,06:15:00,8186,1,0,0,1,0,228.0,227.6,300.0,0.1,March,Tuesday,6,Local,0
1711423800,2024-03-26 06:30:00,2024-03-26,06:30:00,8187,0,0,0,1,0,229.6,229.6,150.0,0.1,March,Tuesday,6,Local,0
1711424700,2024-03-26 06:45:00,2024-03-26,06:45:00,8188,0,0,0,1,0,233.6,232.5,150.0,0.1,March,Tuesday,6,Local,0
1711425600,2024-03-26 07:00:00,2024-03-26,07:00:00,8189,1,0,0,1,0,226.5,229.3,300.0,0.1,March,Tuesday,7,Local,0
1711426500,2024-03-26 07:15:00,2024-03-26,07:15:00,8190,0,0,0,1,0,230.1,233.4,150.0,0.1,March,Tuesday,7,Local,0
1711427400,2024-03-26 07:30:00,2024-03-26,07:30:00,8191,0,0,0,1,0,232.1,230.1,150.0,0.1,March,Tuesday,7,Local,0
1711428300,2024-03-26 07:45:00,2024-03-26,07:45:00,8192,0,0,0,0,0,230.6,231.7,0.0,0.1,March,Tuesday,7,Local,0
1711429200,2024-03-26 08:00:00,2024-03-26,08:00:00,8193,0,0,0,1,0,229.2,231.6,150.0,0.1,March,Tuesday,8,Local,0
1711430100,2024-03-26 08:15:00,2024-03-26,08:15:00,8194,0,0,0,1,0,237.1,237.6,150.0,0.1,March,Tuesday,8,Local,0
1711431000,2024-03-26 08:30:00,2024-03-26,08:30:00,8195,0,1,0,1,0,228.6,230.5,2650.0,0.6887,March,Tuesday,8,Local,0
1711431900,2024-03-26 08:45:00,2024-03-26,08:45:00,8196,0,0,0,0,0,229.5,224.9,0.0,0.1,March,Tuesday,8,Local,0
1711432800,2024-03-26 09:00:00,2024-03-26,09:00:00,8197,0,0,0,1,0,231.3,234.3,150.0,0.1,March,Tuesday,9,Local,0
1711433700,2024-03-26 09:15:00,2024-03-26,09:15:00,8198,0,1,0,1,0,229.7,227.8,2650.0,0.6554,March,Tuesday,9,Local,0
1711434600,2024-03-26 09:30:00,2024-03-26,09:30:00,8199,0,1,0,1,0,229.7,227.8,3650.0,0.9427,March,Tuesday,9,Local,0
1711435500,2024-03-26 09:45:00,2024-03-26,09:45:00,8200,0,0,0,0,0,230.9,232.3,0.0,0.1,March,Tuesday,9,Local,0
1711436400,2024-03-26 10:00:00,2024-03-26,10:00:00,8201,0,0,0,1,0,227.9,227.4,150.0,0.1,March,Tuesday,10,Local,0
1711437300,2024-03-26 10:15:00,2024-03-26,10:15:00,8202,0,0,0,1,1,229.8,228.6,1350.0,0.3835,March,Tuesday,10,Local,0
1711438200,2024-03-26 10:30:00,2024-03-26,10:30:00,8203,0,0,1,1,0,225.2,223.0,3150.0,0.8872,March,Tuesday,10,Local,0
1711439100,2024-03-26 10:45:00,2024-03-26,10:45:00,8204,0,0,0,0,0,227.1,226.8,0.0,0.1,March,Tuesday,10,Local,0
1711440000,2024-03-26 11:00:00,2024-03-26,11:00:00,8205,1,1,0,0,0,235.6,235.1,2650.0,0.6819,March,Tuesday,11,Local,0
1711440900,2024-03-26 11:15:00,2024-03-26,11:15:00,8206,0,0,0,1,0,228.7,227.6,150.0,0.1,March,Tuesday,11,Local,0
1711441800,2024-03-26 11:30:00,2024-03-26,11:30:00,8207,0,0,0,1,0,232.4,232.2,150.0,0.1,March,Tuesday,11,Local,0
1711442700,2024-03-26 11:45:00,2024-03-26,11:45:00,8208,0,0,0,0,0,234.6,236.3,0.0,0.1,March,Tuesday,11,Local,0
1711443600,2024-03-26 12:00:00,2024-03-26,12:00:00,8209,0,0,1,1,0,225.4,224.9,3150.0,1.0117,March,Tuesday,12,Local,0
1711444500,2024-03-26 12:15:00,2024-03-26,12:15:00,8210,0,0,1,1,0,224.8,220.9,3150.0,0.6983,March,Tuesday,12,Local,0
1711445400,2024-03-26 12:30:00,2024-03-26,12:30:00,8211,0,0,0,1,0,225.5,225.9,150.0,0.1,March,Tuesday,12,Local,0
1711446300,2024-03-26 12:45:00,2024-03-26,12:45:00,8212,0,0,0,0,0,230.9,230.6,0.0,0.1,March,Tuesday,12,Local,0
1711447200,2024-03-26 13:00:00,2024-03-26,13:00:00,8213,1,0,0,1,0,231.9,231.6,300.0,0.1,March,Tuesday,13,Local,0
1711448100,2024-03-26 13:15:00,2024-03-26,13:15:00,8214,0,0,0,1,0,227.8,229.8,150.0,0.1,March,Tuesday,13,Local,0
1711449000,2024-03-26 13:30:00,2024-03-26,13:30:00,8215,1,1,0,1,0,231.6,231.8,2800.0,0.7782,March,Tuesday,13,Local,0
1711449900,2024-03-26 13:45:00,2024-03-26,13:45:00,8216,0,0,0,0,0,227.9,229.6,0.0,0.1,March,Tuesday,13,Local,0
1711450800,2024-03-26 14:00:00,2024-03-26,14:00:00,8217,0,0,0,1,0,223.7,220.8,150.0,0.1,March,Tuesday,14,Local,0
1711451700,2024-03-26 14:15:00,2024-03-26,14:15:00,8218,1,0,0,1,0,227.8,227.7,300.0,0.1,March,Tuesday,14,Local,0
1711452600,2024-03-26 14:30:00,2024-03-26,14:30:00,8219,0,0,0,1,0,235.0,236.6,150.0,0.1,March,Tuesday,14,Local,0
1711453500,2024-03-26 14:45:00,2024-03-26,14:45:00,8220,1,0,0,0,0,231.1,229.4,150.0,0.1,March,Tuesday,14,Local,0
1711454400,2024-03-26 15:00:00,2024-03-26,15:00:00,8221,0,0,0,1,0,228.5,230.9,150.0,0.1,March,Tuesday,15,Local,0
1711455300,2024-03-26 15:15:00,2024-03-26,15:15:00,8222,0,0,0,1,0,226.2,220.2,150.0,0.1,March,Tuesday,15,Local,0
1711456200,2024-03-26 15:30:00,2024-03-26,15:30:00,8223,0,0,0,1,0,230.8,228.2,150.0,0.1,March,Tuesday,15,Local,0
1711457100,2024-03-26 15:45:00,2024-03-26,15:45:00,8224,0,0,0,0,0,225.4,225.2,0.0,0.1,March,Tuesday,15,Local,0
1711458000,2024-03-26 16:00:00,2024-03-26,16:00:00,8225,1,0,0,1,0,230.4,231.8,300.0,0.1,March,Tuesday,16,Local,0
1711458900,2024-03-26 16:15:00,2024-03-26,16:15:00,8226,0,0,0,1,0,229.4,226.9,150.0,0.1,March,Tuesday,16,Local,0
1711459800,2024-03-26 16:30:00,2024-03-26,16:30:00,8227,0,0,0,1,0,232.5,231.8,150.0,0.1,March,Tuesday,16,Local,0
1711460700,2024-03-26 16:45:00,2024-03-26,16:45:00,8228,0,0,0,0,0,230.6,231.5,0.0,0.1,March,Tuesday,16,Local,0
1711461600,2024-03-26 17:00:00,2024-03-26,17:00:00,8229,0,0,0,0,1,229.3,229.6,1200.0,0.264,March,Tuesday,17,Local,0
1711462500,2024-03-26 17:15:00,2024-03-26,17:15:00,8230,1,0,0,1,1,231.3,228.6,1500.0,0.3905,March,Tuesday,17,Local,0
1711463400,2024-03-26 17:30:00,2024-03-26,17:30:00,8231,0,0,0,1,0,229.7,228.7,150.0,0.1,March,Tuesday,17,Local,0
1711464300,2024-03-26 17:45:00,2024-03-26,17:45:00,8232,0,1,0,1,1,230.4,223.9,3850.0,0.931,March,Tuesday,17,Local,0
1711465200,2024-03-26 18:00:00,2024-03-26,18:00:00,8233,0,0,1,1,0,230.8,229.8,3150.0,0.7456,March,Tuesday,18,Local,0
1711466100,2024-03-26 18:15:00,2024-03-26,18:15:00,8234,1,0,1,1,0,229.3,229.3,3300.0,0.7943,March,Tuesday,18,Local,0
1711467000,2024-03-26 18:30:00,2024-03-26,18:30:00,8235,0,0,0,1,0,225.1,225.9,150.0,0.1,March,Tuesday,18,Local,0
1711467900,2024-03-26 18:45:00,2024-03-26,18:45:00,8236,0,0,1,0,0,229.2,228.3,3000.0,0.768,March,Tuesday,18,Local,0
1711468800,2024-03-26 19:00:00,2024-03-26,19:00:00,8237,1,0,1,1,0,232.5,230.6,3300.0,0.6708,March,Tuesday,19,Local,0
1711469700,2024-03-26 19:15:00,2024-03-26,19:15:00,8238,1,0,1,1,1,235.2,237.9,4500.0,1.1381,March,Tuesday,19,Local,0
1711470600,2024-03-26 19:30:00,2024-03-26,19:30:00,8239,1,0,0,1,0,228.0,226.6,300.0,0.1,March,Tuesday,19,Local,0
1711471500,2024-03-26 19:45:00,2024-03-26,19:45:00,8240,1,1,0,0,1,227.7,226.5,3850.0,0.834,March,Tuesday,19,Local,0
1711472400,2024-03-26 20:00:00,2024-03-26,20:00:00,8241,1,0,1,1,0,226.9,227.7,3300.0,0.6235,March,Tuesday,20,Local,0
1711473300,2024-03-26 20:15:00,2024-03-26,20:15:00,8242,1,0,1,1,0,226.8,227.4,3300.0,0.8656,March,Tuesday,20,Local,0
1711474200,2024-03-26 20:30:00,2024-03-26,20:30:00,8243,0,0,0,1,1,232.3,231.7,1350.0,0.3406,March,Tuesday,20,Local,0
1711475100,2024-03-26 20:45:00,2024-03-26,20:45:00,8244,1,0,1,0,0,229.6,229.9,3150.0,0.7303,March,Tuesday,20,Local,0
1711476000,2024-03-26 21:00:00,2024-03-26,21:00:00,8245,1,0,0,0,0,235.3,235.4,150.0,0.1,March,Tuesday,21,Local,0
1711476900,2024-03-26 21:15:00,2024-03-26,21:15:00,8246,1,0,0,1,1,231.3,230.4,1500.0,0.3762,March,Tuesday,21,Local,0
1711477800,2024-03-26 21:30:00,2024-03-26,21:30:00,8247,1,0,1,1,0,227.6,225.7,3300.0,0.716,March,Tuesday,21,Local,0
1711478700,2024-03-26 21:45:00,2024-03-26,21:45:00,8248,1,0,0,0,0,228.5,230.1,150.0,0.1,March,Tuesday,21,Local,0
1711479600,2024-03-26 22:00:00,2024-03-26,22:00:00,8249,1,0,0,1,0,233.0,231.2,300.0,0.1,March,Tuesday,22,Local,0
1711480500,2024-03-26 22:15:00,2024-03-26,22:15:00,8250,0,0,0,0,0,235.1,236.5,500.0,0.123,March,Tuesday,22,Local,0
1711481400,2024-03-26 22:30:00,2024-03-26,22:30:00,8251,0,0,0,1,0,229.3,228.6,150.0,0.1,March,Tuesday,22,Local,0
1711482300,2024-03-26 22:45:00,2024-03-26,22:45:00,8252,1,0,0,0,0,228.5,231.0,150.0,0.1,March,Tuesday,22,Local,0
1711483200,2024-03-26 23:00:00,2024-03-26,23:00:00,8253,0,0,0,1,0,227.8,227.2,150.0,0.1,March,Tuesday,23,Local,0
1711484100,2024-03-26 23:15:00,2024-03-26,23:15:00,8254,0,0,0,1,0,230.5,234.2,150.0,0.1,March,Tuesday,23,Local,0
1711485000,2024-03-26 23:30:00,2024-03-26,23:30:00,8255,0,0,0,1,1,236.4,235.0,1350.0,0.2916,March,Tuesday,23,Local,0
1711485900,2024-03-26 23:45:00,2024-03-26,23:45:00,8256,0,0,1,0,0,229.4,229.0,3000.0,0.8398,March,Tuesday,23,Local,0
1711486800,2024-03-27 00:00:00,2024-03-27,00:00:00,8257,0,0,0,1,0,228.3,228.3,150.0,0.1,March,Wednesday,0,Local,0
1711487700,2024-03-27 00:15:00,2024-03-27,00:15:00,8258,0,0,0,1,0,228.0,225.1,150.0,0.1,March,Wednesday,0,Local,0
1711488600,2024-03-27 00:30:00,2024-03-27,00:30:00,8259,0,0,0,1,0,226.4,227.3,150.0,0.1,March,Wednesday,0,Local,0
1711489500,2024-03-27 00:45:00,2024-03-27,00:45:00,8260,0,0,0,0,0,228.3,233.1,0.0,0.1,March,Wednesday,0,Local,0
1711490400,2024-03-27 01:00:00,2024-03-27,01:00:00,8261,0,0,0,1,0,233.1,232.5,150.0,0.1,March,Wednesday,1,Local,0
1711491300,2024-03-27 01:15:00,2024-03-27,01:15:00,8262,0,0,0,1,0,230.8,229.5,150.0,0.1,March,Wednesday,1,Local,0
1711492200,2024-03-27 01:30:00,2024-03-27,01:30:00,8263,0,0,0,1,0,225.6,224.1,150.0,0.1,March,Wednesday,1,Local,0
1711493100,2024-03-27 01:45:00,2024-03-27,01:45:00,8264,0,0,0,0,0,230.2,232.3,2000.0,0.4861,March,Wednesday,1,Local,0
1711494000,2024-03-27 02:00:00,2024-03-27,02:00:00,8265,0,0,0,1,0,229.0,230.1,150.0,0.1,March,Wednesday,2,Local,0
1711494900,2024-03-27 02:15:00,2024-03-27,02:15:00,8266,0,0,0,1,0,231.0,231.5,150.0,0.1,March,Wednesday,2,Local,0
1711495800,2024-03-27 02:30:00,2024-03-27,02:30:00,8267,0,0,0,1,0,227.9,229.3,150.0,0.1,March,Wednesday,2,Local,0
1711496700,2024-03-27 02:45:00,2024-03-27,02:45:00,8268,0,0,0,1,0,228.6,232.5,150.0,0.1,March,Wednesday,2,Local,0
1711497600,2024-03-27 03:00:00,2024-03-27,03:00:00,8269,0,0,0,1,0,230.8,231.9,150.0,0.1,March,Wednesday,3,Local,0
1711498500,2024-03-27 03:15:00,2024-03-27,03:15:00,8270,0,0,0,1,0,232.2,232.9,150.0,0.1,March,Wednesday,3,Local,0
1711499400,2024-03-27 03:30:00,2024-03-27,03:30:00,8271,0,0,0,1,0,225.8,226.9,150.0,0.1,March,Wednesday,3,Local,0
1711500300,2024-03-27 03:45:00,2024-03-27,03:45:00,8272,0,0,0,1,0,232.3,229.6,1650.0,0.406,March,Wednesday,3,Local,0
1711501200,2024-03-27 04:00:00,2024-03-27,04:00:00,8273,0,0,0,1,0,233.7,235.7,150.0,0.1,March,Wednesday,4,Local,0
1711502100,2024-03-27 04:15:00,2024-03-27,04:15:00,8274,0,0,0,1,0,228.9,229.1,150.0,0.1,March,Wednesday,4,Local,0
1711503000,2024-03-27 04:30:00,2024-03-27,04:30:00,8275,0,0,0,1,0,229.6,226.8,150.0,0.1,March,Wednesday,4,Local,0
1711503900,2024-03-27 04:45:00,2024-03-27,04:45:00,8276,0,0,0,0,0,231.9,230.1,0.0,0.1,March,Wednesday,4,Local,0
1711504800,2024-03-27 05:00:00,2024-03-27,05:00:00,8277,0,0,0,1,0,226.4,227.8,150.0,0.1,March,Wednesday,5,Local,0
1711505700,2024-03-27 05:15:00,2024-03-27,05:15:00,8278,0,0,0,1,0,227.5,228.1,150.0,0.1,March,Wednesday,5,Local,0
1711506600,2024-03-27 05:30:00,2024-03-27,05:30:00,8279,0,0,0,1,0,231.4,232.4,150.0,0.1,March,Wednesday,5,Local,0
1711507500,2024-03-27 05:45:00,2024-03-27,05:45:00,8280,0,0,0,0,0,227.1,226.2,800.0,0.1944,March,Wednesday,5,Local,0
1711508400,2024-03-27 06:00:00,2024-03-27,06:00:00,8281,1,0,0,1,0,233.2,227.9,300.0,0.1,March,Wednesday,6,Local,0
1711509300,2024-03-27 06:15:00,2024-03-27,06:15:00,8282,0,0,0,1,0,232.0,230.3,150.0,0.1,March,Wednesday,6,Local,0
1711510200,2024-03-27 06:30:00,2024-03-27,06:30:00,8283,0,0,0,0,0,229.5,232.6,0.0,0.1,March,Wednesday,6,Local,0
1711511100,2024-03-27 06:45:00,2024-03-27,06:45:00,8284,0,0,0,0,0,233.7,231.7,0.0,0.1,March,Wednesday,6,Local,0
1711512000,2024-03-27 07:00:00,2024-03-27,07:00:00,8285,0,0,0,1,0,227.9,233.0,150.0,0.1,March,Wednesday,7,Local,0
1711512900,2024-03-27 07:15:00,2024-03-27,07:15:00,8286,0,0,0,1,0,230.0,231.6,150.0,0.1,March,Wednesday,7,Local,0
1711513800,2024-03-27 07:30:00,2024-03-27,07:30:00,8287,0,0,1,1,0,231.6,231.2,3150.0,0.8113,March,Wednesday,7,Local,0
1711514700,2024-03-27 07:45:00,2024-03-27,07:45:00,8288,0,0,0,0,0,227.7,227.7,0.0,0.1,March,Wednesday,7,Local,0
1711515600,2024-03-27 08:00:00,2024-03-27,08:00:00,8289,0,0,0,1,0,228.4,228.9,150.0,0.1,March,Wednesday,8,Local,0
1711516500,2024-03-27 08:15:00,2024-03-27,08:15:00,8290,0,0,0,1,0,227.5,229.8,150.0,0.1,March,Wednesday,8,Local,0
1711517400,2024-03-27 08:30:00,2024-03-27,08:30:00,8291,1,0,0,1,0,227.5,226.6,300.0,0.1,March,Wednesday,8,Local,0
1711518300,2024-03-27 08:45:00,2024-03-27,08:45:00,8292,0,0,0,0,0,231.8,230.6,1000.0,0.2506,March,Wednesday,8,Local,0
1711519200,2024-03-27 09:00:00,2024-03-27,09:00:00,8293,0,0,0,1,0,227.6,230.2,150.0,0.1,March,Wednesday,9,Local,0
1711520100,2024-03-27 09:15:00,2024-03-27,09:15:00,8294,0,0,0,1,0,228.0,229.5,150.0,0.1,March,Wednesday,9,Local,0
1711521000,2024-03-27 09:30:00,2024-03-27,09:30:00,8295,0,1,0,1,1,228.0,228.0,3850.0,0.9224,March,Wednesday,9,Local,0
1711521900,2024-03-27 09:45:00,2024-03-27,09:45:00,8296,0,0,0,0,0,228.6,228.1,0.0,0.1,March,Wednesday,9,Local,0
1711522800,2024-03-27 10:00:00,2024-03-27,10:00:00,8297,0,0,0,1,0,225.6,227.9,150.0,0.1,March,Wednesday,10,Local,0
1711523700,2024-03-27 10:15:00,2024-03-27,10:15:00,8298,1,0,0,0,0,227.7,230.3,1650.0,0.3527,March,Wednesday,10,Local,0
1711524600,2024-03-27 10:30:00,2024-03-27,10:30:00,8299,0,0,0,1,0,227.6,229.1,150.0,0.1,March,Wednesday,10,Local,0
1711525500,2024-03-27 10:45:00,2024-03-27,10:45:00,8300,0,0,0,1,0,231.5,231.9,150.0,0.1,March,Wednesday,10,Local,0
1711526400,2024-03-27 11:00:00,2024-03-27,11:00:00,8301,0,0,0,1,0,236.1,235.0,150.0,0.1,March,Wednesday,11,Local,0
1711527300,2024-03-27 11:15:00,2024-03-27,11:15:00,8302,1,0,0,1,0,228.7,229.2,300.0,0.1,March,Wednesday,11,Local,0
1711528200,2024-03-27 11:30:00,2024-03-27,11:30:00,8303,0,0,0,0,0,226.0,222.4,0.0,0.1,March,Wednesday,11,Local,0
1711529100,2024-03-27 11:45:00,2024-03-27,11:45:00,8304,0,0,0,0,0,227.6,230.7,0.0,0.1,March,Wednesday,11,Local,0
1711530000,2024-03-27 12:00:00,2024-03-27,12:00:00,8305,0,0,0,1,0,224.8,224.6,150.0,0.1,March,Wednesday,12,Local,0
1711530900,2024-03-27 12:15:00,2024-03-27,12:15:00,8306,0,0,0,1,0,223.7,224.3,150.0,0.1,March,Wednesday,12,Local,0
1711531800,2024-03-27 12:30:00,2024-03-27,12:30:00,8307,0,0,0,1,0,229.9,227.9,150.0,0.1,March,Wednesday,12,Local,0
1711532700,2024-03-27 12:45:00,2024-03-27,12:45:00,8308,0,0,1,1,0,232.7,236.2,3150.0,0.7834,March,Wednesday,12,Local,0
1711533600,2024-03-27 13:00:00,2024-03-27,13:00:00,8309,0,0,0,1,0,231.6,231.9,150.0,0.1,March,Wednesday,13,Local,0
1711534500,2024-03-27 13:15:00,2024-03-27,13:15:00,8310,0,0,0,1,0,233.5,235.0,150.0,0.1,March,Wednesday,13,Local,0
1711535400,2024-03-27 13:30:00,2024-03-27,13:30:00,8311,1,0,0,0,0,229.5,231.0,150.0,0.1,March,Wednesday,13,Local,0
1711536300,2024-03-27 13:45:00,2024-03-27,13:45:00,8312,0,0,0,0,0,229.1,226.6,0.0,0.1,March,Wednesday,13,Local,0
1711537200,2024-03-27 14:00:00,2024-03-27,14:00:00,8313,0,1,0,0,0,231.0,230.2,2500.0,0.6561,March,Wednesday,14,Local,0
1711538100,2024-03-27 14:15:00,2024-03-27,14:15:00,8314,0,0,0,1,0,230.0,228.5,150.0,0.1,March,Wednesday,14,Local,0
1711539000,2024-03-27 14:30:00,2024-03-27,14:30:00,8315,0,0,0,0,0,228.7,229.8,0.0,0.1,March,Wednesday,14,Local,0
1711539900,2024-03-27 14:45:00,2024-03-27,14:45:00,8316,0,0,0,0,0,233.9,236.4,0.0,0.1,March,Wednesday,14,Local,0
1711540800,2024-03-27 15:00:00,2024-03-27,15:00:00,8317,0,0,0,1,0,227.2,225.2,150.0,0.1,March,Wednesday,15,Local,0
1711541700,2024-03-27 15:15:00,2024-03-27,15:15:00,8318,0,1,0,1,0,231.0,231.0,2650.0,0.6392,March,Wednesday,15,Local,0
1711542600,2024-03-27 15:30:00,2024-03-27,15:30:00,8319,1,0,0,1,0,225.9,222.9,300.0,0.1,March,Wednesday,15,Local,0
1711543500,2024-03-27 15:45:00,2024-03-27,15:45:00,8320,0,1,0,0,0,233.1,231.8,2500.0,0.586,March,Wednesday,15,Local,0
1711544400,2024-03-27 16:00:00,2024-03-27,16:00:00,8321,0,0,0,1,0,232.5,233.5,150.0,0.1,March,Wednesday,16,Local,0
1711545300,2024-03-27 16:15:00,2024-03-27,16:15:00,8322,1,1,0,1,0,231.6,232.6,2800.0,0.7096,March,Wednesday,16,Local,0
1711546200,2024-03-27 16:30:00,2024-03-27,16:30:00,8323,0,0,0,1,0,232.9,232.2,150.0,0.1,March,Wednesday,16,Local,0
1711547100,2024-03-27 16:45:00,2024-03-27,16:45:00,8324,0,0,0,0,0,232.5,230.2,0.0,0.1,March,Wednesday,16,Local,0
1711548000,2024-03-27 17:00:00,2024-03-27,17:00:00,8325,0,1,0,1,0,230.0,225.9,2650.0,0.7451,March,Wednesday,17,Local,0
1711548900,2024-03-27 17:15:00,2024-03-27,17:15:00,8326,1,1,0,1,0,231.1,230.7,2800.0,0.7352,March,Wednesday,17,Local,0
1711549800,2024-03-27 17:30:00,2024-03-27,17:30:00,8327,0,0,0,1,0,231.9,232.8,150.0,0.1,March,Wednesday,17,Local,0
1711550700,2024-03-27 17:45:00,2024-03-27,17:45:00,8328,0,0,0,0,0,235.3,234.6,0.0,0.1,March,Wednesday,17,Local,0
1711551600,2024-03-27 18:00:00,2024-03-27,18:00:00,8329,1,0,0,0,1,229.2,231.3,2850.0,0.623,March,Wednesday,18,Local,0
1711552500,2024-03-27 18:15:00,2024-03-27,18:15:00,8330,1,1,0,0,0,233.1,230.7,2650.0,0.6598,March,Wednesday,18,Local,0
1711553400,2024-03-27 18:30:00,2024-03-27,18:30:00,8331,1,1,1,1,0,230.0,231.9,5800.0,1.3601,March,Wednesday,18,Local,0
1711554300,2024-03-27 18:45:00,2024-03-27,18:45:00,8332,0,0,1,0,0,230.7,227.1,3000.0,0.8475,March,Wednesday,18,Local,0
1711555200,2024-03-27 19:00:00,2024-03-27,19:00:00,8333,1,0,1,0,1,230.5,228.5,4350.0,1.087,March,Wednesday,19,Local,0
1711556100,2024-03-27 19:15:00,2024-03-27,19:15:00,8334,1,1,0,1,0,229.8,230.3,2800.0,0.6485,March,Wednesday,19,Local,0
1711557000,2024-03-27 19:30:00,2024-03-27,19:30:00,8335,1,0,1,1,0,235.8,234.8,3300.0,0.8236,March,Wednesday,19,Local,0
1711557900,2024-03-27 19:45:00,2024-03-27,19:45:00,8336,1,0,0,0,0,226.4,225.9,150.0,0.1,March,Wednesday,19,Local,0
1711558800,2024-03-27 20:00:00,2024-03-27,20:00:00,8337,1,0,1,1,0,234.7,236.5,3300.0,0.7816,March,Wednesday,20,Local,0
1711559700,2024-03-27 20:15:00,2024-03-27,20:15:00,8338,1,0,0,1,0,230.0,229.1,300.0,0.1,March,Wednesday,20,Local,0
1711560600,2024-03-27 20:30:00,2024-03-27,20:30:00,8339,1,1,0,1,0,228.7,230.8,2800.0,0.6958,March,Wednesday,20,Local,0
1711561500,2024-03-27 20:45:00,2024-03-27,20:45:00,8340,1,0,1,0,0,233.5,233.2,3150.0,0.9003,March,Wednesday,20,Local,0
1711562400,2024-03-27 21:00:00,2024-03-27,21:00:00,8341,1,0,0,1,0,227.2,225.8,300.0,0.1,March,Wednesday,21,Local,0
1711563300,2024-03-27 21:15:00,2024-03-27,21:15:00,8342,1,0,0,0,0,233.7,237.3,150.0,0.1,March,Wednesday,21,Local,0
1711564200,2024-03-27 21:30:00,2024-03-27,21:30:00,8343,1,0,0,1,0,226.7,231.8,300.0,0.1,March,Wednesday,21,Local,0
1711565100,2024-03-27 21:45:00,2024-03-27,21:45:00,8344,1,0,0,0,0,229.0,227.8,1150.0,0.319,March,Wednesday,21,Local,0
1711566000,2024-03-27 22:00:00,2024-03-27,22:00:00,8345,0,1,0,1,0,227.7,225.7,2650.0,0.5748,March,Wednesday,22,Local,0
1711566900,2024-03-27 22:15:00,2024-03-27,22:15:00,8346,0,1,0,1,0,238.9,238.6,2650.0,0.5935,March,Wednesday,22,Local,0
1711567800,2024-03-27 22:30:00,2024-03-27,22:30:00,8347,1,0,0,1,0,230.7,232.7,800.0,0.1951,March,Wednesday,22,Local,0
1711568700,2024-03-27 22:45:00,2024-03-27,22:45:00,8348,1,0,0,0,0,224.6,224.4,150.0,0.1,March,Wednesday,22,Local,0
1711569600,2024-03-27 23:00:00,2024-03-27,23:00:00,8349,0,0,0,1,0,235.4,236.0,150.0,0.1,March,Wednesday,23,Local,0
1711570500,2024-03-27 23:15:00,2024-03-27,23:15:00,8350,0,0,0,1,0,237.7,236.6,150.0,0.1,March,Wednesday,23,Local,0
1711571400,2024-03-27 23:30:00,2024-03-27,23:30:00,8351,0,0,0,1,0,226.3,225.7,150.0,0.1,March,Wednesday,23,Local,0
1711572300,2024-03-27 23:45:00,2024-03-27,23:45:00,8352,0,0,0,0,0,227.0,226.6,0.0,0.1,March,Wednesday,23,Local,0
1711573200,2024-03-28 00:00:00,2024-03-28,00:00:00,8353,0,0,0,1,0,233.0,232.3,150.0,0.1,March,Thursday,0,Local,0
1711574100,2024-03-28 00:15:00,2024-03-28,00:15:00,8354,0,0,0,1,0,235.7,234.6,150.0,0.1,March,Thursday,0,Local,0
1711575000,2024-03-28 00:30:00,2024-03-28,00:30:00,8355,0,0,0,1,0,230.0,234.7,150.0,0.1,March,Thursday,0,Local,0
1711575900,2024-03-28 00:45:00,2024-03-28,00:45:00,8356,0,0,0,0,0,225.8,223.1,0.0,0.1,March,Thursday,0,Local,0
1711576800,2024-03-28 01:00:00,2024-03-28,01:00:00,8357,0,0,0,0,0,225.9,223.3,0.0,0.1,March,Thursday,1,Local,0
1711577700,2024-03-28 01:15:00,2024-03-28,01:15:00,8358,1,0,0,1,0,231.4,231.8,300.0,0.1,March,Thursday,1,Local,0
1711578600,2024-03-28 01:30:00,2024-03-28,01:30:00,8359,0,0,0,1,0,229.4,231.4,150.0,0.1,March,Thursday,1,Local,0
1711579500,2024-03-28 01:45:00,2024-03-28,01:45:00,8360,0,0,0,0,0,231.3,232.0,0.0,0.1,March,Thursday,1,Local,0
1711580400,2024-03-28 02:00:00,2024-03-28,02:00:00,8361,1,0,0,1,0,233.2,231.0,300.0,0.1,March,Thursday,2,Local,0
1711581300,2024-03-28 02:15:00,2024-03-28,02:15:00,8362,0,0,0,1,0,235.2,233.5,150.0,0.1,March,Thursday,2,Local,0
1711582200,2024-03-28 02:30:00,2024-03-28,02:30:00,8363,0,0,0,1,0,229.2,231.8,150.0,0.1,March,Thursday,2,Local,0
1711583100,2024-03-28 02:45:00,2024-03-28,02:45:00,8364,0,0,0,0,0,229.4,230.6,0.0,0.1,March,Thursday,2,Local,0
1711584000,2024-03-28 03:00:00,2024-03-28,03:00:00,8365,0,0,0,1,0,236.3,239.9,150.0,0.1,March,Thursday,3,Local,0
1711584900,2024-03-28 03:15:00,2024-03-28,03:15:00,8366,0,0,0,1,0,227.1,225.1,150.0,0.1,March,Thursday,3,Local,0
1711585800,2024-03-28 03:30:00,2024-03-28,03:30:00,8367,0,0,0,1,0,230.6,231.6,150.0,0.1,March,Thursday,3,Local,0
1711586700,2024-03-28 03:45:00,2024-03-28,03:45:00,8368,0,0,0,0,0,229.8,228.1,0.0,0.1,March,Thursday,3,Local,0
1711587600,2024-03-28 04:00:00,2024-03-28,04:00:00,8369,0,0,0,1,0,227.3,229.1,150.0,0.1,March,Thursday,4,Local,0
1711588500,2024-03-28 04:15:00,2024-03-28,04:15:00,8370,0,0,0,1,0,228.7,228.0,150.0,0.1,March,Thursday,4,Local,0
1711589400,2024-03-28 04:30:00,2024-03-28,04:30:00,8371,0,0,0,1,0,227.3,224.3,150.0,0.1,March,Thursday,4,Local,0
1711590300,2024-03-28 04:45:00,2024-03-28,04:45:00,8372,0,0,0,0,0,230.5,233.7,0.0,0.1,March,Thursday,4,Local,0
1711591200,2024-03-28 05:00:00,2024-03-28,05:00:00,8373,0,0,0,1,0,228.8,228.5,150.0,0.1,March,Thursday,5,Local,0
1711592100,2024-03-28 05:15:00,2024-03-28,05:15:00,8374,0,0,0,1,0,232.7,236.0,150.0,0.1,March,Thursday,5,Local,0
1711593000,2024-03-28 05:30:00,2024-03-28,05:30:00,8375,0,0,0,1,0,235.2,236.7,150.0,0.1,March,Thursday,5,Local,0
1711593900,2024-03-28 05:45:00,2024-03-28,05:45:00,8376,0,0,0,0,0,228.1,230.1,0.0,0.1,March,Thursday,5,Local,0
1711594800,2024-03-28 06:00:00,2024-03-28,06:00:00,8377,0,0,0,1,0,236.0,234.8,150.0,0.1,March,Thursday,6,Local,0
1711595700,2024-03-28 06:15:00,2024-03-28,06:15:00,8378,0,0,0,1,0,228.1,227.1,150.0,0.1,March,Thursday,6,Local,0
1711596600,2024-03-28 06:30:00,2024-03-28,06:30:00,8379,0,0,0,1,0,227.0,223.9,150.0,0.1,March,Thursday,6,Local,0
1711597500,2024-03-28 06:45:00,2024-03-28,06:45:00,8380,1,0,0,0,0,225.0,226.7,150.0,0.1,March,Thursday,6,Local,0
1711598400,2024-03-28 07:00:00,2024-03-28,07:00:00,8381,0,0,0,1,1,227.8,229.1,1350.0,0.2811,March,Thursday,7,Local,0
1711599300,2024-03-28 07:15:00,2024-03-28,07:15:00,8382,0,0,0,1,0,228.4,228.1,150.0,0.1,March,Thursday,7,Local,0
1711600200,2024-03-28 07:30:00,2024-03-28,07:30:00,8383,0,0,0,1,0,227.3,228.5,150.0,0.1,March,Thursday,7,Local,0
1711601100,2024-03-28 07:45:00,2024-03-28,07:45:00,8384,0,0,0,0,0,232.5,232.2,0.0,0.1,March,Thursday,7,Local,0
1711602000,2024-03-28 08:00:00,2024-03-28,08:00:00,8385,0,1,0,1,0,229.5,231.3,2650.0,0.5661,March,Thursday,8,Local,0
1711602900,2024-03-28 08:15:00,2024-03-28,08:15:00,8386,0,0,0,1,0,231.1,229.3,150.0,0.1,March,Thursday,8,Local,0
1711603800,2024-03-28 08:30:00,2024-03-28,08:30:00,8387,1,0,0,1,0,236.0,237.3,300.0,0.1,March,Thursday,8,Local,0
1711604700,2024-03-28 08:45:00,2024-03-28,08:45:00,8388,0,0,0,0,0,235.7,234.1,0.0,0.1,March,Thursday,8,Local,0
1711605600,2024-03-28 09:00:00,2024-03-28,09:00:00,8389,0,0,0,1,1,231.0,231.3,1350.0,0.3131,March,Thursday,9,Local,0
1711606500,2024-03-28 09:15:00,2024-03-28,09:15:00,8390,0,0,1,1,0,230.0,232.0,4650.0,1.2696,March,Thursday,9,Local,0
1711607400,2024-03-28 09:30:00,2024-03-28,09:30:00,8391,0,0,0,1,0,240.4,240.1,150.0,0.1,March,Thursday,9,Local,0
1711608300,2024-03-28 09:45:00,2024-03-28,09:45:00,8392,1,0,0,0,0,228.3,229.7,150.0,0.1,March,Thursday,9,Local,0
1711609200,2024-03-28 10:00:00,2024-03-28,10:00:00,8393,0,1,0,1,0,234.7,232.4,2650.0,0.7048,March,Thursday,10,Local,0
1711610100,2024-03-28 10:15:00,2024-03-28,10:15:00,8394,0,0,0,1,0,226.1,229.2,150.0,0.1,March,Thursday,10,Local,0
1711611000,2024-03-28 10:30:00,2024-03-28,10:30:00,8395,0,0,0,1,0,235.9,234.3,150.0,0.1,March,Thursday,10,Local,0
1711611900,2024-03-28 10:45:00,2024-03-28,10:45:00,8396,0,0,0,0,0,224.3,225.9,0.0,0.1,March,Thursday,10,Local,0
1711612800,2024-03-28 11:00:00,2024-03-28,11:00:00,8397,0,0,0,1,0,225.5,225.7,150.0,0.1,March,Thursday,11,Local,0
1711613700,2024-03-28 11:15:00,2024-03-28,11:15:00,8398,0,0,0,1,0,232.2,233.5,150.0,0.1,March,Thursday,11,Local,0
1711614600,2024-03-28 11:30:00,2024-03-28,11:30:00,8399,0,1,0,1,0,230.4,230.5,2650.0,0.7574,March,Thursday,11,Local,0
1711615500,2024-03-28 11:45:00,2024-03-28,11:45:00,8400,0,0,0,0,0,237.2,234.0,0.0,0.1,March,Thursday,11,Local,0
1711616400,2024-03-28 12:00:00,2024-03-28,12:00:00,8401,0,0,0,0,1,224.7,227.1,1200.0,0.3054,March,Thursday,12,Local,0
1711617300,2024-03-28 12:15:00,2024-03-28,12:15:00,8402,0,0,0,0,0,233.4,233.1,0.0,0.1,March,Thursday,12,Local,0
1711618200,2024-03-28 12:30:00,2024-03-28,12:30:00,8403,0,0,0,1,0,234.8,235.1,150.0,0.1,March,Thursday,12,Local,0
1711619100,2024-03-28 12:45:00,2024-03-28,12:45:00,8404,0,0,0,0,0,229.0,229.5,0.0,0.1,March,Thursday,12,Local,0
1711620000,2024-03-28 13:00:00,2024-03-28,13:00:00,8405,0,0,0,1,0,222.5,221.7,150.0,0.1,March,Thursday,13,Local,0
1711620900,2024-03-28 13:15:00,2024-03-28,13:15:00,8406,0,0,0,0,0,228.4,228.0,0.0,0.1,March,Thursday,13,Local,0
1711621800,2024-03-28 13:30:00,2024-03-28,13:30:00,8407,0,0,0,1,0,229.5,230.3,150.0,0.1,March,Thursday,13,Local,0
1711622700,2024-03-28 13:45:00,2024-03-28,13:45:00,8408,0,0,0,0,0,230.6,231.4,0.0,0.1,March,Thursday,13,Local,0
1711623600,2024-03-28 14:00:00,2024-03-28,14:00:00,8409,0,0,0,1,0,232.9,229.5,150.0,0.1,March,Thursday,14,Local,0
1711624500,2024-03-28 14:15:00,2024-03-28,14:15:00,8410,0,0,0,1,0,224.9,223.8,1650.0,0.3044,March,Thursday,14,Local,0
1711625400,2024-03-28 14:30:00,2024-03-28,14:30:00,8411,0,0,0,1,0,225.0,225.9,150.0,0.1,March,Thursday,14,Local,0
1711626300,2024-03-28 14:45:00,2024-03-28,14:45:00,8412,0,0,0,1,0,226.4,224.7,150.0,0.1,March,Thursday,14,Local,0
1711627200,2024-03-28 15:00:00,2024-03-28,15:00:00,8413,1,0,0,1,0,225.1,222.5,300.0,0.1,March,Thursday,15,Local,0
1711628100,2024-03-28 15:15:00,2024-03-28,15:15:00,8414,1,0,1,1,0,230.0,227.3,3300.0,0.8618,March,Thursday,15,Local,0
1711629000,2024-03-28 15:30:00,2024-03-28,15:30:00,8415,0,1,0,1,0,228.6,229.2,2650.0,0.6857,March,Thursday,15,Local,0
1711629900,2024-03-28 15:45:00,2024-03-28,15:45:00,8416,0,0,0,0,0,232.2,231.9,0.0,0.1,March,Thursday,15,Local,0
1711630800,2024-03-28 16:00:00,2024-03-28,16:00:00,8417,0,0,0,1,0,233.7,233.9,150.0,0.1,March,Thursday,16,Local,0
1711631700,2024-03-28 16:15:00,2024-03-28,16:15:00,8418,0,0,0,1,0,230.7,229.9,150.0,0.1,March,Thursday,16,Local,0
1711632600,2024-03-28 16:30:00,2024-03-28,16:30:00,8419,0,0,0,1,1,224.9,220.5,1350.0,0.3063,March,Thursday,16,Local,0
1711633500,2024-03-28 16:45:00,2024-03-28,16:45:00,8420,0,0,0,1,0,230.3,229.9,150.0,0.1,March,Thursday,16,Local,0
1711634400,2024-03-28 17:00:00,2024-03-28,17:00:00,8421,0,1,0,1,0,228.4,230.4,2650.0,0.6224,March,Thursday,17,Local,0
1711635300,2024-03-28 17:15:00,2024-03-28,17:15:00,8422,0,1,0,1,0,231.0,231.7,2650.0,0.6341,March,Thursday,17,Local,0
1711636200,2024-03-28 17:30:00,2024-03-28,17:30:00,8423,1,0,0,1,0,230.1,231.5,300.0,0.1,March,Thursday,17,Local,0
1711637100,2024-03-28 17:45:00,2024-03-28,17:45:00,8424,1,0,0,0,1,223.2,224.9,1350.0,0.3495,March,Thursday,17,Local,0
1711638000,2024-03-28 18:00:00,2024-03-28,18:00:00,8425,1,0,0,0,0,227.4,229.2,150.0,0.1,March,Thursday,18,Local,0
1711638900,2024-03-28 18:15:00,2024-03-28,18:15:00,8426,0,0,0,1,0,236.3,240.0,150.0,0.1,March,Thursday,18,Local,0
1711639800,2024-03-28 18:30:00,2024-03-28,18:30:00,8427,1,0,1,1,0,226.3,229.0,3300.0,0.9461,March,Thursday,18,Local,0
1711640700,2024-03-28 18:45:00,2024-03-28,18:45:00,8428,1,0,0,0,1,230.0,227.5,1350.0,0.3392,March,Thursday,18,Local,0
1711641600,2024-03-28 19:00:00,2024-03-28,19:00:00,8429,0,0,1,1,0,228.8,228.1,3150.0,0.9347,March,Thursday,19,Local,0
1711642500,2024-03-28 19:15:00,2024-03-28,19:15:00,8430,1,0,0,1,0,229.6,226.0,300.0,0.1,March,Thursday,19,Local,0
1711643400,2024-03-28 19:30:00,2024-03-28,19:30:00,8431,1,0,1,1,0,230.7,232.6,3300.0,0.812,March,Thursday,19,Local,0
1711644300,2024-03-28 19:45:00,2024-03-28,19:45:00,8432,1,0,0,0,1,229.6,225.4,1350.0,0.3586,March,Thursday,19,Local,0
1711645200,2024-03-28 20:00:00,2024-03-28,20:00:00,8433,1,0,1,1,1,227.8,227.2,4500.0,0.9316,March,Thursday,20,Local,0
1711646100,2024-03-28 20:15:00,2024-03-28,20:15:00,8434,1,0,0,1,0,235.5,232.6,300.0,0.1,March,Thursday,20,Local,0
1711647000,2024-03-28 20:30:00,2024-03-28,20:30:00,8435,1,1,0,1,0,226.6,227.9,2800.0,0.6147,March,Thursday,20,Local,0
1711647900,2024-03-28 20:45:00,2024-03-28,20:45:00,8436,1,0,1,0,1,226.2,225.0,4350.0,1.0103,March,Thursday,20,Local,0
1711648800,2024-03-28 21:00:00,2024-03-28,21:00:00,8437,1,0,0,0,0,230.6,225.6,150.0,0.1,March,Thursday,21,Local,0
1711649700,2024-03-28 21:15:00,2024-03-28,21:15:00,8438,1,0,0,1,1,231.7,234.3,1500.0,0.3524,March,Thursday,21,Local,0
1711650600,2024-03-28 21:30:00,2024-03-28,21:30:00,8439,0,0,0,1,0,228.5,225.7,150.0,0.1,March,Thursday,21,Local,0
1711651500,2024-03-28 21:45:00,2024-03-28,21:45:00,8440,1,0,0,0,0,230.4,229.7,150.0,0.1,March,Thursday,21,Local,0
1711652400,2024-03-28 22:00:00,2024-03-28,22:00:00,8441,0,0,0,1,1,229.5,228.5,1350.0,0.3653,March,Thursday,22,Local,0
1711653300,2024-03-28 22:15:00,2024-03-28,22:15:00,8442,0,0,0,1,0,230.7,230.6,150.0,0.1,March,Thursday,22,Local,0
1711654200,2024-03-28 22:30:00,2024-03-28,22:30:00,8443,0,0,0,1,0,229.5,231.5,150.0,0.1,March,Thursday,22,Local,0
1711655100,2024-03-28 22:45:00,2024-03-28,22:45:00,8444,1,0,0,0,0,228.3,228.6,150.0,0.1,March,Thursday,22,Local,0
1711656000,2024-03-28 23:00:00,2024-03-28,23:00:00,8445,1,0,0,1,0,228.5,228.2,300.0,0.1,March,Thursday,23,Local,0
1711656900,2024-03-28 23:15:00,2024-03-28,23:15:00,8446,0,0,0,1,0,231.1,228.6,150.0,0.1,March,Thursday,23,Local,0
1711657800,2024-03-28 23:30:00,2024-03-28,23:30:00,8447,0,0,0,1,0,233.0,235.2,150.0,0.1,March,Thursday,23,Local,0
1711658700,2024-03-28 23:45:00,2024-03-28,23:45:00,8448,0,0,0,0,0,232.3,233.0,0.0,0.1,March,Thursday,23,Local,0
1711659600,2024-03-29 00:00:00,2024-03-29,00:00:00,8449,0,0,0,1,0,232.7,230.5,150.0,0.1,March,Friday,0,Local,0
1711660500,2024-03-29 00:15:00,2024-03-29,00:15:00,8450,0,0,0,1,0,227.0,226.4,150.0,0.1,March,Friday,0,Local,0
1711661400,2024-03-29 00:30:00,2024-03-29,00:30:00,8451,0,0,0,1,0,231.4,228.7,150.0,0.1,March,Friday,0,Local,0
1711662300,2024-03-29 00:45:00,2024-03-29,00:45:00,8452,0,0,0,1,0,232.1,233.9,150.0,0.1,March,Friday,0,Local,0
1711663200,2024-03-29 01:00:00,2024-03-29,01:00:00,8453,0,0,0,0,0,225.5,225.2,0.0,0.1,March,Friday,1,Local,0
1711664100,2024-03-29 01:15:00,2024-03-29,01:15:00,8454,0,0,0,1,0,229.8,224.1,150.0,0.1,March,Friday,1,Local,0
1711665000,2024-03-29 01:30:00,2024-03-29,01:30:00,8455,0,0,0,1,0,226.2,227.7,150.0,0.1,March,Friday,1,Local,0
1711665900,2024-03-29 01:45:00,2024-03-29,01:45:00,8456,0,0,0,0,0,231.6,229.1,0.0,0.1,March,Friday,1,Local,0
1711666800,2024-03-29 02:00:00,2024-03-29,02:00:00,8457,0,0,0,1,0,227.5,223.7,150.0,0.1,March,Friday,2,Local,0
1711667700,2024-03-29 02:15:00,2024-03-29,02:15:00,8458,0,0,0,0,0,232.9,236.6,0.0,0.1,March,Friday,2,Local,0
1711668600,2024-03-29 02:30:00,2024-03-29,02:30:00,8459,0,0,0,1,0,235.9,235.9,150.0,0.1,March,Friday,2,Local,0
1711669500,2024-03-29 02:45:00,2024-03-29,02:45:00,8460,0,0,0,0,0,234.5,233.6,0.0,0.1,March,Friday,2,Local,0
1711670400,2024-03-29 03:00:00,2024-03-29,03:00:00,8461,0,0,0,1,0,232.4,231.2,150.0,0.1,March,Friday,3,Local,0
1711671300,2024-03-29 03:15:00,2024-03-29,03:15:00,8462,0,0,0,1,0,227.3,226.8,150.0,0.1,March,Friday,3,Local,0
1711672200,2024-03-29 03:30:00,2024-03-29,03:30:00,8463,0,0,0,1,0,230.7,233.0,150.0,0.1,March,Friday,3,Local,0
1711673100,2024-03-29 03:45:00,2024-03-29,03:45:00,8464,0,0,0,0,0,234.3,236.4,0.0,0.1,March,Friday,3,Local,0
1711674000,2024-03-29 04:00:00,2024-03-29,04:00:00,8465,0,0,0,1,0,228.1,229.6,150.0,0.1,March,Friday,4,Local,0
1711674900,2024-03-29 04:15:00,2024-03-29,04:15:00,8466,0,0,0,1,0,228.4,229.7,150.0,0.1,March,Friday,4,Local,0
1711675800,2024-03-29 04:30:00,2024-03-29,04:30:00,8467,0,0,0,1,0,227.6,227.5,150.0,0.1,March,Friday,4,Local,0
1711676700,2024-03-29 04:45:00,2024-03-29,04:45:00,8468,0,0,0,0,0,230.6,231.3,0.0,0.1,March,Friday,4,Local,0
1711677600,2024-03-29 05:00:00,2024-03-29,05:00:00,8469,0,0,0,1,0,226.0,228.9,150.0,0.1,March,Friday,5,Local,0
1711678500,2024-03-29 05:15:00,2024-03-29,05:15:00,8470,0,0,0,1,0,232.8,232.9,150.0,0.1,March,Friday,5,Local,0
1711679400,2024-03-29 05:30:00,2024-03-29,05:30:00,8471,0,0,0,1,0,227.1,229.6,150.0,0.1,March,Friday,5,Local,0
1711680300,2024-03-29 05:45:00,2024-03-29,05:45:00,8472,0,0,0,1,0,232.8,236.9,150.0,0.1,March,Friday,5,Local,0
1711681200,2024-03-29 06:00:00,2024-03-29,06:00:00,8473,0,0,0,1,0,232.1,231.4,150.0,0.1,March,Friday,6,Local,0
1711682100,2024-03-29 06:15:00,2024-03-29,06:15:00,8474,0,0,0,1,0,236.1,237.3,150.0,0.1,March,Friday,6,Local,0
1711683000,2024-03-29 06:30:00,2024-03-29,06:30:00,8475,0,0,0,1,1,229.1,228.7,1350.0,0.2855,March,Friday,6,Local,0
1711683900,2024-03-29 06:45:00,2024-03-29,06:45:00,8476,0,0,0,1,0,223.5,223.7,650.0,0.1556,March,Friday,6,Local,0
1711684800,2024-03-29 07:00:00,2024-03-29,07:00:00,8477,0,1,0,0,0,228.2,227.1,2500.0,0.5758,March,Friday,7,Local,0
1711685700,2024-03-29 07:15:00,2024-03-29,07:15:00,8478,0,0,0,1,0,229.3,231.4,950.0,0.2376,March,Friday,7,Local,0
1711686600,2024-03-29 07:30:00,2024-03-29,07:30:00,8479,0,0,0,1,0,224.7,226.0,150.0,0.1,March,Friday,7,Local,0
1711687500,2024-03-29 07:45:00,2024-03-29,07:45:00,8480,0,0,0,1,0,232.0,232.5,150.0,0.1,March,Friday,7,Local,0
1711688400,2024-03-29 08:00:00,2024-03-29,08:00:00,8481,0,1,1,1,0,231.6,229.8,5650.0,1.516,March,Friday,8,Local,0
1711689300,2024-03-29 08:15:00,2024-03-29,08:15:00,8482,0,0,0,1,0,235.7,234.2,150.0,0.1,March,Friday,8,Local,0
1711690200,2024-03-29 08:30:00,2024-03-29,08:30:00,8483,0,0,0,1,0,227.4,224.9,150.0,0.1,March,Friday,8,Local,0
1711691100,2024-03-29 08:45:00,2024-03-29,08:45:00,8484,0,0,1,0,0,229.5,228.3,3500.0,0.98,March,Friday,8,Local,0
1711692000,2024-03-29 09:00:00,2024-03-29,09:00:00,8485,0,0,0,1,0,227.6,227.9,150.0,0.1,March,Friday,9,Local,0
1711692900,2024-03-29 09:15:00,2024-03-29,09:15:00,8486,0,0,0,1,0,234.9,232.4,150.0,0.1,March,Friday,9,Local,0
1711693800,2024-03-29 09:30:00,2024-03-29,09:30:00,8487,0,0,0,1,0,227.7,228.8,150.0,0.1,March,Friday,9,Local,0
1711694700,2024-03-29 09:45:00,2024-03-29,09:45:00,8488,0,1,0,0,0,230.7,231.3,2500.0,0.7442,March,Friday,9,Local,0
1711695600,2024-03-29 10:00:00,2024-03-29,10:00:00,8489,0,0,0,1,0,226.5,227.8,150.0,0.1,March,Friday,10,Local,0
1711696500,2024-03-29 10:15:00,2024-03-29,10:15:00,8490,0,0,0,1,0,226.0,227.9,150.0,0.1,March,Friday,10,Local,0
1711697400,2024-03-29 10:30:00,2024-03-29,10:30:00,8491,0,0,0,1,0,228.5,226.7,150.0,0.1,March,Friday,10,Local,0
1711698300,2024-03-29 10:45:00,2024-03-29,10:45:00,8492,0,0,0,0,0,228.8,230.1,0.0,0.1,March,Friday,10,Local,0
1711699200,2024-03-29 11:00:00,2024-03-29,11:00:00,8493,0,0,0,1,0,225.0,227.2,150.0,0.1,March,Friday,11,Local,0
1711700100,2024-03-29 11:15:00,2024-03-29,11:15:00,8494,0,1,0,1,0,238.0,237.4,2650.0,0.6937,March,Friday,11,Local,0
1711701000,2024-03-29 11:30:00,2024-03-29,11:30:00,8495,0,0,0,0,0,224.0,223.3,0.0,0.1,March,Friday,11,Local,0
1711701900,2024-03-29 11:45:00,2024-03-29,11:45:00,8496,0,0,0,0,0,229.5,230.9,0.0,0.1,March,Friday,11,Local,0
1711702800,2024-03-29 12:00:00,2024-03-29,12:00:00,8497,1,0,1,1,0,224.6,226.8,3300.0,0.7948,March,Friday,12,Local,0
1711703700,2024-03-29 12:15:00,2024-03-29,12:15:00,8498,0,1,0,1,0,226.9,226.8,2650.0,0.5935,March,Friday,12,Local,0
1711704600,2024-03-29 12:30:00,2024-03-29,12:30:00,8499,0,0,0,1,1,229.9,230.7,1350.0,0.3087,March,Friday,12,Local,0
1711705500,2024-03-29 12:45:00,2024-03-29,12:45:00,8500,0,0,0,0,0,230.8,227.2,0.0,0.1,March,Friday,12,Local,0
1711706400,2024-03-29 13:00:00,2024-03-29,13:00:00,8501,0,0,0,1,0,229.5,228.3,150.0,0.1,March,Friday,13,Local,0
1711707300,2024-03-29 13:15:00,2024-03-29,13:15:00,8502,0,0,0,1,0,229.1,230.2,150.0,0.1,March,Friday,13,Local,0
1711708200,2024-03-29 13:30:00,2024-03-29,13:30:00,8503,0,0,0,0,0,226.9,229.1,0.0,0.1,March,Friday,13,Local,0
1711709100,2024-03-29 13:45:00,2024-03-29,13:45:00,8504,0,0,0,0,0,226.2,226.6,0.0,0.1,March,Friday,13,Local,0
1711710000,2024-03-29 14:00:00,2024-03-29,14:00:00,8505,0,0,0,1,0,229.2,230.2,150.0,0.1,March,Friday,14,Local,0
1711710900,2024-03-29 14:15:00,2024-03-29,14:15:00,8506,0,0,0,1,0,225.2,227.8,150.0,0.1,March,Friday,14,Local,0
1711711800,2024-03-29 14:30:00,2024-03-29,14:30:00,8507,0,0,0,1,1,231.3,232.8,1350.0,0.3398,March,Friday,14,Local,0
1711712700,2024-03-29 14:45:00,2024-03-29,14:45:00,8508,0,0,0,0,0,231.9,232.2,0.0,0.1,March,Friday,14,Local,0
1711713600,2024-03-29 15:00:00,2024-03-29,15:00:00,8509,0,0,0,1,0,230.5,230.6,150.0,0.1,March,Friday,15,Local,0
1711714500,2024-03-29 15:15:00,2024-03-29,15:15:00,8510,0,0,0,0,0,229.6,230.3,0.0,0.1,March,Friday,15,Local,0
1711715400,2024-03-29 15:30:00,2024-03-29,15:30:00,8511,0,0,0,0,0,231.0,232.1,0.0,0.1,March,Friday,15,Local,0
1711716300,2024-03-29 15:45:00,2024-03-29,15:45:00,8512,0,1,0,0,0,226.7,223.1,2500.0,0.6345,March,Friday,15,Local,0
1711717200,2024-03-29 16:00:00,2024-03-29,16:00:00,8513,0,0,1,0,0,229.9,228.6,3000.0,0.7385,March,Friday,16,Local,0
1711718100,2024-03-29 16:15:00,2024-03-29,16:15:00,8514,0,1,1,1,0,225.3,223.6,5650.0,1.4792,March,Friday,16,Local,0
1711719000,2024-03-29 16:30:00,2024-03-29,16:30:00,8515,1,0,0,1,0,230.3,229.8,300.0,0.1,March,Friday,16,Local,0
1711719900,2024-03-29 16:45:00,2024-03-29,16:45:00,8516,0,1,0,0,0,228.6,226.9,2500.0,0.559,March,Friday,16,Local,0
1711720800,2024-03-29 17:00:00,2024-03-29,17:00:00,8517,1,1,0,1,0,228.6,224.8,2800.0,0.7278,March,Friday,17,Local,0
1711721700,2024-03-29 17:15:00,2024-03-29,17:15:00,8518,1,0,1,1,0,227.3,227.3,3300.0,0.7802,March,Friday,17,Local,0
1711722600,2024-03-29 17:30:00,2024-03-29,17:30:00,8519,0,1,1,0,0,230.0,231.3,5500.0,1.2043,March,Friday,17,Local,0
1711723500,2024-03-29 17:45:00,2024-03-29,17:45:00,8520,0,0,1,0,0,225.8,229.9,3000.0,0.8291,March,Friday,17,Local,0
1711724400,2024-03-29 18:00:00,2024-03-29,18:00:00,8521,1,0,0,1,0,228.4,228.4,300.0,0.1,March,Friday,18,Local,0
1711725300,2024-03-29 18:15:00,2024-03-29,18:15:00,8522,1,0,1,0,1,227.7,227.6,4350.0,2.4722,March,Friday,18,Local,1
1711726200,2024-03-29 18:30:00,2024-03-29,18:30:00,8523,1,0,1,1,0,224.9,228.4,3300.0,0.7733,March,Friday,18,Local,0
1711727100,2024-03-29 18:45:00,2024-03-29,18:45:00,8524,0,0,1,0,0,229.6,230.4,3000.0,0.8338,March,Friday,18,Local,0
1711728000,2024-03-29 19:00:00,2024-03-29,19:00:00,8525,1,0,1,0,0,230.9,227.7,5150.0,1.2758,March,Friday,19,Local,0
1711728900,2024-03-29 19:15:00,2024-03-29,19:15:00,8526,0,0,1,1,0,231.1,227.8,3150.0,0.751,March,Friday,19,Local,0
1711729800,2024-03-29 19:30:00,2024-03-29,19:30:00,8527,1,0,1,1,1,227.4,228.2,4500.0,1.3057,March,Friday,19,Local,0
1711730700,2024-03-29 19:45:00,2024-03-29,19:45:00,8528,0,0,0,0,0,232.0,233.8,0.0,0.1,March,Friday,19,Local,0
1711731600,2024-03-29 20:00:00,2024-03-29,20:00:00,8529,1,1,0,1,0,225.1,226.1,2800.0,0.6239,March,Friday,20,Local,0
1711732500,2024-03-29 20:15:00,2024-03-29,20:15:00,8530,1,1,1,1,0,228.3,226.3,7800.0,1.4025,March,Friday,20,Local,0
1711733400,2024-03-29 20:30:00,2024-03-29,20:30:00,8531,0,0,1,1,0,232.4,231.8,3150.0,0.9364,March,Friday,20,Local,0
1711734300,2024-03-29 20:45:00,2024-03-29,20:45:00,8532,1,0,1,0,0,230.9,230.9,3150.0,0.7487,March,Friday,20,Local,0
1711735200,2024-03-29 21:00:00,2024-03-29,21:00:00,8533,1,0,0,1,0,230.1,225.3,300.0,0.1,March,Friday,21,Local,0
1711736100,2024-03-29 21:15:00,2024-03-29,21:15:00,8534,1,0,0,1,0,225.4,225.2,300.0,0.1,March,Friday,21,Local,0
1711737000,2024-03-29 21:30:00,2024-03-29,21:30:00,8535,1,0,0,1,1,231.4,232.9,1500.0,0.309,March,Friday,21,Local,0
1711737900,2024-03-29 21:45:00,2024-03-29,21:45:00,8536,1,0,0,0,0,228.7,232.1,150.0,0.1,March,Friday,21,Local,0
1711738800,2024-03-29 22:00:00,2024-03-29,22:00:00,8537,0,0,0,1,0,227.0,226.7,150.0,0.1,March,Friday,22,Local,0
1711739700,2024-03-29 22:15:00,2024-03-29,22:15:00,8538,0,0,0,1,0,228.5,232.3,150.0,0.1,March,Friday,22,Local,0
1711740600,2024-03-29 22:30:00,2024-03-29,22:30:00,8539,1,0,0,1,0,229.1,229.4,300.0,0.1,March,Friday,22,Local,0
1711741500,2024-03-29 22:45:00,2024-03-29,22:45:00,8540,1,0,0,0,0,233.4,234.2,150.0,0.1,March,Friday,22,Local,0
1711742400,2024-03-29 23:00:00,2024-03-29,23:00:00,8541,0,0,0,1,1,230.7,231.9,1350.0,0.3114,March,Friday,23,Local,0
1711743300,2024-03-29 23:15:00,2024-03-29,23:15:00,8542,0,0,0,1,0,228.9,226.8,150.0,0.1,March,Friday,23,Local,0
1711744200,2024-03-29 23:30:00,2024-03-29,23:30:00,8543,0,0,0,1,0,229.5,229.5,150.0,0.1,March,Friday,23,Local,0
1711745100,2024-03-29 23:45:00,2024-03-29,23:45:00,8544,0,0,0,1,0,234.5,231.4,150.0,0.1,March,Friday,23,Local,0
1711746000,2024-03-30 00:00:00,2024-03-30,00:00:00,8545,0,0,0,1,0,232.2,234.4,150.0,0.1,March,Saturday,0,Local,0
1711746900,2024-03-30 00:15:00,2024-03-30,00:15:00,8546,0,0,0,1,0,226.7,225.9,150.0,0.1,March,Saturday,0,Local,0
1711747800,2024-03-30 00:30:00,2024-03-30,00:30:00,8547,0,0,0,0,0,229.9,232.0,0.0,0.1,March,Saturday,0,Local,0
1711748700,2024-03-30 00:45:00,2024-03-30,00:45:00,8548,0,0,0,1,0,226.2,225.7,150.0,0.1,March,Saturday,0,Local,0
1711749600,2024-03-30 01:00:00,2024-03-30,01:00:00,8549,0,0,0,1,0,230.2,228.3,150.0,0.1,March,Saturday,1,Local,0
1711750500,2024-03-30 01:15:00,2024-03-30,01:15:00,8550,1,0,0,1,0,223.5,228.0,300.0,0.1,March,Saturday,1,Local,0
1711751400,2024-03-30 01:30:00,2024-03-30,01:30:00,8551,0,0,0,1,0,229.0,224.9,150.0,0.1,March,Saturday,1,Local,0
1711752300,2024-03-30 01:45:00,2024-03-30,01:45:00,8552,0,0,0,0,0,230.5,230.0,0.0,0.1,March,Saturday,1,Local,0
1711753200,2024-03-30 02:00:00,2024-03-30,02:00:00,8553,0,0,0,1,0,230.8,230.1,150.0,0.1,March,Saturday,2,Local,0
1711754100,2024-03-30 02:15:00,2024-03-30,02:15:00,8554,1,0,0,1,0,229.2,230.0,300.0,0.1,March,Saturday,2,Local,0
1711755000,2024-03-30 02:30:00,2024-03-30,02:30:00,8555,0,0,0,1,0,232.6,230.2,150.0,0.1,March,Saturday,2,Local,0
1711755900,2024-03-30 02:45:00,2024-03-30,02:45:00,8556,0,0,0,0,0,227.6,224.1,0.0,0.1,March,Saturday,2,Local,0
1711756800,2024-03-30 03:00:00,2024-03-30,03:00:00,8557,0,0,0,1,0,231.0,232.2,150.0,0.1,March,Saturday,3,Local,0
1711757700,2024-03-30 03:15:00,2024-03-30,03:15:00,8558,0,0,0,1,0,228.6,228.9,150.0,0.1,March,Saturday,3,Local,0
1711758600,2024-03-30 03:30:00,2024-03-30,03:30:00,8559,0,0,0,1,0,231.6,233.1,150.0,0.1,March,Saturday,3,Local,0
1711759500,2024-03-30 03:45:00,2024-03-30,03:45:00,8560,0,0,0,0,0,232.2,233.2,0.0,0.1,March,Saturday,3,Local,0
1711760400,2024-03-30 04:00:00,2024-03-30,04:00:00,8561,0,0,0,1,0,229.9,231.0,150.0,0.1,March,Saturday,4,Local,0
1711761300,2024-03-30 04:15:00,2024-03-30,04:15:00,8562,0,0,0,1,0,229.9,229.9,150.0,0.1,March,Saturday,4,Local,0
1711762200,2024-03-30 04:30:00,2024-03-30,04:30:00,8563,0,0,0,1,0,229.0,231.6,150.0,0.1,March,Saturday,4,Local,0
1711763100,2024-03-30 04:45:00,2024-03-30,04:45:00,8564,0,0,0,0,0,227.5,224.7,0.0,0.1,March,Saturday,4,Local,0
1711764000,2024-03-30 05:00:00,2024-03-30,05:00:00,8565,0,0,0,1,0,230.7,233.1,150.0,0.1,March,Saturday,5,Local,0
1711764900,2024-03-30 05:15:00,2024-03-30,05:15:00,8566,0,0,0,1,0,229.0,230.7,150.0,0.1,March,Saturday,5,Local,0
1711765800,2024-03-30 05:30:00,2024-03-30,05:30:00,8567,0,0,0,1,0,237.5,242.6,1650.0,0.4164,March,Saturday,5,Local,0
1711766700,2024-03-30 05:45:00,2024-03-30,05:45:00,8568,0,0,0,0,0,229.9,228.1,0.0,0.1,March,Saturday,5,Local,0
1711767600,2024-03-30 06:00:00,2024-03-30,06:00:00,8569,1,0,0,1,0,232.0,229.1,300.0,0.1,March,Saturday,6,Local,0
1711768500,2024-03-30 06:15:00,2024-03-30,06:15:00,8570,0,0,0,1,0,226.3,223.3,150.0,0.1,March,Saturday,6,Local,0
1711769400,2024-03-30 06:30:00,2024-03-30,06:30:00,8571,0,0,0,1,0,227.5,226.2,150.0,0.1,March,Saturday,6,Local,0
1711770300,2024-03-30 06:45:00,2024-03-30,06:45:00,8572,0,0,0,0,0,237.0,241.4,0.0,0.1,March,Saturday,6,Local,0
1711771200,2024-03-30 07:00:00,2024-03-30,07:00:00,8573,0,0,0,1,0,232.1,232.7,150.0,0.1,March,Saturday,7,Local,0
1711772100,2024-03-30 07:15:00,2024-03-30,07:15:00,8574,0,0,0,1,0,226.8,225.8,150.0,0.1,March,Saturday,7,Local,0
1711773000,2024-03-30 07:30:00,2024-03-30,07:30:00,8575,0,0,0,1,0,224.1,225.7,150.0,0.1,March,Saturday,7,Local,0
1711773900,2024-03-30 07:45:00,2024-03-30,07:45:00,8576,0,0,0,0,0,232.1,230.4,0.0,0.1,March,Saturday,7,Local,0
1711774800,2024-03-30 08:00:00,2024-03-30,08:00:00,8577,1,0,0,1,0,229.7,227.2,300.0,0.1,March,Saturday,8,Local,0
1711775700,2024-03-30 08:15:00,2024-03-30,08:15:00,8578,1,0,0,1,0,229.4,230.1,300.0,0.1,March,Saturday,8,Local,0
1711776600,2024-03-30 08:30:00,2024-03-30,08:30:00,8579,0,0,0,1,0,229.7,230.2,1650.0,0.364,March,Saturday,8,Local,0
1711777500,2024-03-30 08:45:00,2024-03-30,08:45:00,8580,0,0,0,0,0,231.1,231.1,0.0,0.1,March,Saturday,8,Local,0
1711778400,2024-03-30 09:00:00,2024-03-30,09:00:00,8581,0,0,0,1,0,229.5,227.2,150.0,0.1,March,Saturday,9,Local,0
1711779300,2024-03-30 09:15:00,2024-03-30,09:15:00,8582,0,0,0,1,0,228.4,227.2,150.0,0.1,March,Saturday,9,Local,0
1711780200,2024-03-30 09:30:00,2024-03-30,09:30:00,8583,0,0,0,1,0,232.8,233.3,150.0,0.1,March,Saturday,9,Local,0
1711781100,2024-03-30 09:45:00,2024-03-30,09:45:00,8584,0,0,0,0,0,229.8,229.9,0.0,0.1,March,Saturday,9,Local,0
1711782000,2024-03-30 10:00:00,2024-03-30,10:00:00,8585,0,0,0,0,0,232.3,231.8,0.0,0.1,March,Saturday,10,Local,0
1711782900,2024-03-30 10:15:00,2024-03-30,10:15:00,8586,1,0,0,1,0,234.4,233.9,300.0,0.1,March,Saturday,10,Local,0
1711783800,2024-03-30 10:30:00,2024-03-30,10:30:00,8587,0,0,0,1,0,229.9,230.4,150.0,0.1,March,Saturday,10,Local,0
1711784700,2024-03-30 10:45:00,2024-03-30,10:45:00,8588,0,0,0,0,0,232.1,230.1,0.0,0.1,March,Saturday,10,Local,0
1711785600,2024-03-30 11:00:00,2024-03-30,11:00:00,8589,1,1,0,0,0,230.9,231.3,2650.0,0.611,March,Saturday,11,Local,0
1711786500,2024-03-30 11:15:00,2024-03-30,11:15:00,8590,0,0,0,1,0,228.1,229.7,150.0,0.1,March,Saturday,11,Local,0
1711787400,2024-03-30 11:30:00,2024-03-30,11:30:00,8591,0,0,1,1,0,232.4,232.2,3150.0,0.886,March,Saturday,11,Local,0
1711788300,2024-03-30 11:45:00,2024-03-30,11:45:00,8592,0,0,0,0,0,226.6,225.8,0.0,0.1,March,Saturday,11,Local,0
1711789200,2024-03-30 12:00:00,2024-03-30,12:00:00,8593,0,0,1,1,0,229.7,235.8,3150.0,0.8233,March,Saturday,12,Local,0
1711790100,2024-03-30 12:15:00,2024-03-30,12:15:00,8594,0,0,0,1,1,229.9,231.3,1350.0,0.3202,March,Saturday,12,Local,0
1711791000,2024-03-30 12:30:00,2024-03-30,12:30:00,8595,0,0,0,1,0,228.1,226.8,150.0,0.1,March,Saturday,12,Local,0
1711791900,2024-03-30 12:45:00,2024-03-30,12:45:00,8596,0,1,0,0,0,233.5,231.2,2500.0,0.5798,March,Saturday,12,Local,0
1711792800,2024-03-30 13:00:00,2024-03-30,13:00:00,8597,0,0,0,1,0,227.6,228.7,150.0,0.1,March,Saturday,13,Local,0
1711793700,2024-03-30 13:15:00,2024-03-30,13:15:00,8598,0,0,0,0,0,224.6,223.0,0.0,0.1,March,Saturday,13,Local,0
1711794600,2024-03-30 13:30:00,2024-03-30,13:30:00,8599,0,0,0,1,0,232.3,230.3,150.0,0.1,March,Saturday,13,Local,0
1711795500,2024-03-30 13:45:00,2024-03-30,13:45:00,8600,0,0,0,0,0,230.7,230.5,0.0,0.1,March,Saturday,13,Local,0
1711796400,2024-03-30 14:00:00,2024-03-30,14:00:00,8601,1,0,0,0,0,228.8,230.3,150.0,0.1,March,Saturday,14,Local,0
1711797300,2024-03-30 14:15:00,2024-03-30,14:15:00,8602,1,0,0,1,1,229.9,230.0,1500.0,0.3736,March,Saturday,14,Local,0
1711798200,2024-03-30 14:30:00,2024-03-30,14:30:00,8603,0,0,0,1,0,224.1,223.2,150.0,0.1,March,Saturday,14,Local,0
1711799100,2024-03-30 14:45:00,2024-03-30,14:45:00,8604,0,0,1,1,0,228.5,228.1,3150.0,0.6802,March,Saturday,14,Local,0
1711800000,2024-03-30 15:00:00,2024-03-30,15:00:00,8605,1,0,0,1,0,229.6,225.3,300.0,0.1,March,Saturday,15,Local,0
1711800900,2024-03-30 15:15:00,2024-03-30,15:15:00,8606,1,0,0,1,0,231.5,233.2,300.0,0.1,March,Saturday,15,Local,0
1711801800,2024-03-30 15:30:00,2024-03-30,15:30:00,8607,0,0,0,0,0,229.1,229.9,0.0,0.1,March,Saturday,15,Local,0
1711802700,2024-03-30 15:45:00,2024-03-30,15:45:00,8608,0,0,0,0,0,229.3,226.5,0.0,0.1,March,Saturday,15,Local,0
1711803600,2024-03-30 16:00:00,2024-03-30,16:00:00,8609,0,0,0,1,0,229.5,227.8,150.0,0.1,March,Saturday,16,Local,0
1711804500,2024-03-30 16:15:00,2024-03-30,16:15:00,8610,0,1,0,1,0,234.2,232.0,2650.0,0.7191,March,Saturday,16,Local,0
1711805400,2024-03-30 16:30:00,2024-03-30,16:30:00,8611,0,0,1,1,0,230.8,232.7,3150.0,0.8824,March,Saturday,16,Local,0
1711806300,2024-03-30 16:45:00,2024-03-30,16:45:00,8612,0,0,0,0,0,231.0,230.8,0.0,0.1,March,Saturday,16,Local,0
1711807200,2024-03-30 17:00:00,2024-03-30,17:00:00,8613,0,1,0,1,0,232.1,230.8,2650.0,0.666,March,Saturday,17,Local,0
1711808100,2024-03-30 17:15:00,2024-03-30,17:15:00,8614,0,0,0,1,0,230.7,231.2,150.0,0.1,March,Saturday,17,Local,0
1711809000,2024-03-30 17:30:00,2024-03-30,17:30:00,8615,0,1,1,1,0,227.4,228.8,5650.0,1.4719,March,Saturday,17,Local,0
1711809900,2024-03-30 17:45:00,2024-03-30,17:45:00,8616,1,1,0,0,0,229.5,230.7,2650.0,0.6693,March,Saturday,17,Local,0
1711810800,2024-03-30 18:00:00,2024-03-30,18:00:00,8617,1,0,0,1,1,226.0,226.7,1500.0,0.3304,March,Saturday,18,Local,0
1711811700,2024-03-30 18:15:00,2024-03-30,18:15:00,8618,1,0,1,1,0,227.6,224.2,3300.0,0.7427,March,Saturday,18,Local,0
1711812600,2024-03-30 18:30:00,2024-03-30,18:30:00,8619,1,0,1,1,0,226.5,225.7,3300.0,0.873,March,Saturday,18,Local,0
1711813500,2024-03-30 18:45:00,2024-03-30,18:45:00,8620,1,0,1,0,0,231.3,228.5,3150.0,0.8112,March,Saturday,18,Local,0
1711814400,2024-03-30 19:00:00,2024-03-30,19:00:00,8621,1,0,0,1,0,229.6,225.0,300.0,0.1,March,Saturday,19,Local,0
1711815300,2024-03-30 19:15:00,2024-03-30,19:15:00,8622,1,0,0,1,0,227.9,229.1,300.0,0.1,March,Saturday,19,Local,0
1711816200,2024-03-30 19:30:00,2024-03-30,19:30:00,8623,1,0,1,1,0,225.1,222.7,3300.0,0.7807,March,Saturday,19,Local,0
1711817100,2024-03-30 19:45:00,2024-03-30,19:45:00,8624,1,0,0,0,1,227.8,227.6,1350.0,0.2985,March,Saturday,19,Local,0
1711818000,2024-03-30 20:00:00,2024-03-30,20:00:00,8625,1,0,0,0,0,231.1,231.6,150.0,0.1,March,Saturday,20,Local,0
1711818900,2024-03-30 20:15:00,2024-03-30,20:15:00,8626,1,0,1,1,0,226.3,225.0,3300.0,0.8403,March,Saturday,20,Local,0
1711819800,2024-03-30 20:30:00,2024-03-30,20:30:00,8627,1,0,1,1,0,228.1,228.4,3300.0,0.7318,March,Saturday,20,Local,0
1711820700,2024-03-30 20:45:00,2024-03-30,20:45:00,8628,1,0,0,0,0,228.1,228.3,150.0,0.1,March,Saturday,20,Local,0
1711821600,2024-03-30 21:00:00,2024-03-30,21:00:00,8629,1,0,0,1,0,226.6,226.6,300.0,0.1,March,Saturday,21,Local,0
1711822500,2024-03-30 21:15:00,2024-03-30,21:15:00,8630,1,0,0,1,0,230.9,229.5,300.0,0.1,March,Saturday,21,Local,0
1711823400,2024-03-30 21:30:00,2024-03-30,21:30:00,8631,1,0,0,1,1,230.3,228.6,1500.0,0.3532,March,Saturday,21,Local,0
1711824300,2024-03-30 21:45:00,2024-03-30,21:45:00,8632,1,1,0,0,0,224.1,220.0,2650.0,0.5178,March,Saturday,21,Local,0
1711825200,2024-03-30 22:00:00,2024-03-30,22:00:00,8633,1,0,1,1,0,229.5,232.4,3300.0,0.7555,March,Saturday,22,Local,0
1711826100,2024-03-30 22:15:00,2024-03-30,22:15:00,8634,1,0,0,1,0,228.5,226.5,2300.0,0.5306,March,Saturday,22,Local,0
1711827000,2024-03-30 22:30:00,2024-03-30,22:30:00,8635,1,0,1,0,0,236.4,238.5,3150.0,0.8136,March,Saturday,22,Local,0
1711827900,2024-03-30 22:45:00,2024-03-30,22:45:00,8636,1,0,0,0,0,231.3,231.8,150.0,0.1,March,Saturday,22,Local,0
1711828800,2024-03-30 23:00:00,2024-03-30,23:00:00,8637,0,0,0,1,0,233.8,232.8,950.0,0.2137,March,Saturday,23,Local,0
1711829700,2024-03-30 23:15:00,2024-03-30,23:15:00,8638,1,0,0,1,0,230.1,231.2,300.0,0.1,March,Saturday,23,Local,0
1711830600,2024-03-30 23:30:00,2024-03-30,23:30:00,8639,1,0,0,1,0,230.6,229.1,300.0,0.1,March,Saturday,23,Local,0
1711831500,2024-03-30 23:45:00,2024-03-30,23:45:00,8640,0,0,0,0,0,229.0,229.4,0.0,0.1,March,Saturday,23,Local,0
